BANK 00
------00--01--02--03--04--05--06--07-|-08--09--0A--0B--0C--0D--0E--0F-
----------------------------------------------------------------------
-00-  00  00  00  00  00  00  00  00 | 00  00  00  00  00  00  00  00 
-10-  00  00  00  00  00  00  00  00 | 00  00  00  00  00  00  00  00 
-20-  00  00  00  00  00  00  00  00 | 00  00  00  00  00  00  00  00 
-30-  00  00  00  00  00  00  00  00 | 00  00  00  00  00  00  00  00 
-40-  00  00  00  00  00  00  00  00 | 00  00  00  00  00  00  00  00 
-50-  00  00  00  00  00  00  00  00 | 00  00  00  00  00  00  00  00 
-60-  00  00  00  00  00  00  00  00 | 00  00  00  00  00  00  00  00 
-70-  00  00  00  00  00  00  00  00 | 00  00  00  00  00  00  00  00 
-80-  00  00  00  00  00  00  00  00 | 00  00  00  00  00  00  00  00 
-90-  00  00  00  00  00  00  00  00 | 00  00  00  00  00  00  00  00 
-A0-  00  00  00  00  00  00  00  00 | 00  00  00  00  00  00  00  00 
-B0-  00  00  00  00  00  00  00  00 | 00  00  00  00  00  00  00  00 
-C0-  00  00  00  00  00  00  00  00 | 00  00  00  00  00  00  00  00 
-D0-  00  00  00  00  00  00  00  00 | 00  00  00  00  00  00  00  00 
-E0-  00  00  00  00  00  00  00  00 | 00  00  00  00  00  00  00  00 
-F0-  00  00  00  00  00  00  00  00 | 00  00  00  00  00  00  00  00 



BANK 01
------00--01--02--03--04--05--06--07-|-08--09--0A--0B--0C--0D--0E--0F-
----------------------------------------------------------------------
-00-  00  00  00  00  00  00  00  00 | 00  00  00  00  00  00  00  00 
-10-  00  00  00  00  00  00  00  00 | 00  00  00  00  00  00  00  00 
-20-  00  00  00  00  00  00  00  00 | 00  00  00  00  00  00  00  00 
-30-  00  00  00  00  00  00  00  00 | 00  00  00  00  00  00  00  00 
-40-  00  00  00  00  00  00  00  00 | 00  00  00  00  00  00  00  00 
-50-  00  00  00  00  00  00  00  00 | 00  00  00  00  00  00  00  00 
-60-  00  00  00  00  00  00  00  00 | 00  00  00  00  00  00  00  00 
-70-  00  00  00  00  00  00  00  00 | 00  00  00  00  00  00  00  00 
-80-  00  00  00  00  00  00  00  00 | 00  00  00  00  00  00  00  00 
-90-  00  00  00  00  00  00  00  00 | 00  00  00  00  00  00  00  00 
-A0-  00  00  00  00  00  00  00  00 | 00  00  00  00  00  00  00  00 
-B0-  00  00  00  00  00  00  00  00 | 00  00  00  00  00  00  00  00 
-C0-  00  00  00  00  00  00  00  00 | 00  00  00  00  00  00  00  00 
-D0-  00  00  00  00  00  00  00  00 | 00  00  00  00  00  00  00  00 
-E0-  00  00  00  00  00  00  00  00 | 00  00  00  00  00  00  00  00 
-F0-  00  00  00  00  00  00  00  00 | 00  00  00  00  00  00  00  00 



BANK 02
------00--01--02--03--04--05--06--07-|-08--09--0A--0B--0C--0D--0E--0F-
----------------------------------------------------------------------
-00-  00  00  00  00  00  00  00  00 | 00  00  00  00  00  00  00  00 
-10-  00  00  00  00  00  00  00  00 | 00  00  00  00  00  00  00  00 
-20-  00  00  00  00  00  00  00  00 | 00  00  00  00  00  00  00  00 
-30-  00  00  00  00  00  00  00  00 | 00  00  00  00  00  00  00  00 
-40-  00  00  00  00  00  00  00  00 | 00  00  00  00  00  00  00  00 
-50-  00  00  00  00  00  00  00  00 | 00  00  00  00  00  00  00  00 
-60-  00  00  00  00  00  00  00  00 | 00  00  00  00  00  00  00  00 
-70-  00  00  00  00  00  00  00  00 | 00  00  00  00  00  00  00  00 
-80-  00  00  00  00  00  00  00  00 | 00  00  00  00  00  00  00  00 
-90-  00  00  00  00  00  00  00  00 | 00  00  00  00  00  00  00  00 
-A0-  00  00  00  00  00  00  00  00 | 00  00  00  00  00  00  00  00 
-B0-  00  00  00  00  00  00  00  00 | 00  00  00  00  00  00  00  00 
-C0-  00  00  00  00  00  00  00  00 | 00  00  00  00  00  00  00  00 
-D0-  00  00  00  00  00  00  00  00 | 00  00  00  00  00  00  00  00 
-E0-  00  00  00  00  00  00  00  00 | 00  00  00  00  00  00  00  00 
-F0-  00  00  00  00  00  00  00  00 | 00  00  00  00  00  00  00  00 



BANK 03
------00--01--02--03--04--05--06--07-|-08--09--0A--0B--0C--0D--0E--0F-
----------------------------------------------------------------------
-00-  00  00  00  00  00  00  00  00 | 00  00  00  00  00  00  00  00 
-10-  00  00  00  00  00  00  00  00 | 00  00  00  00  00  00  00  00 
-20-  00  00  00  00  00  00  00  00 | 00  00  00  00  00  00  00  00 
-30-  00  00  00  00  00  00  00  00 | 00  00  00  00  00  00  00  00 
-40-  00  00  00  00  00  00  00  00 | 00  00  00  00  00  00  00  00 
-50-  00  00  00  00  00  00  00  00 | 00  00  00  00  00  00  00  00 
-60-  00  00  00  00  00  00  00  00 | 00  00  00  00  00  00  00  00 
-70-  00  00  00  00  00  00  00  00 | 00  00  00  00  00  00  00  00 
-80-  00  00  00  00  00  00  00  00 | 00  00  00  00  00  00  00  00 
-90-  00  00  00  00  00  00  00  00 | 00  00  00  00  00  00  00  00 
-A0-  00  00  00  00  00  00  00  00 | 00  00  00  00  00  00  00  00 
-B0-  00  00  00  00  00  00  00  00 | 00  00  00  00  00  00  00  00 
-C0-  00  00  00  00  00  00  00  00 | 00  00  00  00  00  00  00  00 
-D0-  00  00  00  00  00  00  00  00 | 00  00  00  00  00  00  00  00 
-E0-  00  00  00  00  00  00  00  00 | 00  00  00  00  00  00  00  00 
-F0-  00  00  00  00  00  00  00  00 | 00  00  00  00  00  00  00  00 



BANK 04
------00--01--02--03--04--05--06--07-|-08--09--0A--0B--0C--0D--0E--0F-
----------------------------------------------------------------------
-00-  00  00  00  00  00  00  00  00 | 00  00  00  00  00  00  00  00 
-10-  00  00  00  00  00  00  00  00 | 00  00  00  00  00  00  00  00 
-20-  00  00  00  00  00  00  00  00 | 00  00  00  00  00  00  00  00 
-30-  00  00  00  00  00  00  00  00 | 00  00  00  00  00  00  00  00 
-40-  00  00  00  00  00  00  00  00 | 00  00  00  00  00  00  00  00 
-50-  00  00  00  00  00  00  00  00 | 00  00  00  00  00  00  00  00 
-60-  00  00  00  00  00  00  00  00 | 00  00  00  00  00  00  00  00 
-70-  00  00  00  00  00  00  00  00 | 00  00  00  00  00  00  00  00 
-80-  00  00  00  00  00  00  00  00 | 00  00  00  00  00  00  00  00 
-90-  00  00  00  00  00  00  00  00 | 00  00  00  00  00  00  00  00 
-A0-  00  00  00  00  00  00  00  00 | 00  00  00  00  00  00  00  00 
-B0-  00  00  00  00  00  00  00  00 | 00  00  00  00  00  00  00  00 
-C0-  00  00  00  00  00  00  00  00 | 00  00  00  00  00  00  00  00 
-D0-  00  00  00  00  00  00  00  00 | 00  00  00  00  00  00  00  00 
-E0-  00  00  00  00  00  00  00  00 | 00  00  00  00  00  00  00  00 
-F0-  00  00  00  00  00  00  00  00 | 00  00  00  00  00  00  00  00 



BANK 05
------00--01--02--03--04--05--06--07-|-08--09--0A--0B--0C--0D--0E--0F-
----------------------------------------------------------------------
-00-  00  00  00  00  00  00  00  00 | 00  00  00  00  00  00  00  00 
-10-  00  00  00  00  00  00  00  00 | 00  00  00  00  00  00  00  00 
-20-  00  00  00  00  00  00  00  00 | 00  00  00  00  00  00  00  00 
-30-  00  00  00  00  00  00  00  00 | 00  00  00  00  00  00  00  00 
-40-  00  00  00  00  00  00  00  00 | 00  00  00  00  00  00  00  00 
-50-  00  00  00  00  00  00  00  00 | 00  00  00  00  00  00  00  00 
-60-  00  00  00  00  00  00  00  00 | 00  00  00  00  00  00  00  00 
-70-  00  00  00  00  00  00  00  00 | 00  00  00  00  00  00  00  00 
-80-  00  00  00  00  00  00  00  00 | 00  00  00  00  00  00  00  00 
-90-  00  00  00  00  00  00  00  00 | 00  00  00  00  00  00  00  00 
-A0-  00  00  00  00  00  00  00  00 | 00  00  00  00  00  00  00  00 
-B0-  00  00  00  00  00  00  00  00 | 00  00  00  00  00  00  00  00 
-C0-  00  00  00  00  00  00  00  00 | 00  00  00  00  00  00  00  00 
-D0-  00  00  00  00  00  00  00  00 | 00  00  00  00  00  00  00  00 
-E0-  00  00  00  00  00  00  00  00 | 00  00  00  00  00  00  00  00 
-F0-  00  00  00  00  00  00  00  00 | 00  00  00  00  00  00  00  00 



BANK 06
------00--01--02--03--04--05--06--07-|-08--09--0A--0B--0C--0D--0E--0F-
----------------------------------------------------------------------
-00-  00  00  00  00  00  00  00  00 | 00  00  00  00  00  00  00  00 
-10-  00  00  00  00  00  00  00  00 | 00  00  00  00  00  00  00  00 
-20-  00  00  00  00  00  00  00  00 | 00  00  00  00  00  00  00  00 
-30-  00  00  00  00  00  00  00  00 | 00  00  00  00  00  00  00  00 
-40-  00  00  00  00  00  00  00  00 | 00  00  00  00  00  00  00  00 
-50-  00  00  00  00  00  00  00  00 | 00  00  00  00  00  00  00  00 
-60-  00  00  00  00  00  00  00  00 | 00  00  00  00  00  00  00  00 
-70-  00  00  00  00  00  00  00  00 | 00  00  00  00  00  00  00  00 
-80-  00  00  00  00  00  00  00  00 | 00  00  00  00  00  00  00  00 
-90-  00  00  00  00  00  00  00  00 | 00  00  00  00  00  00  00  00 
-A0-  00  00  00  00  00  00  00  00 | 00  00  00  00  00  00  00  00 
-B0-  00  00  00  00  00  00  00  00 | 00  00  00  00  00  00  00  00 
-C0-  00  00  00  00  00  00  00  00 | 00  00  00  00  00  00  00  00 
-D0-  00  00  00  00  00  00  00  00 | 00  00  00  00  00  00  00  00 
-E0-  00  00  00  00  00  00  00  00 | 00  00  00  00  00  00  00  00 
-F0-  00  00  00  00  00  00  00  00 | 00  00  00  00  00  00  00  00 



BANK 07
------00--01--02--03--04--05--06--07-|-08--09--0A--0B--0C--0D--0E--0F-
----------------------------------------------------------------------
-00-  00  00  00  00  00  00  00  00 | 00  00  00  00  00  00  00  00 
-10-  00  00  00  00  00  00  00  00 | 00  00  00  00  00  00  00  00 
-20-  00  00  00  00  00  00  00  00 | 00  00  00  00  00  00  00  00 
-30-  00  00  00  00  00  00  00  00 | 00  00  00  00  00  00  00  00 
-40-  00  00  00  00  00  00  00  00 | 00  00  00  00  00  00  00  00 
-50-  00  00  00  00  00  00  00  00 | 00  00  00  00  00  00  00  00 
-60-  00  00  00  00  00  00  00  00 | 00  00  00  00  00  00  00  00 
-70-  00  00  00  00  00  00  00  00 | 00  00  00  00  00  00  00  00 
-80-  00  00  00  00  00  00  00  00 | 00  00  00  00  00  00  00  00 
-90-  00  00  00  00  00  00  00  00 | 00  00  00  00  00  00  00  00 
-A0-  00  00  00  00  00  00  00  00 | 00  00  00  00  00  00  00  00 
-B0-  00  00  00  00  00  00  00  00 | 00  00  00  00  00  00  00  00 
-C0-  00  00  00  00  00  00  00  00 | 00  00  00  00  00  00  00  00 
-D0-  00  00  00  00  00  00  00  00 | 00  00  00  00  00  00  00  00 
-E0-  00  00  00  00  00  00  00  00 | 00  00  00  00  00  00  00  00 
-F0-  00  00  00  00  00  00  00  00 | 00  00  00  00  00  00  00  00 



BANK 08
------00--01--02--03--04--05--06--07-|-08--09--0A--0B--0C--0D--0E--0F-
----------------------------------------------------------------------
-00-  00  00  00  00  00  00  00  00 | 00  00  00  00  00  00  00  00 
-10-  00  00  00  00  00  00  00  00 | 00  00  00  00  00  00  00  00 
-20-  00  00  00  00  00  00  00  00 | 00  00  00  00  00  00  00  00 
-30-  00  00  00  00  00  00  00  00 | 00  00  00  00  00  00  00  00 
-40-  00  00  00  00  00  00  00  00 | 00  00  00  00  00  00  00  00 
-50-  00  00  00  00  00  00  00  00 | 00  00  00  00  00  00  00  00 
-60-  00  00  00  00  00  00  00  00 | 00  00  00  00  00  00  00  00 
-70-  00  00  00  00  00  00  00  00 | 00  00  00  00  00  00  00  00 
-80-  00  00  00  00  00  00  00  00 | 00  00  00  00  00  00  00  00 
-90-  00  00  00  00  00  00  00  00 | 00  00  00  00  00  00  00  00 
-A0-  00  00  00  00  00  00  00  00 | 00  00  00  00  00  00  00  00 
-B0-  00  00  00  00  00  00  00  00 | 00  00  00  00  00  00  00  00 
-C0-  00  00  00  00  00  00  00  00 | 00  00  00  00  00  00  00  00 
-D0-  00  00  00  00  00  00  00  00 | 00  00  00  00  00  00  00  00 
-E0-  00  00  00  00  00  00  00  00 | 00  00  00  00  00  00  00  00 
-F0-  00  00  00  00  00  00  00  00 | 00  00  00  00  00  00  00  00 



BANK 09
------00--01--02--03--04--05--06--07-|-08--09--0A--0B--0C--0D--0E--0F-
----------------------------------------------------------------------
-00-  00  00  00  00  00  00  00  00 | 00  00  00  00  00  00  00  00 
-10-  00  00  00  00  00  00  00  00 | 00  00  00  00  00  00  00  00 
-20-  00  00  00  00  00  00  00  00 | 00  00  00  00  00  00  00  00 
-30-  00  00  00  00  00  00  00  00 | 00  00  00  00  00  00  00  00 
-40-  00  00  00  00  00  00  00  00 | 00  00  00  00  00  00  00  00 
-50-  00  00  00  00  00  00  00  00 | 00  00  00  00  00  00  00  00 
-60-  00  00  00  00  00  00  00  00 | 00  00  00  00  00  00  00  00 
-70-  00  00  00  00  00  00  00  00 | 00  00  00  00  00  00  00  00 
-80-  00  00  00  00  00  00  00  00 | 00  00  00  00  00  00  00  00 
-90-  00  00  00  00  00  00  00  00 | 00  00  00  00  00  00  00  00 
-A0-  00  00  00  00  00  00  00  00 | 00  00  00  00  00  00  00  00 
-B0-  00  00  00  00  00  00  00  00 | 00  00  00  00  00  00  00  00 
-C0-  00  00  00  00  00  00  00  00 | 00  00  00  00  00  00  00  00 
-D0-  00  00  00  00  00  00  00  00 | 00  00  00  00  00  00  00  00 
-E0-  00  00  00  00  00  00  00  00 | 00  00  00  00  00  00  00  00 
-F0-  00  00  00  00  00  00  00  00 | 00  00  00  00  00  00  00  00 



BANK 0A
------00--01--02--03--04--05--06--07-|-08--09--0A--0B--0C--0D--0E--0F-
----------------------------------------------------------------------
-00-  00  00  00  00  00  00  00  00 | 00  00  00  00  00  00  00  00 
-10-  00  00  00  00  00  00  00  00 | 00  00  00  00  00  00  00  00 
-20-  00  00  00  00  00  00  00  00 | 00  00  00  00  00  00  00  00 
-30-  00  00  00  00  00  00  00  00 | 00  00  00  00  00  00  00  00 
-40-  00  00  00  00  00  00  00  00 | 00  00  00  00  00  00  00  00 
-50-  00  00  00  00  00  00  00  00 | 00  00  00  00  00  00  00  00 
-60-  00  00  00  00  00  00  00  00 | 00  00  00  00  00  00  00  00 
-70-  00  00  00  00  00  00  00  00 | 00  00  00  00  00  00  00  00 
-80-  00  00  00  00  00  00  00  00 | 00  00  00  00  00  00  00  00 
-90-  00  00  00  00  00  00  00  00 | 00  00  00  00  00  00  00  00 
-A0-  00  00  00  00  00  00  00  00 | 00  00  00  00  00  00  00  00 
-B0-  00  00  00  00  00  00  00  00 | 00  00  00  00  00  00  00  00 
-C0-  00  00  00  00  00  00  00  00 | 00  00  00  00  00  00  00  00 
-D0-  00  00  00  00  00  00  00  00 | 00  00  00  00  00  00  00  00 
-E0-  00  00  00  00  00  00  00  00 | 00  00  00  00  00  00  00  00 
-F0-  00  00  00  00  00  00  00  00 | 00  00  00  00  00  00  00  00 



BANK 0B
------00--01--02--03--04--05--06--07-|-08--09--0A--0B--0C--0D--0E--0F-
----------------------------------------------------------------------
-00-  00  00  00  00  00  00  00  00 | 00  00  00  00  00  00  00  00 
-10-  00  00  00  00  00  00  00  00 | 00  00  00  00  00  00  00  00 
-20-  00  00  00  00  00  00  00  00 | 00  00  00  00  00  00  00  00 
-30-  00  00  00  00  00  00  00  00 | 00  00  00  00  00  00  00  00 
-40-  00  00  00  00  00  00  00  00 | 00  00  00  00  00  00  00  00 
-50-  00  00  00  00  00  00  00  00 | 00  00  00  00  00  00  00  00 
-60-  00  00  00  00  00  00  00  00 | 00  00  00  00  00  00  00  00 
-70-  00  00  00  00  00  00  00  00 | 00  00  00  00  00  00  00  00 
-80-  00  00  00  00  00  00  00  00 | 00  00  00  00  00  00  00  00 
-90-  00  00  00  00  00  00  00  00 | 00  00  00  00  00  00  00  00 
-A0-  00  00  00  00  00  00  00  00 | 00  00  00  00  00  00  00  00 
-B0-  00  00  00  00  00  00  00  00 | 00  00  00  00  00  00  00  00 
-C0-  00  00  00  00  00  00  00  00 | 00  00  00  00  00  00  00  00 
-D0-  00  00  00  00  00  00  00  00 | 00  00  00  00  00  00  00  00 
-E0-  00  00  00  00  00  00  00  00 | 00  00  00  00  00  00  00  00 
-F0-  00  00  00  00  00  00  00  00 | 00  00  00  00  00  00  00  00 



BANK 0C
------00--01--02--03--04--05--06--07-|-08--09--0A--0B--0C--0D--0E--0F-
----------------------------------------------------------------------
-00-  00  00  00  00  00  00  00  00 | 00  00  00  00  00  00  00  00 
-10-  00  00  00  00  00  00  00  00 | 00  00  00  00  00  00  00  00 
-20-  00  00  00  00  00  00  00  00 | 00  00  00  00  00  00  00  00 
-30-  00  00  00  00  00  00  00  00 | 00  00  00  00  00  00  00  00 
-40-  00  00  00  00  00  00  00  00 | 00  00  00  00  00  00  00  00 
-50-  00  00  00  00  00  00  00  00 | 00  00  00  00  00  00  00  00 
-60-  00  00  00  00  00  00  00  00 | 00  00  00  00  00  00  00  00 
-70-  00  00  00  00  00  00  00  00 | 00  00  00  00  00  00  00  00 
-80-  00  00  00  00  00  00  00  00 | 00  00  00  00  00  00  00  00 
-90-  00  00  00  00  00  00  00  00 | 00  00  00  00  00  00  00  00 
-A0-  00  00  00  00  00  00  00  00 | 00  00  00  00  00  00  00  00 
-B0-  00  00  00  00  00  00  00  00 | 00  00  00  00  00  00  00  00 
-C0-  00  00  00  00  00  00  00  00 | 00  00  00  00  00  00  00  00 
-D0-  00  00  00  00  00  00  00  00 | 00  00  00  00  00  00  00  00 
-E0-  00  00  00  00  00  00  00  00 | 00  00  00  00  00  00  00  00 
-F0-  00  00  00  00  00  00  00  00 | 00  00  00  00  00  00  00  00 



BANK 0D
------00--01--02--03--04--05--06--07-|-08--09--0A--0B--0C--0D--0E--0F-
----------------------------------------------------------------------
-00-  00  00  00  00  00  00  00  00 | 00  00  00  00  00  00  00  00 
-10-  00  00  00  00  00  00  00  00 | 00  00  00  00  00  00  00  00 
-20-  00  00  00  00  00  00  00  00 | 00  00  00  00  00  00  00  00 
-30-  00  00  00  00  00  00  00  00 | 00  00  00  00  00  00  00  00 
-40-  00  00  00  00  00  00  00  00 | 00  00  00  00  00  00  00  00 
-50-  00  00  00  00  00  00  00  00 | 00  00  00  00  00  00  00  00 
-60-  00  00  00  00  00  00  00  00 | 00  00  00  00  00  00  00  00 
-70-  00  00  00  00  00  00  00  00 | 00  00  00  00  00  00  00  00 
-80-  00  00  00  00  00  00  00  00 | 00  00  00  00  00  00  00  00 
-90-  00  00  00  00  00  00  00  00 | 00  00  00  00  00  00  00  00 
-A0-  00  00  00  00  00  00  00  00 | 00  00  00  00  00  00  00  00 
-B0-  00  00  00  00  00  00  00  00 | 00  00  00  00  00  00  00  00 
-C0-  00  00  00  00  00  00  00  00 | 00  00  00  00  00  00  00  00 
-D0-  00  00  00  00  00  00  00  00 | 00  00  00  00  00  00  00  00 
-E0-  00  00  00  00  00  00  00  00 | 00  00  00  00  00  00  00  00 
-F0-  00  00  00  00  00  00  00  00 | 00  00  00  00  00  00  00  00 



BANK 0E
------00--01--02--03--04--05--06--07-|-08--09--0A--0B--0C--0D--0E--0F-
----------------------------------------------------------------------
-00-  00  00  00  00  00  00  00  00 | 00  00  00  00  00  00  00  00 
-10-  00  00  00  00  00  00  00  00 | 00  00  00  00  00  00  00  00 
-20-  00  00  00  00  00  00  00  00 | 00  00  00  00  00  00  00  00 
-30-  00  00  00  00  00  00  00  00 | 00  00  00  00  00  00  00  00 
-40-  00  00  00  00  00  00  00  00 | 00  00  00  00  00  00  00  00 
-50-  00  00  00  00  00  00  00  00 | 00  00  00  00  00  00  00  00 
-60-  00  00  00  00  00  00  00  00 | 00  00  00  00  00  00  00  00 
-70-  00  00  00  00  00  00  00  00 | 00  00  00  00  00  00  00  00 
-80-  00  00  00  00  00  00  00  00 | 00  00  00  00  00  00  00  00 
-90-  00  00  00  00  00  00  00  00 | 00  00  00  00  00  00  00  00 
-A0-  00  00  00  00  00  00  00  00 | 00  00  00  00  00  00  00  00 
-B0-  00  00  00  00  00  00  00  00 | 00  00  00  00  00  00  00  00 
-C0-  00  00  00  00  00  00  00  00 | 00  00  00  00  00  00  00  00 
-D0-  00  00  00  00  00  00  00  00 | 00  00  00  00  00  00  00  00 
-E0-  00  00  00  00  00  00  00  00 | 00  00  00  00  00  00  00  00 
-F0-  00  00  00  00  00  00  00  00 | 00  00  00  00  00  00  00  00 



BANK 0F
------00--01--02--03--04--05--06--07-|-08--09--0A--0B--0C--0D--0E--0F-
----------------------------------------------------------------------
-00-  00  00  00  00  00  00  00  00 | 00  00  00  00  00  00  00  00 
-10-  00  00  00  00  00  00  00  00 | 00  00  00  00  00  00  00  00 
-20-  00  00  00  00  00  00  00  00 | 00  00  00  00  00  00  00  00 
-30-  00  00  00  00  00  00  00  00 | 00  00  00  00  00  00  00  00 
-40-  00  00  00  00  00  00  00  00 | 00  00  00  00  00  00  00  00 
-50-  00  00  00  00  00  00  00  00 | 00  00  00  00  00  00  00  00 
-60-  00  00  00  00  00  00  00  00 | 00  00  00  00  00  00  00  00 
-70-  00  00  00  00  00  00  00  00 | 00  00  00  00  00  00  00  00 
-80-  00  00  00  00  00  00  00  00 | 00  00  00  00  00  00  00  00 
-90-  00  00  00  00  00  00  00  00 | 00  00  00  00  00  00  00  00 
-A0-  00  00  00  00  00  00  00  00 | 00  00  00  00  00  00  00  00 
-B0-  00  00  00  00  00  00  00  00 | 00  00  00  00  00  00  00  00 
-C0-  00  00  00  00  00  00  00  00 | 00  00  00  00  00  00  00  00 
-D0-  00  00  00  00  00  00  00  00 | 00  00  00  00  00  00  00  00 
-E0-  00  00  00  00  00  00  00  00 | 00  00  00  00  00  00  00  00 
-F0-  00  00  00  00  00  00  00  00 | 00  00  00  00  00  00  00  00 



BANK 10
------00--01--02--03--04--05--06--07-|-08--09--0A--0B--0C--0D--0E--0F-
----------------------------------------------------------------------
-00-  00  00  00  00  00  00  00  00 | 00  00  00  00  00  00  00  00 
-10-  00  00  00  00  00  00  00  00 | 00  00  00  00  00  00  00  00 
-20-  00  00  00  00  00  00  00  00 | 00  00  00  00  00  00  00  00 
-30-  00  00  00  00  00  00  00  00 | 00  00  00  00  00  00  00  00 
-40-  00  00  00  00  00  00  00  00 | 00  00  00  00  00  00  00  00 
-50-  00  00  00  00  00  00  00  00 | 00  00  00  00  00  00  00  00 
-60-  00  00  00  00  00  00  00  00 | 00  00  00  00  00  00  00  00 
-70-  00  00  00  00  00  00  00  00 | 00  00  00  00  00  00  00  00 
-80-  00  00  00  00  00  00  00  00 | 00  00  00  00  00  00  00  00 
-90-  00  00  00  00  00  00  00  00 | 00  00  00  00  00  00  00  00 
-A0-  00  00  00  00  00  00  00  00 | 00  00  00  00  00  00  00  00 
-B0-  00  00  00  00  00  00  00  00 | 00  00  00  00  00  00  00  00 
-C0-  00  00  00  00  00  00  00  00 | 00  00  00  00  00  00  00  00 
-D0-  00  00  00  00  00  00  00  00 | 00  00  00  00  00  00  00  00 
-E0-  00  00  00  00  00  00  00  00 | 00  00  00  00  00  00  00  00 
-F0-  00  00  00  00  00  00  00  00 | 00  00  00  00  00  00  00  00 



BANK 11
------00--01--02--03--04--05--06--07-|-08--09--0A--0B--0C--0D--0E--0F-
----------------------------------------------------------------------
-00-  00  00  00  00  00  00  00  00 | 00  00  00  00  00  00  00  00 
-10-  00  00  00  00  00  00  00  00 | 00  00  00  00  00  00  00  00 
-20-  00  00  00  00  00  00  00  00 | 00  00  00  00  00  00  00  00 
-30-  00  00  00  00  00  00  00  00 | 00  00  00  00  00  00  00  00 
-40-  00  00  00  00  00  00  00  00 | 00  00  00  00  00  00  00  00 
-50-  00  00  00  00  00  00  00  00 | 00  00  00  00  00  00  00  00 
-60-  00  00  00  00  00  00  00  00 | 00  00  00  00  00  00  00  00 
-70-  00  00  00  00  00  00  00  00 | 00  00  00  00  00  00  00  00 
-80-  00  00  00  00  00  00  00  00 | 00  00  00  00  00  00  00  00 
-90-  00  00  00  00  00  00  00  00 | 00  00  00  00  00  00  00  00 
-A0-  00  00  00  00  00  00  00  00 | 00  00  00  00  00  00  00  00 
-B0-  00  00  00  00  00  00  00  00 | 00  00  00  00  00  00  00  00 
-C0-  00  00  00  00  00  00  00  00 | 00  00  00  00  00  00  00  00 
-D0-  00  00  00  00  00  00  00  00 | 00  00  00  00  00  00  00  00 
-E0-  00  00  00  00  00  00  00  00 | 00  00  00  00  00  00  00  00 
-F0-  00  00  00  00  00  00  00  00 | 00  00  00  00  00  00  00  00 



BANK 12
------00--01--02--03--04--05--06--07-|-08--09--0A--0B--0C--0D--0E--0F-
----------------------------------------------------------------------
-00-  00  00  00  00  00  00  00  00 | 00  00  00  00  00  00  00  00 
-10-  00  00  00  00  00  00  00  00 | 00  00  00  00  00  00  00  00 
-20-  00  00  00  00  00  00  00  00 | 00  00  00  00  00  00  00  00 
-30-  00  00  00  00  00  00  00  00 | 00  00  00  00  00  00  00  00 
-40-  00  00  00  00  00  00  00  00 | 00  00  00  00  00  00  00  00 
-50-  00  00  00  00  00  00  00  00 | 00  00  00  00  00  00  00  00 
-60-  00  00  00  00  00  00  00  00 | 00  00  00  00  00  00  00  00 
-70-  00  00  00  00  00  00  00  00 | 00  00  00  00  00  00  00  00 
-80-  00  00  00  00  00  00  00  00 | 00  00  00  00  00  00  00  00 
-90-  00  00  00  00  00  00  00  00 | 00  00  00  00  00  00  00  00 
-A0-  00  00  00  00  00  00  00  00 | 00  00  00  00  00  00  00  00 
-B0-  00  00  00  00  00  00  00  00 | 00  00  00  00  00  00  00  00 
-C0-  00  00  00  00  00  00  00  00 | 00  00  00  00  00  00  00  00 
-D0-  00  00  00  00  00  00  00  00 | 00  00  00  00  00  00  00  00 
-E0-  00  00  00  00  00  00  00  00 | 00  00  00  00  00  00  00  00 
-F0-  00  00  00  00  00  00  00  00 | 00  00  00  00  00  00  00  00 



BANK 13
------00--01--02--03--04--05--06--07-|-08--09--0A--0B--0C--0D--0E--0F-
----------------------------------------------------------------------
-00-  00  00  00  00  00  00  00  00 | 00  00  00  00  00  00  00  00 
-10-  00  00  00  00  00  00  00  00 | 00  00  00  00  00  00  00  00 
-20-  00  00  00  00  00  00  00  00 | 00  00  00  00  00  00  00  00 
-30-  00  00  00  00  00  00  00  00 | 00  00  00  00  00  00  00  00 
-40-  00  00  00  00  00  00  00  00 | 00  00  00  00  00  00  00  00 
-50-  00  00  00  00  00  00  00  00 | 00  00  00  00  00  00  00  00 
-60-  00  00  00  00  00  00  00  00 | 00  00  00  00  00  00  00  00 
-70-  00  00  00  00  00  00  00  00 | 00  00  00  00  00  00  00  00 
-80-  00  00  00  00  00  00  00  00 | 00  00  00  00  00  00  00  00 
-90-  00  00  00  00  00  00  00  00 | 00  00  00  00  00  00  00  00 
-A0-  00  00  00  00  00  00  00  00 | 00  00  00  00  00  00  00  00 
-B0-  00  00  00  00  00  00  00  00 | 00  00  00  00  00  00  00  00 
-C0-  00  00  00  00  00  00  00  00 | 00  00  00  00  00  00  00  00 
-D0-  00  00  00  00  00  00  00  00 | 00  00  00  00  00  00  00  00 
-E0-  00  00  00  00  00  00  00  00 | 00  00  00  00  00  00  00  00 
-F0-  00  00  00  00  00  00  00  00 | 00  00  00  00  00  00  00  00 



BANK 14
------00--01--02--03--04--05--06--07-|-08--09--0A--0B--0C--0D--0E--0F-
----------------------------------------------------------------------
-00-  00  00  00  00  00  00  00  00 | 00  00  00  00  00  00  00  00 
-10-  00  00  00  00  00  00  00  00 | 00  00  00  00  00  00  00  00 
-20-  00  00  00  00  00  00  00  00 | 00  00  00  00  00  00  00  00 
-30-  00  00  00  00  00  00  00  00 | 00  00  00  00  00  00  00  00 
-40-  00  00  00  00  00  00  00  00 | 00  00  00  00  00  00  00  00 
-50-  00  00  00  00  00  00  00  00 | 00  00  00  00  00  00  00  00 
-60-  00  00  00  00  00  00  00  00 | 00  00  00  00  00  00  00  00 
-70-  00  00  00  00  00  00  00  00 | 00  00  00  00  00  00  00  00 
-80-  00  00  00  00  00  00  00  00 | 00  00  00  00  00  00  00  00 
-90-  00  00  00  00  00  00  00  00 | 00  00  00  00  00  00  00  00 
-A0-  00  00  00  00  00  00  00  00 | 00  00  00  00  00  00  00  00 
-B0-  00  00  00  00  00  00  00  00 | 00  00  00  00  00  00  00  00 
-C0-  00  00  00  00  00  00  00  00 | 00  00  00  00  00  00  00  00 
-D0-  00  00  00  00  00  00  00  00 | 00  00  00  00  00  00  00  00 
-E0-  00  00  00  00  00  00  00  00 | 00  00  00  00  00  00  00  00 
-F0-  00  00  00  00  00  00  00  00 | 00  00  00  00  00  00  00  00 



BANK 15
------00--01--02--03--04--05--06--07-|-08--09--0A--0B--0C--0D--0E--0F-
----------------------------------------------------------------------
-00-  00  00  00  00  00  00  00  00 | 00  00  00  00  00  00  00  00 
-10-  00  00  00  00  00  00  00  00 | 00  00  00  00  00  00  00  00 
-20-  00  00  00  00  00  00  00  00 | 00  00  00  00  00  00  00  00 
-30-  00  00  00  00  00  00  00  00 | 00  00  00  00  00  00  00  00 
-40-  00  00  00  00  00  00  00  00 | 00  00  00  00  00  00  00  00 
-50-  00  00  00  00  00  00  00  00 | 00  00  00  00  00  00  00  00 
-60-  00  00  00  00  00  00  00  00 | 00  00  00  00  00  00  00  00 
-70-  00  00  00  00  00  00  00  00 | 00  00  00  00  00  00  00  00 
-80-  00  00  00  00  00  00  00  00 | 00  00  00  00  00  00  00  00 
-90-  00  00  00  00  00  00  00  00 | 00  00  00  00  00  00  00  00 
-A0-  00  00  00  00  00  00  00  00 | 00  00  00  00  00  00  00  00 
-B0-  00  00  00  00  00  00  00  00 | 00  00  00  00  00  00  00  00 
-C0-  00  00  00  00  00  00  00  00 | 00  00  00  00  00  00  00  00 
-D0-  00  00  00  00  00  00  00  00 | 00  00  00  00  00  00  00  00 
-E0-  00  00  00  00  00  00  00  00 | 00  00  00  00  00  00  00  00 
-F0-  00  00  00  00  00  00  00  00 | 00  00  00  00  00  00  00  00 



BANK 16
------00--01--02--03--04--05--06--07-|-08--09--0A--0B--0C--0D--0E--0F-
----------------------------------------------------------------------
-00-  00  00  00  00  00  00  00  00 | 00  00  00  00  00  00  00  00 
-10-  00  00  00  00  00  00  00  00 | 00  00  00  00  00  00  00  00 
-20-  00  00  00  00  00  00  00  00 | 00  00  00  00  00  00  00  00 
-30-  00  00  00  00  00  00  00  00 | 00  00  00  00  00  00  00  00 
-40-  00  00  00  00  00  00  00  00 | 00  00  00  00  00  00  00  00 
-50-  00  00  00  00  00  00  00  00 | 00  00  00  00  00  00  00  00 
-60-  00  00  00  00  00  00  00  00 | 00  00  00  00  00  00  00  00 
-70-  00  00  00  00  00  00  00  00 | 00  00  00  00  00  00  00  00 
-80-  00  00  00  00  00  00  00  00 | 00  00  00  00  00  00  00  00 
-90-  00  00  00  00  00  00  00  00 | 00  00  00  00  00  00  00  00 
-A0-  00  00  00  00  00  00  00  00 | 00  00  00  00  00  00  00  00 
-B0-  00  00  00  00  00  00  00  00 | 00  00  00  00  00  00  00  00 
-C0-  00  00  00  00  00  00  00  00 | 00  00  00  00  00  00  00  00 
-D0-  00  00  00  00  00  00  00  00 | 00  00  00  00  00  00  00  00 
-E0-  00  00  00  00  00  00  00  00 | 00  00  00  00  00  00  00  00 
-F0-  00  00  00  00  00  00  00  00 | 00  00  00  00  00  00  00  00 



BANK 17
------00--01--02--03--04--05--06--07-|-08--09--0A--0B--0C--0D--0E--0F-
----------------------------------------------------------------------
-00-  00  00  00  00  00  00  00  00 | 00  00  00  00  00  00  00  00 
-10-  00  00  00  00  00  00  00  00 | 00  00  00  00  00  00  00  00 
-20-  00  00  00  00  00  00  00  00 | 00  00  00  00  00  00  00  00 
-30-  00  00  00  00  00  00  00  00 | 00  00  00  00  00  00  00  00 
-40-  00  00  00  00  00  00  00  00 | 00  00  00  00  00  00  00  00 
-50-  00  00  00  00  00  00  00  00 | 00  00  00  00  00  00  00  00 
-60-  00  00  00  00  00  00  00  00 | 00  00  00  00  00  00  00  00 
-70-  00  00  00  00  00  00  00  00 | 00  00  00  00  00  00  00  00 
-80-  00  00  00  00  00  00  00  00 | 00  00  00  00  00  00  00  00 
-90-  00  00  00  00  00  00  00  00 | 00  00  00  00  00  00  00  00 
-A0-  00  00  00  00  00  00  00  00 | 00  00  00  00  00  00  00  00 
-B0-  00  00  00  00  00  00  00  00 | 00  00  00  00  00  00  00  00 
-C0-  00  00  00  00  00  00  00  00 | 00  00  00  00  00  00  00  00 
-D0-  00  00  00  00  00  00  00  00 | 00  00  00  00  00  00  00  00 
-E0-  00  00  00  00  00  00  00  00 | 00  00  00  00  00  00  00  00 
-F0-  00  00  00  00  00  00  00  00 | 00  00  00  00  00  00  00  00 



BANK 18
------00--01--02--03--04--05--06--07-|-08--09--0A--0B--0C--0D--0E--0F-
----------------------------------------------------------------------
-00-  00  00  00  00  00  00  00  00 | 00  00  00  00  00  00  00  00 
-10-  00  00  00  00  00  00  00  00 | 00  00  00  00  00  00  00  00 
-20-  00  00  00  00  00  00  00  00 | 00  00  00  00  00  00  00  00 
-30-  00  00  00  00  00  00  00  00 | 00  00  00  00  00  00  00  00 
-40-  00  00  00  00  00  00  00  00 | 00  00  00  00  00  00  00  00 
-50-  00  00  00  00  00  00  00  00 | 00  00  00  00  00  00  00  00 
-60-  00  00  00  00  00  00  00  00 | 00  00  00  00  00  00  00  00 
-70-  00  00  00  00  00  00  00  00 | 00  00  00  00  00  00  00  00 
-80-  00  00  00  00  00  00  00  00 | 00  00  00  00  00  00  00  00 
-90-  00  00  00  00  00  00  00  00 | 00  00  00  00  00  00  00  00 
-A0-  00  00  00  00  00  00  00  00 | 00  00  00  00  00  00  00  00 
-B0-  00  00  00  00  00  00  00  00 | 00  00  00  00  00  00  00  00 
-C0-  00  00  00  00  00  00  00  00 | 00  00  00  00  00  00  00  00 
-D0-  00  00  00  00  00  00  00  00 | 00  00  00  00  00  00  00  00 
-E0-  00  00  00  00  00  00  00  00 | 00  00  00  00  00  00  00  00 
-F0-  00  00  00  00  00  00  00  00 | 00  00  00  00  00  00  00  00 



BANK 19
------00--01--02--03--04--05--06--07-|-08--09--0A--0B--0C--0D--0E--0F-
----------------------------------------------------------------------
-00-  00  00  00  00  00  00  00  00 | 00  00  00  00  00  00  00  00 
-10-  00  00  00  00  00  00  00  00 | 00  00  00  00  00  00  00  00 
-20-  00  00  00  00  00  00  00  00 | 00  00  00  00  00  00  00  00 
-30-  00  00  00  00  00  00  00  00 | 00  00  00  00  00  00  00  00 
-40-  00  00  00  00  00  00  00  00 | 00  00  00  00  00  00  00  00 
-50-  00  00  00  00  00  00  00  00 | 00  00  00  00  00  00  00  00 
-60-  00  00  00  00  00  00  00  00 | 00  00  00  00  00  00  00  00 
-70-  00  00  00  00  00  00  00  00 | 00  00  00  00  00  00  00  00 
-80-  00  00  00  00  00  00  00  00 | 00  00  00  00  00  00  00  00 
-90-  00  00  00  00  00  00  00  00 | 00  00  00  00  00  00  00  00 
-A0-  00  00  00  00  00  00  00  00 | 00  00  00  00  00  00  00  00 
-B0-  00  00  00  00  00  00  00  00 | 00  00  00  00  00  00  00  00 
-C0-  00  00  00  00  00  00  00  00 | 00  00  00  00  00  00  00  00 
-D0-  00  00  00  00  00  00  00  00 | 00  00  00  00  00  00  00  00 
-E0-  00  00  00  00  00  00  00  00 | 00  00  00  00  00  00  00  00 
-F0-  00  00  00  00  00  00  00  00 | 00  00  00  00  00  00  00  00 



BANK 1A    //SFR
------00--01--02--03--04--05--06--07-|-08--09--0A--0B--0C--0D--0E--0F-
----------------------------------------------------------------------
-00-  00  00  00  00  00  00  00  00 | 00  00  00  00  00  00  00  00 
-10-  00  00  00  00  00  00  00  00 | 00  00  00  00  00  00  00  00 
-20-  00  00  00  00  00  00  00  00 | 00  00  00  00  00  00  00  00 
-30-  00  00  00  00  00  00  00  00 | 00  00  00  00  00  00  00  00 
-40-  00  00  00  00  00  00  00  00 | 00  00  00  00  00  00  00  00 
-50-  00  00  00  00  00  00  00  00 | 00  00  00  00  00  00  00  00 
-60-  00  00  00  00  00  00  00  00 | 00  00  00  00  00  00  00  00 
-70-  00  00  00  00  00  00  00  00 | 00  00  00  00  00  00  00  00 
-80-  00  00  00  00  00  00  00  00 | 00  00  00  00  00  00  00  00 
-90-  00  00  00  00  00  00  00  00 | 00  00  00  00  00  00  00  00 
-A0-  00  00  00  00  00  00  00  00 | 00  00  00  00  00  00  00  00 
-B0-  00  00  00  00  00  00  00  00 | 00  00  00  00  00  00  00  00 
-C0-  00  00  00  00  00  00  00  00 | 00  00  00  00  00  00  00  00 
-D0-  00  00  00  00  00  00  00  00 | 00  00  00  00  00  00  00  00 
-E0-  00  00  00  00  00  00  00  00 | 00  00  00  00  00  00  00  00 
-F0-  00  00  00  00  00  00  00  00 | 00  00  00  00  00  00  00  00 



BANK 1B    //XDATA 3 8000
------00--01--02--03--04--05--06--07-|-08--09--0A--0B--0C--0D--0E--0F-
----------------------------------------------------------------------
-00-  00  00  00  00  00  00  00  00 | 00  00  00  00  00  00  00  00 
-10-  00  00  00  00  00  00  00  00 | 00  00  00  00  00  00  00  00 
-20-  00  00  00  00  00  00  00  00 | 00  00  00  00  00  00  00  00 
-30-  00  00  00  00  00  00  00  00 | 00  00  00  00  00  00  00  00 
-40-  00  00  00  00  00  00  00  00 | 00  00  00  00  00  00  00  00 
-50-  00  00  00  00  00  00  00  00 | 00  00  00  00  00  00  00  00 
-60-  00  00  00  00  00  00  00  00 | 00  00  00  00  00  00  00  00 
-70-  00  00  00  00  00  00  00  00 | 00  00  00  00  00  00  00  00 
-80-  00  00  00  00  00  00  00  00 | 00  00  00  00  00  00  00  00 
-90-  00  00  00  00  00  00  00  00 | 00  00  00  00  00  00  00  00 
-A0-  00  00  00  00  00  00  00  00 | 00  00  00  00  00  00  00  00 
-B0-  00  00  00  00  00  00  00  00 | 00  00  00  00  00  00  00  00 
-C0-  00  00  00  00  00  00  00  00 | 00  00  00  00  00  00  00  00 
-D0-  00  00  00  00  00  00  00  00 | 00  00  00  00  00  00  00  00 
-E0-  00  00  00  00  00  00  00  00 | 00  00  00  00  00  00  00  00 
-F0-  00  00  00  00  00  00  00  00 | 00  00  00  00  00  00  00  00 



BANK 1C    //XDATA 2 2000
------00--01--02--03--04--05--06--07-|-08--09--0A--0B--0C--0D--0E--0F-
----------------------------------------------------------------------
-00-  00  00  00  00  00  00  00  00 | 00  00  00  00  00  00  00  00 
-10-  00  00  00  00  00  00  00  00 | 00  00  00  00  00  00  00  00 
-20-  00  00  00  00  00  00  00  00 | 00  00  00  00  00  00  00  00 
-30-  00  00  00  00  00  00  00  00 | 00  00  00  00  00  00  00  00 
-40-  00  00  00  00  00  00  00  00 | 00  00  00  00  00  00  00  00 
-50-  00  00  00  00  00  00  00  00 | 00  00  00  00  00  00  00  00 
-60-  00  00  00  00  00  00  00  00 | 00  00  00  00  00  00  00  00 
-70-  00  00  00  00  00  00  00  00 | 00  00  00  00  00  00  00  00 
-80-  00  00  00  00  00  00  00  00 | 00  00  00  00  00  00  00  00 
-90-  00  00  00  00  00  00  00  00 | 00  00  00  00  00  00  00  00 
-A0-  00  00  00  00  00  00  00  00 | 00  00  00  00  00  00  00  00 
-B0-  00  00  00  00  00  00  00  00 | 00  00  00  00  00  00  00  00 
-C0-  00  00  00  00  00  00  00  00 | 00  00  00  00  00  00  00  00 
-D0-  00  00  00  00  00  00  00  00 | 00  00  00  00  00  00  00  00 
-E0-  00  00  00  00  00  00  00  00 | 00  00  00  00  00  00  00  00 
-F0-  00  00  00  00  00  00  00  00 | 00  00  00  00  00  00  00  00 



BANK 1D    //XDATA 1 0900
------00--01--02--03--04--05--06--07-|-08--09--0A--0B--0C--0D--0E--0F-
----------------------------------------------------------------------
-00-  00  00  00  00  00  00  00  00 | 00  00  00  00  00  00  00  00 
-10-  00  00  00  00  00  00  00  00 | 00  00  00  00  00  00  00  00 
-20-  00  00  00  00  00  00  00  00 | 00  00  00  00  00  00  00  00 
-30-  00  00  00  00  00  00  00  00 | 00  00  00  00  00  00  00  00 
-40-  00  00  00  00  00  00  00  00 | 00  00  00  00  00  00  00  00 
-50-  00  00  00  00  00  00  00  00 | 00  00  00  00  00  00  00  00 
-60-  00  00  00  00  00  00  00  00 | 00  00  00  00  00  00  00  00 
-70-  00  00  00  00  00  00  00  00 | 00  00  00  00  00  00  00  00 
-80-  00  00  00  00  00  00  00  00 | 00  00  00  00  00  00  00  00 
-90-  00  00  00  00  00  00  00  00 | 00  00  00  00  00  00  00  00 
-A0-  00  00  00  00  00  00  00  00 | 00  00  00  00  00  00  00  00 
-B0-  00  00  00  00  00  00  00  00 | 00  00  00  00  00  00  00  00 
-C0-  00  00  00  00  00  00  00  00 | 00  00  00  00  00  00  00  00 
-D0-  00  00  00  00  00  00  00  00 | 00  00  00  00  00  00  00  00 
-E0-  00  00  00  00  00  00  00  00 | 00  00  00  00  00  00  00  00 
-F0-  00  00  00  00  00  00  00  00 | 00  00  00  00  00  00  00  00 



BANK 1E
------00--01--02--03--04--05--06--07-|-08--09--0A--0B--0C--0D--0E--0F-
----------------------------------------------------------------------
-00-  00  00  00  00  00  00  00  00 | 00  00  00  00  00  00  00  00 
-10-  00  00  00  00  00  00  00  00 | 00  00  00  00  00  00  00  00 
-20-  00  00  00  00  00  00  00  00 | 00  00  00  00  00  00  00  00 
-30-  00  00  00  00  00  00  00  00 | 00  00  00  00  00  00  00  00 
-40-  00  00  00  00  00  00  00  00 | 00  00  00  00  00  00  00  00 
-50-  00  00  00  00  00  00  00  00 | 00  00  00  00  00  00  00  00 
-60-  00  00  00  00  00  00  00  00 | 00  00  00  00  00  00  00  00 
-70-  00  00  00  00  00  00  00  00 | 00  00  00  00  00  00  00  00 
-80-  00  00  00  00  00  00  00  00 | 00  00  00  00  00  00  00  00 
-90-  00  00  00  00  00  00  00  00 | 00  00  00  00  00  00  00  00 
-A0-  00  00  00  00  00  00  00  00 | 00  00  00  00  00  00  00  00 
-B0-  00  00  00  00  00  00  00  00 | 00  00  00  00  00  00  00  00 
-C0-  00  00  00  00  00  00  00  00 | 00  00  00  00  00  00  00  00 
-D0-  00  00  00  00  00  00  00  00 | 00  00  00  00  00  00  00  00 
-E0-  00  00  00  00  00  00  00  00 | 00  00  00  00  00  00  00  00 
-F0-  00  00  00  00  00  00  00  00 | 00  00  00  00  00  00  00  00 



BANK 1F
------00--01--02--03--04--05--06--07-|-08--09--0A--0B--0C--0D--0E--0F-
----------------------------------------------------------------------
-00-  00  00  00  00  00  00  00  00 | 00  00  00  00  00  00  00  00 
-10-  00  00  00  00  00  00  00  00 | 00  00  00  00  00  00  00  00 
-20-  00  00  00  00  00  00  00  00 | 00  00  00  00  00  00  00  00 
-30-  00  00  00  00  00  00  00  00 | 00  00  00  00  00  00  00  00 
-40-  00  00  00  00  00  00  00  00 | 00  00  00  00  00  00  00  00 
-50-  00  00  00  00  00  00  00  00 | 00  00  00  00  00  00  00  00 
-60-  00  00  00  00  00  00  00  00 | 00  00  00  00  00  00  00  00 
-70-  00  00  00  00  00  00  00  00 | 00  00  00  00  00  00  00  00 
-80-  00  00  00  00  00  00  00  00 | 00  00  00  00  00  00  00  00 
-90-  00  00  00  00  00  00  00  00 | 00  00  00  00  00  00  00  00 
-A0-  00  00  00  00  00  00  00  00 | 00  00  00  00  00  00  00  00 
-B0-  00  00  00  00  00  00  00  00 | 00  00  00  00  00  00  00  00 
-C0-  00  00  00  00  00  00  00  00 | 00  00  00  00  00  00  00  00 
-D0-  00  00  00  00  00  00  00  00 | 00  00  00  00  00  00  00  00 
-E0-  00  00  00  00  00  00  00  00 | 00  00  00  00  00  00  00  00 
-F0-  00  00  00  00  00  00  00  00 | 00  00  00  00  00  00  00  00 



BANK 20
------00--01--02--03--04--05--06--07-|-08--09--0A--0B--0C--0D--0E--0F-
----------------------------------------------------------------------
-00-  00  00  00  00  00  00  00  00 | 00  00  00  00  00  00  00  00 
-10-  00  00  00  00  00  00  00  00 | 00  00  00  00  00  00  00  00 
-20-  00  00  00  00  00  00  00  00 | 00  00  00  00  00  00  00  00 
-30-  00  00  00  00  00  00  00  00 | 00  00  00  00  00  00  00  00 
-40-  00  00  00  00  00  00  00  00 | 00  00  00  00  00  00  00  00 
-50-  00  00  00  00  00  00  00  00 | 00  00  00  00  00  00  00  00 
-60-  00  00  00  00  00  00  00  00 | 00  00  00  00  00  00  00  00 
-70-  00  00  00  00  00  00  00  00 | 00  00  00  00  00  00  00  00 
-80-  00  00  00  00  00  00  00  00 | 00  00  00  00  00  00  00  00 
-90-  00  00  00  00  00  00  00  00 | 00  00  00  00  00  00  00  00 
-A0-  00  00  00  00  00  00  00  00 | 00  00  00  00  00  00  00  00 
-B0-  00  00  00  00  00  00  00  00 | 00  00  00  00  00  00  00  00 
-C0-  00  00  00  00  00  00  00  00 | 00  00  00  00  00  00  00  00 
-D0-  00  00  00  00  00  00  00  00 | 00  00  00  00  00  00  00  00 
-E0-  00  00  00  00  00  00  00  00 | 00  00  00  00  00  00  00  00 
-F0-  00  00  00  00  00  00  00  00 | 00  00  00  00  00  00  00  00 



BANK OSD
------00--01--02--03--04--05--06--07-|-08--09--0A--0B--0C--0D--0E--0F-
----------------------------------------------------------------------
-00-  00  00  00  00  00  00  00  00 | 00  00  00  00  00  00  00  00 
-10-  00  00  00  00  00  00  00  00 | 00  00  00  00  00  00  00  00 
-20-  00  00  00  00  00  00  00  00 | 00  00  00  00  00  00  00  00 
-30-  00  00  00  00  00  00  00  00 | 00  00  00  00  00  00  00  00 
-40-  00  00  00  00  00  00  00  00 | 00  00  00  00  00  00  00  00 
-50-  00  00  00  00  00  00  00  00 | 00  00  00  00  00  00  00  00 
-60-  00  00  00  00  00  00  00  00 | 00  00  00  00  00  00  00  00 
-70-  00  00  00  00  00  00  00  00 | 00  00  00  00  00  00  00  00 
-80-  00  00  00  00  00  00  00  00 | 00  00  00  00  00  00  00  00 
-90-  00  00  00  00  00  00  00  00 | 00  00  00  00  00  00  00  00 
-A0-  00  00  00  00  00  00  00  00 | 00  00  00  00  00  00  00  00 
-B0-  00  00  00  00  00  00  00  00 | 00  00  00  00  00  00  00  00 
-C0-  00  00  00  00  00  00  00  00 | 00  00  00  00  00  00  00  00 
-D0-  00  00  00  00  00  00  00  00 | 00  00  00  00  00  00  00  00 
-E0-  00  00  00  00  00  00  00  00 | 00  00  00  00  00  00  00  00 
-F0-  00  00  00  00  00  00  00  00 | 00  00  00  00  00  00  00  00 



BANK 22
------00--01--02--03--04--05--06--07-|-08--09--0A--0B--0C--0D--0E--0F-
----------------------------------------------------------------------
-00-  00  00  00  00  00  00  00  00 | 00  00  00  00  00  00  00  00 
-10-  00  00  00  00  00  00  00  00 | 00  00  00  00  00  00  00  00 
-20-  00  00  00  00  00  00  00  00 | 00  00  00  00  00  00  00  00 
-30-  00  00  00  00  00  00  00  00 | 00  00  00  00  00  00  00  00 
-40-  00  00  00  00  00  00  00  00 | 00  00  00  00  00  00  00  00 
-50-  00  00  00  00  00  00  00  00 | 00  00  00  00  00  00  00  00 
-60-  00  00  00  00  00  00  00  00 | 00  00  00  00  00  00  00  00 
-70-  00  00  00  00  00  00  00  00 | 00  00  00  00  00  00  00  00 
-80-  00  00  00  00  00  00  00  00 | 00  00  00  00  00  00  00  00 
-90-  00  00  00  00  00  00  00  00 | 00  00  00  00  00  00  00  00 
-A0-  00  00  00  00  00  00  00  00 | 00  00  00  00  00  00  00  00 
-B0-  00  00  00  00  00  00  00  00 | 00  00  00  00  00  00  00  00 
-C0-  00  00  00  00  00  00  00  00 | 00  00  00  00  00  00  00  00 
-D0-  00  00  00  00  00  00  00  00 | 00  00  00  00  00  00  00  00 
-E0-  00  00  00  00  00  00  00  00 | 00  00  00  00  00  00  00  00 
-F0-  00  00  00  00  00  00  00  00 | 00  00  00  00  00  00  00  00 



BANK 23
------00--01--02--03--04--05--06--07-|-08--09--0A--0B--0C--0D--0E--0F-
----------------------------------------------------------------------
-00-  00  00  00  00  00  00  00  00 | 00  00  00  00  00  00  00  00 
-10-  00  00  00  00  00  00  00  00 | 00  00  00  00  00  00  00  00 
-20-  00  00  00  00  00  00  00  00 | 00  00  00  00  00  00  00  00 
-30-  00  00  00  00  00  00  00  00 | 00  00  00  00  00  00  00  00 
-40-  00  00  00  00  00  00  00  00 | 00  00  00  00  00  00  00  00 
-50-  00  00  00  00  00  00  00  00 | 00  00  00  00  00  00  00  00 
-60-  00  00  00  00  00  00  00  00 | 00  00  00  00  00  00  00  00 
-70-  00  00  00  00  00  00  00  00 | 00  00  00  00  00  00  00  00 
-80-  00  00  00  00  00  00  00  00 | 00  00  00  00  00  00  00  00 
-90-  00  00  00  00  00  00  00  00 | 00  00  00  00  00  00  00  00 
-A0-  00  00  00  00  00  00  00  00 | 00  00  00  00  00  00  00  00 
-B0-  00  00  00  00  00  00  00  00 | 00  00  00  00  00  00  00  00 
-C0-  00  00  00  00  00  00  00  00 | 00  00  00  00  00  00  00  00 
-D0-  00  00  00  00  00  00  00  00 | 00  00  00  00  00  00  00  00 
-E0-  00  00  00  00  00  00  00  00 | 00  00  00  00  00  00  00  00 
-F0-  00  00  00  00  00  00  00  00 | 00  00  00  00  00  00  00  00 



BANK 24
------00--01--02--03--04--05--06--07-|-08--09--0A--0B--0C--0D--0E--0F-
----------------------------------------------------------------------
-00-  00  00  00  00  00  00  00  00 | 00  00  00  00  00  00  00  00 
-10-  00  00  00  00  00  00  00  00 | 00  00  00  00  00  00  00  00 
-20-  00  00  00  00  00  00  00  00 | 00  00  00  00  00  00  00  00 
-30-  00  00  00  00  00  00  00  00 | 00  00  00  00  00  00  00  00 
-40-  00  00  00  00  00  00  00  00 | 00  00  00  00  00  00  00  00 
-50-  00  00  00  00  00  00  00  00 | 00  00  00  00  00  00  00  00 
-60-  00  00  00  00  00  00  00  00 | 00  00  00  00  00  00  00  00 
-70-  00  00  00  00  00  00  00  00 | 00  00  00  00  00  00  00  00 
-80-  00  00  00  00  00  00  00  00 | 00  00  00  00  00  00  00  00 
-90-  00  00  00  00  00  00  00  00 | 00  00  00  00  00  00  00  00 
-A0-  00  00  00  00  00  00  00  00 | 00  00  00  00  00  00  00  00 
-B0-  00  00  00  00  00  00  00  00 | 00  00  00  00  00  00  00  00 
-C0-  00  00  00  00  00  00  00  00 | 00  00  00  00  00  00  00  00 
-D0-  00  00  00  00  00  00  00  00 | 00  00  00  00  00  00  00  00 
-E0-  00  00  00  00  00  00  00  00 | 00  00  00  00  00  00  00  00 
-F0-  00  00  00  00  00  00  00  00 | 00  00  00  00  00  00  00  00 



BANK 25
------00--01--02--03--04--05--06--07-|-08--09--0A--0B--0C--0D--0E--0F-
----------------------------------------------------------------------
-00-  00  00  00  00  00  00  00  00 | 00  00  00  00  00  00  00  00 
-10-  00  00  00  00  00  00  00  00 | 00  00  00  00  00  00  00  00 
-20-  00  00  00  00  00  00  00  00 | 00  00  00  00  00  00  00  00 
-30-  00  00  00  00  00  00  00  00 | 00  00  00  00  00  00  00  00 
-40-  00  00  00  00  00  00  00  00 | 00  00  00  00  00  00  00  00 
-50-  00  00  00  00  00  00  00  00 | 00  00  00  00  00  00  00  00 
-60-  00  00  00  00  00  00  00  00 | 00  00  00  00  00  00  00  00 
-70-  00  00  00  00  00  00  00  00 | 00  00  00  00  00  00  00  00 
-80-  00  00  00  00  00  00  00  00 | 00  00  00  00  00  00  00  00 
-90-  00  00  00  00  00  00  00  00 | 00  00  00  00  00  00  00  00 
-A0-  00  00  00  00  00  00  00  00 | 00  00  00  00  00  00  00  00 
-B0-  00  00  00  00  00  00  00  00 | 00  00  00  00  00  00  00  00 
-C0-  00  00  00  00  00  00  00  00 | 00  00  00  00  00  00  00  00 
-D0-  00  00  00  00  00  00  00  00 | 00  00  00  00  00  00  00  00 
-E0-  00  00  00  00  00  00  00  00 | 00  00  00  00  00  00  00  00 
-F0-  00  00  00  00  00  00  00  00 | 00  00  00  00  00  00  00  00 



BANK 26
------00--01--02--03--04--05--06--07-|-08--09--0A--0B--0C--0D--0E--0F-
----------------------------------------------------------------------
-00-  00  00  00  00  00  00  00  00 | 00  00  00  00  00  00  00  00 
-10-  00  00  00  00  00  00  00  00 | 00  00  00  00  00  00  00  00 
-20-  00  00  00  00  00  00  00  00 | 00  00  00  00  00  00  00  00 
-30-  00  00  00  00  00  00  00  00 | 00  00  00  00  00  00  00  00 
-40-  00  00  00  00  00  00  00  00 | 00  00  00  00  00  00  00  00 
-50-  00  00  00  00  00  00  00  00 | 00  00  00  00  00  00  00  00 
-60-  00  00  00  00  00  00  00  00 | 00  00  00  00  00  00  00  00 
-70-  00  00  00  00  00  00  00  00 | 00  00  00  00  00  00  00  00 
-80-  00  00  00  00  00  00  00  00 | 00  00  00  00  00  00  00  00 
-90-  00  00  00  00  00  00  00  00 | 00  00  00  00  00  00  00  00 
-A0-  00  00  00  00  00  00  00  00 | 00  00  00  00  00  00  00  00 
-B0-  00  00  00  00  00  00  00  00 | 00  00  00  00  00  00  00  00 
-C0-  00  00  00  00  00  00  00  00 | 00  00  00  00  00  00  00  00 
-D0-  00  00  00  00  00  00  00  00 | 00  00  00  00  00  00  00  00 
-E0-  00  00  00  00  00  00  00  00 | 00  00  00  00  00  00  00  00 
-F0-  00  00  00  00  00  00  00  00 | 00  00  00  00  00  00  00  00 



BANK 27
------00--01--02--03--04--05--06--07-|-08--09--0A--0B--0C--0D--0E--0F-
----------------------------------------------------------------------
-00-  00  00  00  00  00  00  00  00 | 00  00  00  00  00  00  00  00 
-10-  00  00  00  00  00  00  00  00 | 00  00  00  00  00  00  00  00 
-20-  00  00  00  00  00  00  00  00 | 00  00  00  00  00  00  00  00 
-30-  00  00  00  00  00  00  00  00 | 00  00  00  00  00  00  00  00 
-40-  00  00  00  00  00  00  00  00 | 00  00  00  00  00  00  00  00 
-50-  00  00  00  00  00  00  00  00 | 00  00  00  00  00  00  00  00 
-60-  00  00  00  00  00  00  00  00 | 00  00  00  00  00  00  00  00 
-70-  00  00  00  00  00  00  00  00 | 00  00  00  00  00  00  00  00 
-80-  00  00  00  00  00  00  00  00 | 00  00  00  00  00  00  00  00 
-90-  00  00  00  00  00  00  00  00 | 00  00  00  00  00  00  00  00 
-A0-  00  00  00  00  00  00  00  00 | 00  00  00  00  00  00  00  00 
-B0-  00  00  00  00  00  00  00  00 | 00  00  00  00  00  00  00  00 
-C0-  00  00  00  00  00  00  00  00 | 00  00  00  00  00  00  00  00 
-D0-  00  00  00  00  00  00  00  00 | 00  00  00  00  00  00  00  00 
-E0-  00  00  00  00  00  00  00  00 | 00  00  00  00  00  00  00  00 
-F0-  00  00  00  00  00  00  00  00 | 00  00  00  00  00  00  00  00 



BANK 28
------00--01--02--03--04--05--06--07-|-08--09--0A--0B--0C--0D--0E--0F-
----------------------------------------------------------------------
-00-  00  00  00  00  00  00  00  00 | 00  00  00  00  00  00  00  00 
-10-  00  00  00  00  00  00  00  00 | 00  00  00  00  00  00  00  00 
-20-  00  00  00  00  00  00  00  00 | 00  00  00  00  00  00  00  00 
-30-  00  00  00  00  00  00  00  00 | 00  00  00  00  00  00  00  00 
-40-  00  00  00  00  00  00  00  00 | 00  00  00  00  00  00  00  00 
-50-  00  00  00  00  00  00  00  00 | 00  00  00  00  00  00  00  00 
-60-  00  00  00  00  00  00  00  00 | 00  00  00  00  00  00  00  00 
-70-  00  00  00  00  00  00  00  00 | 00  00  00  00  00  00  00  00 
-80-  00  00  00  00  00  00  00  00 | 00  00  00  00  00  00  00  00 
-90-  00  00  00  00  00  00  00  00 | 00  00  00  00  00  00  00  00 
-A0-  00  00  00  00  00  00  00  00 | 00  00  00  00  00  00  00  00 
-B0-  00  00  00  00  00  00  00  00 | 00  00  00  00  00  00  00  00 
-C0-  00  00  00  00  00  00  00  00 | 00  00  00  00  00  00  00  00 
-D0-  00  00  00  00  00  00  00  00 | 00  00  00  00  00  00  00  00 
-E0-  00  00  00  00  00  00  00  00 | 00  00  00  00  00  00  00  00 
-F0-  00  00  00  00  00  00  00  00 | 00  00  00  00  00  00  00  00 



BANK 29
------00--01--02--03--04--05--06--07-|-08--09--0A--0B--0C--0D--0E--0F-
----------------------------------------------------------------------
-00-  00  00  00  00  00  00  00  00 | 00  00  00  00  00  00  00  00 
-10-  00  00  00  00  00  00  00  00 | 00  00  00  00  00  00  00  00 
-20-  00  00  00  00  00  00  00  00 | 00  00  00  00  00  00  00  00 
-30-  00  00  00  00  00  00  00  00 | 00  00  00  00  00  00  00  00 
-40-  00  00  00  00  00  00  00  00 | 00  00  00  00  00  00  00  00 
-50-  00  00  00  00  00  00  00  00 | 00  00  00  00  00  00  00  00 
-60-  00  00  00  00  00  00  00  00 | 00  00  00  00  00  00  00  00 
-70-  00  00  00  00  00  00  00  00 | 00  00  00  00  00  00  00  00 
-80-  00  00  00  00  00  00  00  00 | 00  00  00  00  00  00  00  00 
-90-  00  00  00  00  00  00  00  00 | 00  00  00  00  00  00  00  00 
-A0-  00  00  00  00  00  00  00  00 | 00  00  00  00  00  00  00  00 
-B0-  00  00  00  00  00  00  00  00 | 00  00  00  00  00  00  00  00 
-C0-  00  00  00  00  00  00  00  00 | 00  00  00  00  00  00  00  00 
-D0-  00  00  00  00  00  00  00  00 | 00  00  00  00  00  00  00  00 
-E0-  00  00  00  00  00  00  00  00 | 00  00  00  00  00  00  00  00 
-F0-  00  00  00  00  00  00  00  00 | 00  00  00  00  00  00  00  00 



BANK 2A
------00--01--02--03--04--05--06--07-|-08--09--0A--0B--0C--0D--0E--0F-
----------------------------------------------------------------------
-00-  00  00  00  00  00  00  00  00 | 00  00  00  00  00  00  00  00 
-10-  00  00  00  00  00  00  00  00 | 00  00  00  00  00  00  00  00 
-20-  00  00  00  00  00  00  00  00 | 00  00  00  00  00  00  00  00 
-30-  00  00  00  00  00  00  00  00 | 00  00  00  00  00  00  00  00 
-40-  00  00  00  00  00  00  00  00 | 00  00  00  00  00  00  00  00 
-50-  00  00  00  00  00  00  00  00 | 00  00  00  00  00  00  00  00 
-60-  00  00  00  00  00  00  00  00 | 00  00  00  00  00  00  00  00 
-70-  00  00  00  00  00  00  00  00 | 00  00  00  00  00  00  00  00 
-80-  00  00  00  00  00  00  00  00 | 00  00  00  00  00  00  00  00 
-90-  00  00  00  00  00  00  00  00 | 00  00  00  00  00  00  00  00 
-A0-  00  00  00  00  00  00  00  00 | 00  00  00  00  00  00  00  00 
-B0-  00  00  00  00  00  00  00  00 | 00  00  00  00  00  00  00  00 
-C0-  00  00  00  00  00  00  00  00 | 00  00  00  00  00  00  00  00 
-D0-  00  00  00  00  00  00  00  00 | 00  00  00  00  00  00  00  00 
-E0-  00  00  00  00  00  00  00  00 | 00  00  00  00  00  00  00  00 
-F0-  00  00  00  00  00  00  00  00 | 00  00  00  00  00  00  00  00 



BANK 2B
------00--01--02--03--04--05--06--07-|-08--09--0A--0B--0C--0D--0E--0F-
----------------------------------------------------------------------
-00-  00  00  00  00  00  00  00  00 | 00  00  00  00  00  00  00  00 
-10-  00  00  00  00  00  00  00  00 | 00  00  00  00  00  00  00  00 
-20-  00  00  00  00  00  00  00  00 | 00  00  00  00  00  00  00  00 
-30-  00  00  00  00  00  00  00  00 | 00  00  00  00  00  00  00  00 
-40-  00  00  00  00  00  00  00  00 | 00  00  00  00  00  00  00  00 
-50-  00  00  00  00  00  00  00  00 | 00  00  00  00  00  00  00  00 
-60-  00  00  00  00  00  00  00  00 | 00  00  00  00  00  00  00  00 
-70-  00  00  00  00  00  00  00  00 | 00  00  00  00  00  00  00  00 
-80-  00  00  00  00  00  00  00  00 | 00  00  00  00  00  00  00  00 
-90-  00  00  00  00  00  00  00  00 | 00  00  00  00  00  00  00  00 
-A0-  00  00  00  00  00  00  00  00 | 00  00  00  00  00  00  00  00 
-B0-  00  00  00  00  00  00  00  00 | 00  00  00  00  00  00  00  00 
-C0-  00  00  00  00  00  00  00  00 | 00  00  00  00  00  00  00  00 
-D0-  00  00  00  00  00  00  00  00 | 00  00  00  00  00  00  00  00 
-E0-  00  00  00  00  00  00  00  00 | 00  00  00  00  00  00  00  00 
-F0-  00  00  00  00  00  00  00  00 | 00  00  00  00  00  00  00  00 



BANK 2C
------00--01--02--03--04--05--06--07-|-08--09--0A--0B--0C--0D--0E--0F-
----------------------------------------------------------------------
-00-  00  00  00  00  00  00  00  00 | 00  00  00  00  00  00  00  00 
-10-  00  00  00  00  00  00  00  00 | 00  00  00  00  00  00  00  00 
-20-  00  00  00  00  00  00  00  00 | 00  00  00  00  00  00  00  00 
-30-  00  00  00  00  00  00  00  00 | 00  00  00  00  00  00  00  00 
-40-  00  00  00  00  00  00  00  00 | 00  00  00  00  00  00  00  00 
-50-  00  00  00  00  00  00  00  00 | 00  00  00  00  00  00  00  00 
-60-  00  00  00  00  00  00  00  00 | 00  00  00  00  00  00  00  00 
-70-  00  00  00  00  00  00  00  00 | 00  00  00  00  00  00  00  00 
-80-  00  00  00  00  00  00  00  00 | 00  00  00  00  00  00  00  00 
-90-  00  00  00  00  00  00  00  00 | 00  00  00  00  00  00  00  00 
-A0-  00  00  00  00  00  00  00  00 | 00  00  00  00  00  00  00  00 
-B0-  00  00  00  00  00  00  00  00 | 00  00  00  00  00  00  00  00 
-C0-  00  00  00  00  00  00  00  00 | 00  00  00  00  00  00  00  00 
-D0-  00  00  00  00  00  00  00  00 | 00  00  00  00  00  00  00  00 
-E0-  00  00  00  00  00  00  00  00 | 00  00  00  00  00  00  00  00 
-F0-  00  00  00  00  00  00  00  00 | 00  00  00  00  00  00  00  00 



BANK 2D
------00--01--02--03--04--05--06--07-|-08--09--0A--0B--0C--0D--0E--0F-
----------------------------------------------------------------------
-00-  00  00  00  00  00  00  00  00 | 00  00  00  00  00  00  00  00 
-10-  00  00  00  00  00  00  00  00 | 00  00  00  00  00  00  00  00 
-20-  00  00  00  00  00  00  00  00 | 00  00  00  00  00  00  00  00 
-30-  00  00  00  00  00  00  00  00 | 00  00  00  00  00  00  00  00 
-40-  00  00  00  00  00  00  00  00 | 00  00  00  00  00  00  00  00 
-50-  00  00  00  00  00  00  00  00 | 00  00  00  00  00  00  00  00 
-60-  00  00  00  00  00  00  00  00 | 00  00  00  00  00  00  00  00 
-70-  00  00  00  00  00  00  00  00 | 00  00  00  00  00  00  00  00 
-80-  00  00  00  00  00  00  00  00 | 00  00  00  00  00  00  00  00 
-90-  00  00  00  00  00  00  00  00 | 00  00  00  00  00  00  00  00 
-A0-  00  00  00  00  00  00  00  00 | 00  00  00  00  00  00  00  00 
-B0-  00  00  00  00  00  00  00  00 | 00  00  00  00  00  00  00  00 
-C0-  00  00  00  00  00  00  00  00 | 00  00  00  00  00  00  00  00 
-D0-  00  00  00  00  00  00  00  00 | 00  00  00  00  00  00  00  00 
-E0-  00  00  00  00  00  00  00  00 | 00  00  00  00  00  00  00  00 
-F0-  00  00  00  00  00  00  00  00 | 00  00  00  00  00  00  00  00 



BANK 2E
------00--01--02--03--04--05--06--07-|-08--09--0A--0B--0C--0D--0E--0F-
----------------------------------------------------------------------
-00-  00  00  00  00  00  00  00  00 | 00  00  00  00  00  00  00  00 
-10-  00  00  00  00  00  00  00  00 | 00  00  00  00  00  00  00  00 
-20-  00  00  00  00  00  00  00  00 | 00  00  00  00  00  00  00  00 
-30-  00  00  00  00  00  00  00  00 | 00  00  00  00  00  00  00  00 
-40-  00  00  00  00  00  00  00  00 | 00  00  00  00  00  00  00  00 
-50-  00  00  00  00  00  00  00  00 | 00  00  00  00  00  00  00  00 
-60-  00  00  00  00  00  00  00  00 | 00  00  00  00  00  00  00  00 
-70-  00  00  00  00  00  00  00  00 | 00  00  00  00  00  00  00  00 
-80-  00  00  00  00  00  00  00  00 | 00  00  00  00  00  00  00  00 
-90-  00  00  00  00  00  00  00  00 | 00  00  00  00  00  00  00  00 
-A0-  00  00  00  00  00  00  00  00 | 00  00  00  00  00  00  00  00 
-B0-  00  00  00  00  00  00  00  00 | 00  00  00  00  00  00  00  00 
-C0-  00  00  00  00  00  00  00  00 | 00  00  00  00  00  00  00  00 
-D0-  00  00  00  00  00  00  00  00 | 00  00  00  00  00  00  00  00 
-E0-  00  00  00  00  00  00  00  00 | 00  00  00  00  00  00  00  00 
-F0-  00  00  00  00  00  00  00  00 | 00  00  00  00  00  00  00  00 



BANK 2F
------00--01--02--03--04--05--06--07-|-08--09--0A--0B--0C--0D--0E--0F-
----------------------------------------------------------------------
-00-  00  00  00  00  00  00  00  00 | 00  00  00  00  00  00  00  00 
-10-  00  00  00  00  00  00  00  00 | 00  00  00  00  00  00  00  00 
-20-  00  00  00  00  00  00  00  00 | 00  00  00  00  00  00  00  00 
-30-  00  00  00  00  00  00  00  00 | 00  00  00  00  00  00  00  00 
-40-  00  00  00  00  00  00  00  00 | 00  00  00  00  00  00  00  00 
-50-  00  00  00  00  00  00  00  00 | 00  00  00  00  00  00  00  00 
-60-  00  00  00  00  00  00  00  00 | 00  00  00  00  00  00  00  00 
-70-  00  00  00  00  00  00  00  00 | 00  00  00  00  00  00  00  00 
-80-  00  00  00  00  00  00  00  00 | 00  00  00  00  00  00  00  00 
-90-  00  00  00  00  00  00  00  00 | 00  00  00  00  00  00  00  00 
-A0-  00  00  00  00  00  00  00  00 | 00  00  00  00  00  00  00  00 
-B0-  00  00  00  00  00  00  00  00 | 00  00  00  00  00  00  00  00 
-C0-  00  00  00  00  00  00  00  00 | 00  00  00  00  00  00  00  00 
-D0-  00  00  00  00  00  00  00  00 | 00  00  00  00  00  00  00  00 
-E0-  00  00  00  00  00  00  00  00 | 00  00  00  00  00  00  00  00 
-F0-  00  00  00  00  00  00  00  00 | 00  00  00  00  00  00  00  00 



BANK 30
------00--01--02--03--04--05--06--07-|-08--09--0A--0B--0C--0D--0E--0F-
----------------------------------------------------------------------
-00-  00  00  00  00  00  00  00  00 | 00  00  00  00  00  00  00  00 
-10-  00  00  00  00  00  00  00  00 | 00  00  00  00  00  00  00  00 
-20-  00  00  00  00  00  00  00  00 | 00  00  00  00  00  00  00  00 
-30-  00  00  00  00  00  00  00  00 | 00  00  00  00  00  00  00  00 
-40-  00  00  00  00  00  00  00  00 | 00  00  00  00  00  00  00  00 
-50-  00  00  00  00  00  00  00  00 | 00  00  00  00  00  00  00  00 
-60-  00  00  00  00  00  00  00  00 | 00  00  00  00  00  00  00  00 
-70-  00  00  00  00  00  00  00  00 | 00  00  00  00  00  00  00  00 
-80-  00  00  00  00  00  00  00  00 | 00  00  00  00  00  00  00  00 
-90-  00  00  00  00  00  00  00  00 | 00  00  00  00  00  00  00  00 
-A0-  00  00  00  00  00  00  00  00 | 00  00  00  00  00  00  00  00 
-B0-  00  00  00  00  00  00  00  00 | 00  00  00  00  00  00  00  00 
-C0-  00  00  00  00  00  00  00  00 | 00  00  00  00  00  00  00  00 
-D0-  00  00  00  00  00  00  00  00 | 00  00  00  00  00  00  00  00 
-E0-  00  00  00  00  00  00  00  00 | 00  00  00  00  00  00  00  00 
-F0-  00  00  00  00  00  00  00  00 | 00  00  00  00  00  00  00  00 



BANK 31
------00--01--02--03--04--05--06--07-|-08--09--0A--0B--0C--0D--0E--0F-
----------------------------------------------------------------------
-00-  00  00  00  00  00  00  00  00 | 00  00  00  00  00  00  00  00 
-10-  00  00  00  00  00  00  00  00 | 00  00  00  00  00  00  00  00 
-20-  00  00  00  00  00  00  00  00 | 00  00  00  00  00  00  00  00 
-30-  00  00  00  00  00  00  00  00 | 00  00  00  00  00  00  00  00 
-40-  00  00  00  00  00  00  00  00 | 00  00  00  00  00  00  00  00 
-50-  00  00  00  00  00  00  00  00 | 00  00  00  00  00  00  00  00 
-60-  00  00  00  00  00  00  00  00 | 00  00  00  00  00  00  00  00 
-70-  00  00  00  00  00  00  00  00 | 00  00  00  00  00  00  00  00 
-80-  00  00  00  00  00  00  00  00 | 00  00  00  00  00  00  00  00 
-90-  00  00  00  00  00  00  00  00 | 00  00  00  00  00  00  00  00 
-A0-  00  00  00  00  00  00  00  00 | 00  00  00  00  00  00  00  00 
-B0-  00  00  00  00  00  00  00  00 | 00  00  00  00  00  00  00  00 
-C0-  00  00  00  00  00  00  00  00 | 00  00  00  00  00  00  00  00 
-D0-  00  00  00  00  00  00  00  00 | 00  00  00  00  00  00  00  00 
-E0-  00  00  00  00  00  00  00  00 | 00  00  00  00  00  00  00  00 
-F0-  00  00  00  00  00  00  00  00 | 00  00  00  00  00  00  00  00 



BANK 32
------00--01--02--03--04--05--06--07-|-08--09--0A--0B--0C--0D--0E--0F-
----------------------------------------------------------------------
-00-  00  00  00  00  00  00  00  00 | 00  00  00  00  00  00  00  00 
-10-  00  00  00  00  00  00  00  00 | 00  00  00  00  00  00  00  00 
-20-  00  00  00  00  00  00  00  00 | 00  00  00  00  00  00  00  00 
-30-  00  00  00  00  00  00  00  00 | 00  00  00  00  00  00  00  00 
-40-  00  00  00  00  00  00  00  00 | 00  00  00  00  00  00  00  00 
-50-  00  00  00  00  00  00  00  00 | 00  00  00  00  00  00  00  00 
-60-  00  00  00  00  00  00  00  00 | 00  00  00  00  00  00  00  00 
-70-  00  00  00  00  00  00  00  00 | 00  00  00  00  00  00  00  00 
-80-  00  00  00  00  00  00  00  00 | 00  00  00  00  00  00  00  00 
-90-  00  00  00  00  00  00  00  00 | 00  00  00  00  00  00  00  00 
-A0-  00  00  00  00  00  00  00  00 | 00  00  00  00  00  00  00  00 
-B0-  00  00  00  00  00  00  00  00 | 00  00  00  00  00  00  00  00 
-C0-  00  00  00  00  00  00  00  00 | 00  00  00  00  00  00  00  00 
-D0-  00  00  00  00  00  00  00  00 | 00  00  00  00  00  00  00  00 
-E0-  00  00  00  00  00  00  00  00 | 00  00  00  00  00  00  00  00 
-F0-  00  00  00  00  00  00  00  00 | 00  00  00  00  00  00  00  00 



BANK 33
------00--01--02--03--04--05--06--07-|-08--09--0A--0B--0C--0D--0E--0F-
----------------------------------------------------------------------
-00-  00  00  00  00  00  00  00  00 | 00  00  00  00  00  00  00  00 
-10-  00  00  00  00  00  00  00  00 | 00  00  00  00  00  00  00  00 
-20-  00  00  00  00  00  00  00  00 | 00  00  00  00  00  00  00  00 
-30-  00  00  00  00  00  00  00  00 | 00  00  00  00  00  00  00  00 
-40-  00  00  00  00  00  00  00  00 | 00  00  00  00  00  00  00  00 
-50-  00  00  00  00  00  00  00  00 | 00  00  00  00  00  00  00  00 
-60-  00  00  00  00  00  00  00  00 | 00  00  00  00  00  00  00  00 
-70-  00  00  00  00  00  00  00  00 | 00  00  00  00  00  00  00  00 
-80-  00  00  00  00  00  00  00  00 | 00  00  00  00  00  00  00  00 
-90-  00  00  00  00  00  00  00  00 | 00  00  00  00  00  00  00  00 
-A0-  00  00  00  00  00  00  00  00 | 00  00  00  00  00  00  00  00 
-B0-  00  00  00  00  00  00  00  00 | 00  00  00  00  00  00  00  00 
-C0-  00  00  00  00  00  00  00  00 | 00  00  00  00  00  00  00  00 
-D0-  00  00  00  00  00  00  00  00 | 00  00  00  00  00  00  00  00 
-E0-  00  00  00  00  00  00  00  00 | 00  00  00  00  00  00  00  00 
-F0-  00  00  00  00  00  00  00  00 | 00  00  00  00  00  00  00  00 



BANK 34
------00--01--02--03--04--05--06--07-|-08--09--0A--0B--0C--0D--0E--0F-
----------------------------------------------------------------------
-00-  00  00  00  00  00  00  00  00 | 00  00  00  00  00  00  00  00 
-10-  00  00  00  00  00  00  00  00 | 00  00  00  00  00  00  00  00 
-20-  00  00  00  00  00  00  00  00 | 00  00  00  00  00  00  00  00 
-30-  00  00  00  00  00  00  00  00 | 00  00  00  00  00  00  00  00 
-40-  00  00  00  00  00  00  00  00 | 00  00  00  00  00  00  00  00 
-50-  00  00  00  00  00  00  00  00 | 00  00  00  00  00  00  00  00 
-60-  00  00  00  00  00  00  00  00 | 00  00  00  00  00  00  00  00 
-70-  00  00  00  00  00  00  00  00 | 00  00  00  00  00  00  00  00 
-80-  00  00  00  00  00  00  00  00 | 00  00  00  00  00  00  00  00 
-90-  00  00  00  00  00  00  00  00 | 00  00  00  00  00  00  00  00 
-A0-  00  00  00  00  00  00  00  00 | 00  00  00  00  00  00  00  00 
-B0-  00  00  00  00  00  00  00  00 | 00  00  00  00  00  00  00  00 
-C0-  00  00  00  00  00  00  00  00 | 00  00  00  00  00  00  00  00 
-D0-  00  00  00  00  00  00  00  00 | 00  00  00  00  00  00  00  00 
-E0-  00  00  00  00  00  00  00  00 | 00  00  00  00  00  00  00  00 
-F0-  00  00  00  00  00  00  00  00 | 00  00  00  00  00  00  00  00 



BANK 35
------00--01--02--03--04--05--06--07-|-08--09--0A--0B--0C--0D--0E--0F-
----------------------------------------------------------------------
-00-  00  00  00  00  00  00  00  00 | 00  00  00  00  00  00  00  00 
-10-  00  00  00  00  00  00  00  00 | 00  00  00  00  00  00  00  00 
-20-  00  00  00  00  00  00  00  00 | 00  00  00  00  00  00  00  00 
-30-  00  00  00  00  00  00  00  00 | 00  00  00  00  00  00  00  00 
-40-  00  00  00  00  00  00  00  00 | 00  00  00  00  00  00  00  00 
-50-  00  00  00  00  00  00  00  00 | 00  00  00  00  00  00  00  00 
-60-  00  00  00  00  00  00  00  00 | 00  00  00  00  00  00  00  00 
-70-  00  00  00  00  00  00  00  00 | 00  00  00  00  00  00  00  00 
-80-  00  00  00  00  00  00  00  00 | 00  00  00  00  00  00  00  00 
-90-  00  00  00  00  00  00  00  00 | 00  00  00  00  00  00  00  00 
-A0-  00  00  00  00  00  00  00  00 | 00  00  00  00  00  00  00  00 
-B0-  00  00  00  00  00  00  00  00 | 00  00  00  00  00  00  00  00 
-C0-  00  00  00  00  00  00  00  00 | 00  00  00  00  00  00  00  00 
-D0-  00  00  00  00  00  00  00  00 | 00  00  00  00  00  00  00  00 
-E0-  00  00  00  00  00  00  00  00 | 00  00  00  00  00  00  00  00 
-F0-  00  00  00  00  00  00  00  00 | 00  00  00  00  00  00  00  00 



BANK 36
------00--01--02--03--04--05--06--07-|-08--09--0A--0B--0C--0D--0E--0F-
----------------------------------------------------------------------
-00-  00  00  00  00  00  00  00  00 | 00  00  00  00  00  00  00  00 
-10-  00  00  00  00  00  00  00  00 | 00  00  00  00  00  00  00  00 
-20-  00  00  00  00  00  00  00  00 | 00  00  00  00  00  00  00  00 
-30-  00  00  00  00  00  00  00  00 | 00  00  00  00  00  00  00  00 
-40-  00  00  00  00  00  00  00  00 | 00  00  00  00  00  00  00  00 
-50-  00  00  00  00  00  00  00  00 | 00  00  00  00  00  00  00  00 
-60-  00  00  00  00  00  00  00  00 | 00  00  00  00  00  00  00  00 
-70-  00  00  00  00  00  00  00  00 | 00  00  00  00  00  00  00  00 
-80-  00  00  00  00  00  00  00  00 | 00  00  00  00  00  00  00  00 
-90-  00  00  00  00  00  00  00  00 | 00  00  00  00  00  00  00  00 
-A0-  00  00  00  00  00  00  00  00 | 00  00  00  00  00  00  00  00 
-B0-  00  00  00  00  00  00  00  00 | 00  00  00  00  00  00  00  00 
-C0-  00  00  00  00  00  00  00  00 | 00  00  00  00  00  00  00  00 
-D0-  00  00  00  00  00  00  00  00 | 00  00  00  00  00  00  00  00 
-E0-  00  00  00  00  00  00  00  00 | 00  00  00  00  00  00  00  00 
-F0-  00  00  00  00  00  00  00  00 | 00  00  00  00  00  00  00  00 



BANK 37
------00--01--02--03--04--05--06--07-|-08--09--0A--0B--0C--0D--0E--0F-
----------------------------------------------------------------------
-00-  00  00  00  00  00  00  00  00 | 00  00  00  00  00  00  00  00 
-10-  00  00  00  00  00  00  00  00 | 00  00  00  00  00  00  00  00 
-20-  00  00  00  00  00  00  00  00 | 00  00  00  00  00  00  00  00 
-30-  00  00  00  00  00  00  00  00 | 00  00  00  00  00  00  00  00 
-40-  00  00  00  00  00  00  00  00 | 00  00  00  00  00  00  00  00 
-50-  00  00  00  00  00  00  00  00 | 00  00  00  00  00  00  00  00 
-60-  00  00  00  00  00  00  00  00 | 00  00  00  00  00  00  00  00 
-70-  00  00  00  00  00  00  00  00 | 00  00  00  00  00  00  00  00 
-80-  00  00  00  00  00  00  00  00 | 00  00  00  00  00  00  00  00 
-90-  00  00  00  00  00  00  00  00 | 00  00  00  00  00  00  00  00 
-A0-  00  00  00  00  00  00  00  00 | 00  00  00  00  00  00  00  00 
-B0-  00  00  00  00  00  00  00  00 | 00  00  00  00  00  00  00  00 
-C0-  00  00  00  00  00  00  00  00 | 00  00  00  00  00  00  00  00 
-D0-  00  00  00  00  00  00  00  00 | 00  00  00  00  00  00  00  00 
-E0-  00  00  00  00  00  00  00  00 | 00  00  00  00  00  00  00  00 
-F0-  00  00  00  00  00  00  00  00 | 00  00  00  00  00  00  00  00 



BANK 38
------00--01--02--03--04--05--06--07-|-08--09--0A--0B--0C--0D--0E--0F-
----------------------------------------------------------------------
-00-  00  00  00  00  00  00  00  00 | 00  00  00  00  00  00  00  00 
-10-  00  00  00  00  00  00  00  00 | 00  00  00  00  00  00  00  00 
-20-  00  00  00  00  00  00  00  00 | 00  00  00  00  00  00  00  00 
-30-  00  00  00  00  00  00  00  00 | 00  00  00  00  00  00  00  00 
-40-  00  00  00  00  00  00  00  00 | 00  00  00  00  00  00  00  00 
-50-  00  00  00  00  00  00  00  00 | 00  00  00  00  00  00  00  00 
-60-  00  00  00  00  00  00  00  00 | 00  00  00  00  00  00  00  00 
-70-  00  00  00  00  00  00  00  00 | 00  00  00  00  00  00  00  00 
-80-  00  00  00  00  00  00  00  00 | 00  00  00  00  00  00  00  00 
-90-  00  00  00  00  00  00  00  00 | 00  00  00  00  00  00  00  00 
-A0-  00  00  00  00  00  00  00  00 | 00  00  00  00  00  00  00  00 
-B0-  00  00  00  00  00  00  00  00 | 00  00  00  00  00  00  00  00 
-C0-  00  00  00  00  00  00  00  00 | 00  00  00  00  00  00  00  00 
-D0-  00  00  00  00  00  00  00  00 | 00  00  00  00  00  00  00  00 
-E0-  00  00  00  00  00  00  00  00 | 00  00  00  00  00  00  00  00 
-F0-  00  00  00  00  00  00  00  00 | 00  00  00  00  00  00  00  00 



BANK 39
------00--01--02--03--04--05--06--07-|-08--09--0A--0B--0C--0D--0E--0F-
----------------------------------------------------------------------
-00-  00  00  00  00  00  00  00  00 | 00  00  00  00  00  00  00  00 
-10-  00  00  00  00  00  00  00  00 | 00  00  00  00  00  00  00  00 
-20-  00  00  00  00  00  00  00  00 | 00  00  00  00  00  00  00  00 
-30-  00  00  00  00  00  00  00  00 | 00  00  00  00  00  00  00  00 
-40-  00  00  00  00  00  00  00  00 | 00  00  00  00  00  00  00  00 
-50-  00  00  00  00  00  00  00  00 | 00  00  00  00  00  00  00  00 
-60-  00  00  00  00  00  00  00  00 | 00  00  00  00  00  00  00  00 
-70-  00  00  00  00  00  00  00  00 | 00  00  00  00  00  00  00  00 
-80-  00  00  00  00  00  00  00  00 | 00  00  00  00  00  00  00  00 
-90-  00  00  00  00  00  00  00  00 | 00  00  00  00  00  00  00  00 
-A0-  00  00  00  00  00  00  00  00 | 00  00  00  00  00  00  00  00 
-B0-  00  00  00  00  00  00  00  00 | 00  00  00  00  00  00  00  00 
-C0-  00  00  00  00  00  00  00  00 | 00  00  00  00  00  00  00  00 
-D0-  00  00  00  00  00  00  00  00 | 00  00  00  00  00  00  00  00 
-E0-  00  00  00  00  00  00  00  00 | 00  00  00  00  00  00  00  00 
-F0-  00  00  00  00  00  00  00  00 | 00  00  00  00  00  00  00  00 



BANK 3A
------00--01--02--03--04--05--06--07-|-08--09--0A--0B--0C--0D--0E--0F-
----------------------------------------------------------------------
-00-  00  00  00  00  00  00  00  00 | 00  00  00  00  00  00  00  00 
-10-  00  00  00  00  00  00  00  00 | 00  00  00  00  00  00  00  00 
-20-  00  00  00  00  00  00  00  00 | 00  00  00  00  00  00  00  00 
-30-  00  00  00  00  00  00  00  00 | 00  00  00  00  00  00  00  00 
-40-  00  00  00  00  00  00  00  00 | 00  00  00  00  00  00  00  00 
-50-  00  00  00  00  00  00  00  00 | 00  00  00  00  00  00  00  00 
-60-  00  00  00  00  00  00  00  00 | 00  00  00  00  00  00  00  00 
-70-  00  00  00  00  00  00  00  00 | 00  00  00  00  00  00  00  00 
-80-  00  00  00  00  00  00  00  00 | 00  00  00  00  00  00  00  00 
-90-  00  00  00  00  00  00  00  00 | 00  00  00  00  00  00  00  00 
-A0-  00  00  00  00  00  00  00  00 | 00  00  00  00  00  00  00  00 
-B0-  00  00  00  00  00  00  00  00 | 00  00  00  00  00  00  00  00 
-C0-  00  00  00  00  00  00  00  00 | 00  00  00  00  00  00  00  00 
-D0-  00  00  00  00  00  00  00  00 | 00  00  00  00  00  00  00  00 
-E0-  00  00  00  00  00  00  00  00 | 00  00  00  00  00  00  00  00 
-F0-  00  00  00  00  00  00  00  00 | 00  00  00  00  00  00  00  00 



BANK 3B
------00--01--02--03--04--05--06--07-|-08--09--0A--0B--0C--0D--0E--0F-
----------------------------------------------------------------------
-00-  00  00  00  00  00  00  00  00 | 00  00  00  00  00  00  00  00 
-10-  00  00  00  00  00  00  00  00 | 00  00  00  00  00  00  00  00 
-20-  00  00  00  00  00  00  00  00 | 00  00  00  00  00  00  00  00 
-30-  00  00  00  00  00  00  00  00 | 00  00  00  00  00  00  00  00 
-40-  00  00  00  00  00  00  00  00 | 00  00  00  00  00  00  00  00 
-50-  00  00  00  00  00  00  00  00 | 00  00  00  00  00  00  00  00 
-60-  00  00  00  00  00  00  00  00 | 00  00  00  00  00  00  00  00 
-70-  00  00  00  00  00  00  00  00 | 00  00  00  00  00  00  00  00 
-80-  00  00  00  00  00  00  00  00 | 00  00  00  00  00  00  00  00 
-90-  00  00  00  00  00  00  00  00 | 00  00  00  00  00  00  00  00 
-A0-  00  00  00  00  00  00  00  00 | 00  00  00  00  00  00  00  00 
-B0-  00  00  00  00  00  00  00  00 | 00  00  00  00  00  00  00  00 
-C0-  00  00  00  00  00  00  00  00 | 00  00  00  00  00  00  00  00 
-D0-  00  00  00  00  00  00  00  00 | 00  00  00  00  00  00  00  00 
-E0-  00  00  00  00  00  00  00  00 | 00  00  00  00  00  00  00  00 
-F0-  00  00  00  00  00  00  00  00 | 00  00  00  00  00  00  00  00 



BANK 3C
------00--01--02--03--04--05--06--07-|-08--09--0A--0B--0C--0D--0E--0F-
----------------------------------------------------------------------
-00-  00  00  00  00  00  00  00  00 | 00  00  00  00  00  00  00  00 
-10-  00  00  00  00  00  00  00  00 | 00  00  00  00  00  00  00  00 
-20-  00  00  00  00  00  00  00  00 | 00  00  00  00  00  00  00  00 
-30-  00  00  00  00  00  00  00  00 | 00  00  00  00  00  00  00  00 
-40-  00  00  00  00  00  00  00  00 | 00  00  00  00  00  00  00  00 
-50-  00  00  00  00  00  00  00  00 | 00  00  00  00  00  00  00  00 
-60-  00  00  00  00  00  00  00  00 | 00  00  00  00  00  00  00  00 
-70-  00  00  00  00  00  00  00  00 | 00  00  00  00  00  00  00  00 
-80-  00  00  00  00  00  00  00  00 | 00  00  00  00  00  00  00  00 
-90-  00  00  00  00  00  00  00  00 | 00  00  00  00  00  00  00  00 
-A0-  00  00  00  00  00  00  00  00 | 00  00  00  00  00  00  00  00 
-B0-  00  00  00  00  00  00  00  00 | 00  00  00  00  00  00  00  00 
-C0-  00  00  00  00  00  00  00  00 | 00  00  00  00  00  00  00  00 
-D0-  00  00  00  00  00  00  00  00 | 00  00  00  00  00  00  00  00 
-E0-  00  00  00  00  00  00  00  00 | 00  00  00  00  00  00  00  00 
-F0-  00  00  00  00  00  00  00  00 | 00  00  00  00  00  00  00  00 



BANK 3D
------00--01--02--03--04--05--06--07-|-08--09--0A--0B--0C--0D--0E--0F-
----------------------------------------------------------------------
-00-  00  00  00  00  00  00  00  00 | 00  00  00  00  00  00  00  00 
-10-  00  00  00  00  00  00  00  00 | 00  00  00  00  00  00  00  00 
-20-  00  00  00  00  00  00  00  00 | 00  00  00  00  00  00  00  00 
-30-  00  00  00  00  00  00  00  00 | 00  00  00  00  00  00  00  00 
-40-  00  00  00  00  00  00  00  00 | 00  00  00  00  00  00  00  00 
-50-  00  00  00  00  00  00  00  00 | 00  00  00  00  00  00  00  00 
-60-  00  00  00  00  00  00  00  00 | 00  00  00  00  00  00  00  00 
-70-  00  00  00  00  00  00  00  00 | 00  00  00  00  00  00  00  00 
-80-  00  00  00  00  00  00  00  00 | 00  00  00  00  00  00  00  00 
-90-  00  00  00  00  00  00  00  00 | 00  00  00  00  00  00  00  00 
-A0-  00  00  00  00  00  00  00  00 | 00  00  00  00  00  00  00  00 
-B0-  00  00  00  00  00  00  00  00 | 00  00  00  00  00  00  00  00 
-C0-  00  00  00  00  00  00  00  00 | 00  00  00  00  00  00  00  00 
-D0-  00  00  00  00  00  00  00  00 | 00  00  00  00  00  00  00  00 
-E0-  00  00  00  00  00  00  00  00 | 00  00  00  00  00  00  00  00 
-F0-  00  00  00  00  00  00  00  00 | 00  00  00  00  00  00  00  00 



BANK 3E
------00--01--02--03--04--05--06--07-|-08--09--0A--0B--0C--0D--0E--0F-
----------------------------------------------------------------------
-00-  00  00  00  00  00  00  00  00 | 00  00  00  00  00  00  00  00 
-10-  00  00  00  00  00  00  00  00 | 00  00  00  00  00  00  00  00 
-20-  00  00  00  00  00  00  00  00 | 00  00  00  00  00  00  00  00 
-30-  00  00  00  00  00  00  00  00 | 00  00  00  00  00  00  00  00 
-40-  00  00  00  00  00  00  00  00 | 00  00  00  00  00  00  00  00 
-50-  00  00  00  00  00  00  00  00 | 00  00  00  00  00  00  00  00 
-60-  00  00  00  00  00  00  00  00 | 00  00  00  00  00  00  00  00 
-70-  00  00  00  00  00  00  00  00 | 00  00  00  00  00  00  00  00 
-80-  00  00  00  00  00  00  00  00 | 00  00  00  00  00  00  00  00 
-90-  00  00  00  00  00  00  00  00 | 00  00  00  00  00  00  00  00 
-A0-  00  00  00  00  00  00  00  00 | 00  00  00  00  00  00  00  00 
-B0-  00  00  00  00  00  00  00  00 | 00  00  00  00  00  00  00  00 
-C0-  00  00  00  00  00  00  00  00 | 00  00  00  00  00  00  00  00 
-D0-  00  00  00  00  00  00  00  00 | 00  00  00  00  00  00  00  00 
-E0-  00  00  00  00  00  00  00  00 | 00  00  00  00  00  00  00  00 
-F0-  00  00  00  00  00  00  00  00 | 00  00  00  00  00  00  00  00 



BANK 3F
------00--01--02--03--04--05--06--07-|-08--09--0A--0B--0C--0D--0E--0F-
----------------------------------------------------------------------
-00-  00  00  00  00  00  00  00  00 | 00  00  00  00  00  00  00  00 
-10-  00  00  00  00  00  00  00  00 | 00  00  00  00  00  00  00  00 
-20-  00  00  00  00  00  00  00  00 | 00  00  00  00  00  00  00  00 
-30-  00  00  00  00  00  00  00  00 | 00  00  00  00  00  00  00  00 
-40-  00  00  00  00  00  00  00  00 | 00  00  00  00  00  00  00  00 
-50-  00  00  00  00  00  00  00  00 | 00  00  00  00  00  00  00  00 
-60-  00  00  00  00  00  00  00  00 | 00  00  00  00  00  00  00  00 
-70-  00  00  00  00  00  00  00  00 | 00  00  00  00  00  00  00  00 
-80-  00  00  00  00  00  00  00  00 | 00  00  00  00  00  00  00  00 
-90-  00  00  00  00  00  00  00  00 | 00  00  00  00  00  00  00  00 
-A0-  00  00  00  00  00  00  00  00 | 00  00  00  00  00  00  00  00 
-B0-  00  00  00  00  00  00  00  00 | 00  00  00  00  00  00  00  00 
-C0-  00  00  00  00  00  00  00  00 | 00  00  00  00  00  00  00  00 
-D0-  00  00  00  00  00  00  00  00 | 00  00  00  00  00  00  00  00 
-E0-  00  00  00  00  00  00  00  00 | 00  00  00  00  00  00  00  00 
-F0-  00  00  00  00  00  00  00  00 | 00  00  00  00  00  00  00  00 



BANK 40
------00--01--02--03--04--05--06--07-|-08--09--0A--0B--0C--0D--0E--0F-
----------------------------------------------------------------------
-00-  00  00  00  00  00  00  00  00 | 00  00  00  00  00  00  00  00 
-10-  00  00  00  00  00  00  00  00 | 00  00  00  00  00  00  00  00 
-20-  00  00  00  00  00  00  00  00 | 00  00  00  00  00  00  00  00 
-30-  00  00  00  00  00  00  00  00 | 00  00  00  00  00  00  00  00 
-40-  00  00  00  00  00  00  00  00 | 00  00  00  00  00  00  00  00 
-50-  00  00  00  00  00  00  00  00 | 00  00  00  00  00  00  00  00 
-60-  00  00  00  00  00  00  00  00 | 00  00  00  00  00  00  00  00 
-70-  00  00  00  00  00  00  00  00 | 00  00  00  00  00  00  00  00 
-80-  00  00  00  00  00  00  00  00 | 00  00  00  00  00  00  00  00 
-90-  00  00  00  00  00  00  00  00 | 00  00  00  00  00  00  00  00 
-A0-  00  00  00  00  00  00  00  00 | 00  00  00  00  00  00  00  00 
-B0-  00  00  00  00  00  00  00  00 | 00  00  00  00  00  00  00  00 
-C0-  00  00  00  00  00  00  00  00 | 00  00  00  00  00  00  00  00 
-D0-  00  00  00  00  00  00  00  00 | 00  00  00  00  00  00  00  00 
-E0-  00  00  00  00  00  00  00  00 | 00  00  00  00  00  00  00  00 
-F0-  00  00  00  00  00  00  00  00 | 00  00  00  00  00  00  00  00 



BANK 41
------00--01--02--03--04--05--06--07-|-08--09--0A--0B--0C--0D--0E--0F-
----------------------------------------------------------------------
-00-  00  00  00  00  00  00  00  00 | 00  00  00  00  00  00  00  00 
-10-  00  00  00  00  00  00  00  00 | 00  00  00  00  00  00  00  00 
-20-  00  00  00  00  00  00  00  00 | 00  00  00  00  00  00  00  00 
-30-  00  00  00  00  00  00  00  00 | 00  00  00  00  00  00  00  00 
-40-  00  00  00  00  00  00  00  00 | 00  00  00  00  00  00  00  00 
-50-  00  00  00  00  00  00  00  00 | 00  00  00  00  00  00  00  00 
-60-  00  00  00  00  00  00  00  00 | 00  00  00  00  00  00  00  00 
-70-  00  00  00  00  00  00  00  00 | 00  00  00  00  00  00  00  00 
-80-  00  00  00  00  00  00  00  00 | 00  00  00  00  00  00  00  00 
-90-  00  00  00  00  00  00  00  00 | 00  00  00  00  00  00  00  00 
-A0-  00  00  00  00  00  00  00  00 | 00  00  00  00  00  00  00  00 
-B0-  00  00  00  00  00  00  00  00 | 00  00  00  00  00  00  00  00 
-C0-  00  00  00  00  00  00  00  00 | 00  00  00  00  00  00  00  00 
-D0-  00  00  00  00  00  00  00  00 | 00  00  00  00  00  00  00  00 
-E0-  00  00  00  00  00  00  00  00 | 00  00  00  00  00  00  00  00 
-F0-  00  00  00  00  00  00  00  00 | 00  00  00  00  00  00  00  00 



BANK 42
------00--01--02--03--04--05--06--07-|-08--09--0A--0B--0C--0D--0E--0F-
----------------------------------------------------------------------
-00-  00  00  00  00  00  00  00  00 | 00  00  00  00  00  00  00  00 
-10-  00  00  00  00  00  00  00  00 | 00  00  00  00  00  00  00  00 
-20-  00  00  00  00  00  00  00  00 | 00  00  00  00  00  00  00  00 
-30-  00  00  00  00  00  00  00  00 | 00  00  00  00  00  00  00  00 
-40-  00  00  00  00  00  00  00  00 | 00  00  00  00  00  00  00  00 
-50-  00  00  00  00  00  00  00  00 | 00  00  00  00  00  00  00  00 
-60-  00  00  00  00  00  00  00  00 | 00  00  00  00  00  00  00  00 
-70-  00  00  00  00  00  00  00  00 | 00  00  00  00  00  00  00  00 
-80-  00  00  00  00  00  00  00  00 | 00  00  00  00  00  00  00  00 
-90-  00  00  00  00  00  00  00  00 | 00  00  00  00  00  00  00  00 
-A0-  00  00  00  00  00  00  00  00 | 00  00  00  00  00  00  00  00 
-B0-  00  00  00  00  00  00  00  00 | 00  00  00  00  00  00  00  00 
-C0-  00  00  00  00  00  00  00  00 | 00  00  00  00  00  00  00  00 
-D0-  00  00  00  00  00  00  00  00 | 00  00  00  00  00  00  00  00 
-E0-  00  00  00  00  00  00  00  00 | 00  00  00  00  00  00  00  00 
-F0-  00  00  00  00  00  00  00  00 | 00  00  00  00  00  00  00  00 



BANK 43
------00--01--02--03--04--05--06--07-|-08--09--0A--0B--0C--0D--0E--0F-
----------------------------------------------------------------------
-00-  00  00  00  00  00  00  00  00 | 00  00  00  00  00  00  00  00 
-10-  00  00  00  00  00  00  00  00 | 00  00  00  00  00  00  00  00 
-20-  00  00  00  00  00  00  00  00 | 00  00  00  00  00  00  00  00 
-30-  00  00  00  00  00  00  00  00 | 00  00  00  00  00  00  00  00 
-40-  00  00  00  00  00  00  00  00 | 00  00  00  00  00  00  00  00 
-50-  00  00  00  00  00  00  00  00 | 00  00  00  00  00  00  00  00 
-60-  00  00  00  00  00  00  00  00 | 00  00  00  00  00  00  00  00 
-70-  00  00  00  00  00  00  00  00 | 00  00  00  00  00  00  00  00 
-80-  00  00  00  00  00  00  00  00 | 00  00  00  00  00  00  00  00 
-90-  00  00  00  00  00  00  00  00 | 00  00  00  00  00  00  00  00 
-A0-  00  00  00  00  00  00  00  00 | 00  00  00  00  00  00  00  00 
-B0-  00  00  00  00  00  00  00  00 | 00  00  00  00  00  00  00  00 
-C0-  00  00  00  00  00  00  00  00 | 00  00  00  00  00  00  00  00 
-D0-  00  00  00  00  00  00  00  00 | 00  00  00  00  00  00  00  00 
-E0-  00  00  00  00  00  00  00  00 | 00  00  00  00  00  00  00  00 
-F0-  00  00  00  00  00  00  00  00 | 00  00  00  00  00  00  00  00 



BANK 44
------00--01--02--03--04--05--06--07-|-08--09--0A--0B--0C--0D--0E--0F-
----------------------------------------------------------------------
-00-  00  00  00  00  00  00  00  00 | 00  00  00  00  00  00  00  00 
-10-  00  00  00  00  00  00  00  00 | 00  00  00  00  00  00  00  00 
-20-  00  00  00  00  00  00  00  00 | 00  00  00  00  00  00  00  00 
-30-  00  00  00  00  00  00  00  00 | 00  00  00  00  00  00  00  00 
-40-  00  00  00  00  00  00  00  00 | 00  00  00  00  00  00  00  00 
-50-  00  00  00  00  00  00  00  00 | 00  00  00  00  00  00  00  00 
-60-  00  00  00  00  00  00  00  00 | 00  00  00  00  00  00  00  00 
-70-  00  00  00  00  00  00  00  00 | 00  00  00  00  00  00  00  00 
-80-  00  00  00  00  00  00  00  00 | 00  00  00  00  00  00  00  00 
-90-  00  00  00  00  00  00  00  00 | 00  00  00  00  00  00  00  00 
-A0-  00  00  00  00  00  00  00  00 | 00  00  00  00  00  00  00  00 
-B0-  00  00  00  00  00  00  00  00 | 00  00  00  00  00  00  00  00 
-C0-  00  00  00  00  00  00  00  00 | 00  00  00  00  00  00  00  00 
-D0-  00  00  00  00  00  00  00  00 | 00  00  00  00  00  00  00  00 
-E0-  00  00  00  00  00  00  00  00 | 00  00  00  00  00  00  00  00 
-F0-  00  00  00  00  00  00  00  00 | 00  00  00  00  00  00  00  00 



BANK 45
------00--01--02--03--04--05--06--07-|-08--09--0A--0B--0C--0D--0E--0F-
----------------------------------------------------------------------
-00-  00  00  00  00  00  00  00  00 | 00  00  00  00  00  00  00  00 
-10-  00  00  00  00  00  00  00  00 | 00  00  00  00  00  00  00  00 
-20-  00  00  00  00  00  00  00  00 | 00  00  00  00  00  00  00  00 
-30-  00  00  00  00  00  00  00  00 | 00  00  00  00  00  00  00  00 
-40-  00  00  00  00  00  00  00  00 | 00  00  00  00  00  00  00  00 
-50-  00  00  00  00  00  00  00  00 | 00  00  00  00  00  00  00  00 
-60-  00  00  00  00  00  00  00  00 | 00  00  00  00  00  00  00  00 
-70-  00  00  00  00  00  00  00  00 | 00  00  00  00  00  00  00  00 
-80-  00  00  00  00  00  00  00  00 | 00  00  00  00  00  00  00  00 
-90-  00  00  00  00  00  00  00  00 | 00  00  00  00  00  00  00  00 
-A0-  00  00  00  00  00  00  00  00 | 00  00  00  00  00  00  00  00 
-B0-  00  00  00  00  00  00  00  00 | 00  00  00  00  00  00  00  00 
-C0-  00  00  00  00  00  00  00  00 | 00  00  00  00  00  00  00  00 
-D0-  00  00  00  00  00  00  00  00 | 00  00  00  00  00  00  00  00 
-E0-  00  00  00  00  00  00  00  00 | 00  00  00  00  00  00  00  00 
-F0-  00  00  00  00  00  00  00  00 | 00  00  00  00  00  00  00  00 



BANK 46
------00--01--02--03--04--05--06--07-|-08--09--0A--0B--0C--0D--0E--0F-
----------------------------------------------------------------------
-00-  00  00  00  00  00  00  00  00 | 00  00  00  00  00  00  00  00 
-10-  00  00  00  00  00  00  00  00 | 00  00  00  00  00  00  00  00 
-20-  00  00  00  00  00  00  00  00 | 00  00  00  00  00  00  00  00 
-30-  00  00  00  00  00  00  00  00 | 00  00  00  00  00  00  00  00 
-40-  00  00  00  00  00  00  00  00 | 00  00  00  00  00  00  00  00 
-50-  00  00  00  00  00  00  00  00 | 00  00  00  00  00  00  00  00 
-60-  00  00  00  00  00  00  00  00 | 00  00  00  00  00  00  00  00 
-70-  00  00  00  00  00  00  00  00 | 00  00  00  00  00  00  00  00 
-80-  00  00  00  00  00  00  00  00 | 00  00  00  00  00  00  00  00 
-90-  00  00  00  00  00  00  00  00 | 00  00  00  00  00  00  00  00 
-A0-  00  00  00  00  00  00  00  00 | 00  00  00  00  00  00  00  00 
-B0-  00  00  00  00  00  00  00  00 | 00  00  00  00  00  00  00  00 
-C0-  00  00  00  00  00  00  00  00 | 00  00  00  00  00  00  00  00 
-D0-  00  00  00  00  00  00  00  00 | 00  00  00  00  00  00  00  00 
-E0-  00  00  00  00  00  00  00  00 | 00  00  00  00  00  00  00  00 
-F0-  00  00  00  00  00  00  00  00 | 00  00  00  00  00  00  00  00 



BANK 47
------00--01--02--03--04--05--06--07-|-08--09--0A--0B--0C--0D--0E--0F-
----------------------------------------------------------------------
-00-  00  00  00  00  00  00  00  00 | 00  00  00  00  00  00  00  00 
-10-  00  00  00  00  00  00  00  00 | 00  00  00  00  00  00  00  00 
-20-  00  00  00  00  00  00  00  00 | 00  00  00  00  00  00  00  00 
-30-  00  00  00  00  00  00  00  00 | 00  00  00  00  00  00  00  00 
-40-  00  00  00  00  00  00  00  00 | 00  00  00  00  00  00  00  00 
-50-  00  00  00  00  00  00  00  00 | 00  00  00  00  00  00  00  00 
-60-  00  00  00  00  00  00  00  00 | 00  00  00  00  00  00  00  00 
-70-  00  00  00  00  00  00  00  00 | 00  00  00  00  00  00  00  00 
-80-  00  00  00  00  00  00  00  00 | 00  00  00  00  00  00  00  00 
-90-  00  00  00  00  00  00  00  00 | 00  00  00  00  00  00  00  00 
-A0-  00  00  00  00  00  00  00  00 | 00  00  00  00  00  00  00  00 
-B0-  00  00  00  00  00  00  00  00 | 00  00  00  00  00  00  00  00 
-C0-  00  00  00  00  00  00  00  00 | 00  00  00  00  00  00  00  00 
-D0-  00  00  00  00  00  00  00  00 | 00  00  00  00  00  00  00  00 
-E0-  00  00  00  00  00  00  00  00 | 00  00  00  00  00  00  00  00 
-F0-  00  00  00  00  00  00  00  00 | 00  00  00  00  00  00  00  00 



BANK INDIRECT
------00--01--02--03--04--05--06--07-|-08--09--0A--0B--0C--0D--0E--0F-
----------------------------------------------------------------------
-00-  00  00  00  00  00  00  00  00 | 00  00  00  00  00  00  00  00 
-10-  00  00  00  00  00  00  00  00 | 00  00  00  00  00  00  00  00 
-20-  00  00  00  00  00  00  00  00 | 00  00  00  00  00  00  00  00 
-30-  00  00  00  00  00  00  00  00 | 00  00  00  00  00  00  00  00 
-40-  00  00  00  00  00  00  00  00 | 00  00  00  00  00  00  00  00 
-50-  00  00  00  00  00  00  00  00 | 00  00  00  00  00  00  00  00 
-60-  00  00  00  00  00  00  00  00 | 00  00  00  00  00  00  00  00 
-70-  00  00  00  00  00  00  00  00 | 00  00  00  00  00  00  00  00 
-80-  00  00  00  00  00  00  00  00 | 00  00  00  00  00  00  00  00 
-90-  00  00  00  00  00  00  00  00 | 00  00  00  00  00  00  00  00 
-A0-  00  00  00  00  00  00  00  00 | 00  00  00  00  00  00  00  00 
-B0-  00  00  00  00  00  00  00  00 | 00  00  00  00  00  00  00  00 
-C0-  00  00  00  00  00  00  00  00 | 00  00  00  00  00  00  00  00 
-D0-  00  00  00  00  00  00  00  00 | 00  00  00  00  00  00  00  00 
-E0-  00  00  00  00  00  00  00  00 | 00  00  00  00  00  00  00  00 
-F0-  00  00  00  00  00  00  00  00 | 00  00  00  00  00  00  00  00 



BANK 49
------00--01--02--03--04--05--06--07-|-08--09--0A--0B--0C--0D--0E--0F-
----------------------------------------------------------------------
-00-  00  00  00  00  00  00  00  00 | 00  00  00  00  00  00  00  00 
-10-  00  00  00  00  00  00  00  00 | 00  00  00  00  00  00  00  00 
-20-  00  00  00  00  00  00  00  00 | 00  00  00  00  00  00  00  00 
-30-  00  00  00  00  00  00  00  00 | 00  00  00  00  00  00  00  00 
-40-  00  00  00  00  00  00  00  00 | 00  00  00  00  00  00  00  00 
-50-  00  00  00  00  00  00  00  00 | 00  00  00  00  00  00  00  00 
-60-  00  00  00  00  00  00  00  00 | 00  00  00  00  00  00  00  00 
-70-  00  00  00  00  00  00  00  00 | 00  00  00  00  00  00  00  00 
-80-  00  00  00  00  00  00  00  00 | 00  00  00  00  00  00  00  00 
-90-  00  00  00  00  00  00  00  00 | 00  00  00  00  00  00  00  00 
-A0-  00  00  00  00  00  00  00  00 | 00  00  00  00  00  00  00  00 
-B0-  00  00  00  00  00  00  00  00 | 00  00  00  00  00  00  00  00 
-C0-  00  00  00  00  00  00  00  00 | 00  00  00  00  00  00  00  00 
-D0-  00  00  00  00  00  00  00  00 | 00  00  00  00  00  00  00  00 
-E0-  00  00  00  00  00  00  00  00 | 00  00  00  00  00  00  00  00 
-F0-  00  00  00  00  00  00  00  00 | 00  00  00  00  00  00  00  00 



BANK 4A
------00--01--02--03--04--05--06--07-|-08--09--0A--0B--0C--0D--0E--0F-
----------------------------------------------------------------------
-00-  00  00  00  00  00  00  00  00 | 00  00  00  00  00  00  00  00 
-10-  00  00  00  00  00  00  00  00 | 00  00  00  00  00  00  00  00 
-20-  00  00  00  00  00  00  00  00 | 00  00  00  00  00  00  00  00 
-30-  00  00  00  00  00  00  00  00 | 00  00  00  00  00  00  00  00 
-40-  00  00  00  00  00  00  00  00 | 00  00  00  00  00  00  00  00 
-50-  00  00  00  00  00  00  00  00 | 00  00  00  00  00  00  00  00 
-60-  00  00  00  00  00  00  00  00 | 00  00  00  00  00  00  00  00 
-70-  00  00  00  00  00  00  00  00 | 00  00  00  00  00  00  00  00 
-80-  00  00  00  00  00  00  00  00 | 00  00  00  00  00  00  00  00 
-90-  00  00  00  00  00  00  00  00 | 00  00  00  00  00  00  00  00 
-A0-  00  00  00  00  00  00  00  00 | 00  00  00  00  00  00  00  00 
-B0-  00  00  00  00  00  00  00  00 | 00  00  00  00  00  00  00  00 
-C0-  00  00  00  00  00  00  00  00 | 00  00  00  00  00  00  00  00 
-D0-  00  00  00  00  00  00  00  00 | 00  00  00  00  00  00  00  00 
-E0-  00  00  00  00  00  00  00  00 | 00  00  00  00  00  00  00  00 
-F0-  00  00  00  00  00  00  00  00 | 00  00  00  00  00  00  00  00 



BANK 4B
------00--01--02--03--04--05--06--07-|-08--09--0A--0B--0C--0D--0E--0F-
----------------------------------------------------------------------
-00-  00  00  00  00  00  00  00  00 | 00  00  00  00  00  00  00  00 
-10-  00  00  00  00  00  00  00  00 | 00  00  00  00  00  00  00  00 
-20-  00  00  00  00  00  00  00  00 | 00  00  00  00  00  00  00  00 
-30-  00  00  00  00  00  00  00  00 | 00  00  00  00  00  00  00  00 
-40-  00  00  00  00  00  00  00  00 | 00  00  00  00  00  00  00  00 
-50-  00  00  00  00  00  00  00  00 | 00  00  00  00  00  00  00  00 
-60-  00  00  00  00  00  00  00  00 | 00  00  00  00  00  00  00  00 
-70-  00  00  00  00  00  00  00  00 | 00  00  00  00  00  00  00  00 
-80-  00  00  00  00  00  00  00  00 | 00  00  00  00  00  00  00  00 
-90-  00  00  00  00  00  00  00  00 | 00  00  00  00  00  00  00  00 
-A0-  00  00  00  00  00  00  00  00 | 00  00  00  00  00  00  00  00 
-B0-  00  00  00  00  00  00  00  00 | 00  00  00  00  00  00  00  00 
-C0-  00  00  00  00  00  00  00  00 | 00  00  00  00  00  00  00  00 
-D0-  00  00  00  00  00  00  00  00 | 00  00  00  00  00  00  00  00 
-E0-  00  00  00  00  00  00  00  00 | 00  00  00  00  00  00  00  00 
-F0-  00  00  00  00  00  00  00  00 | 00  00  00  00  00  00  00  00 



BANK 4C
------00--01--02--03--04--05--06--07-|-08--09--0A--0B--0C--0D--0E--0F-
----------------------------------------------------------------------
-00-  00  00  00  00  00  00  00  00 | 00  00  00  00  00  00  00  00 
-10-  00  00  00  00  00  00  00  00 | 00  00  00  00  00  00  00  00 
-20-  00  00  00  00  00  00  00  00 | 00  00  00  00  00  00  00  00 
-30-  00  00  00  00  00  00  00  00 | 00  00  00  00  00  00  00  00 
-40-  00  00  00  00  00  00  00  00 | 00  00  00  00  00  00  00  00 
-50-  00  00  00  00  00  00  00  00 | 00  00  00  00  00  00  00  00 
-60-  00  00  00  00  00  00  00  00 | 00  00  00  00  00  00  00  00 
-70-  00  00  00  00  00  00  00  00 | 00  00  00  00  00  00  00  00 
-80-  00  00  00  00  00  00  00  00 | 00  00  00  00  00  00  00  00 
-90-  00  00  00  00  00  00  00  00 | 00  00  00  00  00  00  00  00 
-A0-  00  00  00  00  00  00  00  00 | 00  00  00  00  00  00  00  00 
-B0-  00  00  00  00  00  00  00  00 | 00  00  00  00  00  00  00  00 
-C0-  00  00  00  00  00  00  00  00 | 00  00  00  00  00  00  00  00 
-D0-  00  00  00  00  00  00  00  00 | 00  00  00  00  00  00  00  00 
-E0-  00  00  00  00  00  00  00  00 | 00  00  00  00  00  00  00  00 
-F0-  00  00  00  00  00  00  00  00 | 00  00  00  00  00  00  00  00 



BANK 4D
------00--01--02--03--04--05--06--07-|-08--09--0A--0B--0C--0D--0E--0F-
----------------------------------------------------------------------
-00-  00  00  00  00  00  00  00  00 | 00  00  00  00  00  00  00  00 
-10-  00  00  00  00  00  00  00  00 | 00  00  00  00  00  00  00  00 
-20-  00  00  00  00  00  00  00  00 | 00  00  00  00  00  00  00  00 
-30-  00  00  00  00  00  00  00  00 | 00  00  00  00  00  00  00  00 
-40-  00  00  00  00  00  00  00  00 | 00  00  00  00  00  00  00  00 
-50-  00  00  00  00  00  00  00  00 | 00  00  00  00  00  00  00  00 
-60-  00  00  00  00  00  00  00  00 | 00  00  00  00  00  00  00  00 
-70-  00  00  00  00  00  00  00  00 | 00  00  00  00  00  00  00  00 
-80-  00  00  00  00  00  00  00  00 | 00  00  00  00  00  00  00  00 
-90-  00  00  00  00  00  00  00  00 | 00  00  00  00  00  00  00  00 
-A0-  00  00  00  00  00  00  00  00 | 00  00  00  00  00  00  00  00 
-B0-  00  00  00  00  00  00  00  00 | 00  00  00  00  00  00  00  00 
-C0-  00  00  00  00  00  00  00  00 | 00  00  00  00  00  00  00  00 
-D0-  00  00  00  00  00  00  00  00 | 00  00  00  00  00  00  00  00 
-E0-  00  00  00  00  00  00  00  00 | 00  00  00  00  00  00  00  00 
-F0-  00  00  00  00  00  00  00  00 | 00  00  00  00  00  00  00  00 



BANK 4E
------00--01--02--03--04--05--06--07-|-08--09--0A--0B--0C--0D--0E--0F-
----------------------------------------------------------------------
-00-  00  00  00  00  00  00  00  00 | 00  00  00  00  00  00  00  00 
-10-  00  00  00  00  00  00  00  00 | 00  00  00  00  00  00  00  00 
-20-  00  00  00  00  00  00  00  00 | 00  00  00  00  00  00  00  00 
-30-  00  00  00  00  00  00  00  00 | 00  00  00  00  00  00  00  00 
-40-  00  00  00  00  00  00  00  00 | 00  00  00  00  00  00  00  00 
-50-  00  00  00  00  00  00  00  00 | 00  00  00  00  00  00  00  00 
-60-  00  00  00  00  00  00  00  00 | 00  00  00  00  00  00  00  00 
-70-  00  00  00  00  00  00  00  00 | 00  00  00  00  00  00  00  00 
-80-  00  00  00  00  00  00  00  00 | 00  00  00  00  00  00  00  00 
-90-  00  00  00  00  00  00  00  00 | 00  00  00  00  00  00  00  00 
-A0-  00  00  00  00  00  00  00  00 | 00  00  00  00  00  00  00  00 
-B0-  00  00  00  00  00  00  00  00 | 00  00  00  00  00  00  00  00 
-C0-  00  00  00  00  00  00  00  00 | 00  00  00  00  00  00  00  00 
-D0-  00  00  00  00  00  00  00  00 | 00  00  00  00  00  00  00  00 
-E0-  00  00  00  00  00  00  00  00 | 00  00  00  00  00  00  00  00 
-F0-  00  00  00  00  00  00  00  00 | 00  00  00  00  00  00  00  00 



BANK 4F
------00--01--02--03--04--05--06--07-|-08--09--0A--0B--0C--0D--0E--0F-
----------------------------------------------------------------------
-00-  00  00  00  00  00  00  00  00 | 00  00  00  00  00  00  00  00 
-10-  00  00  00  00  00  00  00  00 | 00  00  00  00  00  00  00  00 
-20-  00  00  00  00  00  00  00  00 | 00  00  00  00  00  00  00  00 
-30-  00  00  00  00  00  00  00  00 | 00  00  00  00  00  00  00  00 
-40-  00  00  00  00  00  00  00  00 | 00  00  00  00  00  00  00  00 
-50-  00  00  00  00  00  00  00  00 | 00  00  00  00  00  00  00  00 
-60-  00  00  00  00  00  00  00  00 | 00  00  00  00  00  00  00  00 
-70-  00  00  00  00  00  00  00  00 | 00  00  00  00  00  00  00  00 
-80-  00  00  00  00  00  00  00  00 | 00  00  00  00  00  00  00  00 
-90-  00  00  00  00  00  00  00  00 | 00  00  00  00  00  00  00  00 
-A0-  00  00  00  00  00  00  00  00 | 00  00  00  00  00  00  00  00 
-B0-  00  00  00  00  00  00  00  00 | 00  00  00  00  00  00  00  00 
-C0-  00  00  00  00  00  00  00  00 | 00  00  00  00  00  00  00  00 
-D0-  00  00  00  00  00  00  00  00 | 00  00  00  00  00  00  00  00 
-E0-  00  00  00  00  00  00  00  00 | 00  00  00  00  00  00  00  00 
-F0-  00  00  00  00  00  00  00  00 | 00  00  00  00  00  00  00  00 



BANK 50
------00--01--02--03--04--05--06--07-|-08--09--0A--0B--0C--0D--0E--0F-
----------------------------------------------------------------------
-00-  00  00  00  00  00  00  00  00 | 00  00  00  00  00  00  00  00 
-10-  00  00  00  00  00  00  00  00 | 00  00  00  00  00  00  00  00 
-20-  00  00  00  00  00  00  00  00 | 00  00  00  00  00  00  00  00 
-30-  00  00  00  00  00  00  00  00 | 00  00  00  00  00  00  00  00 
-40-  00  00  00  00  00  00  00  00 | 00  00  00  00  00  00  00  00 
-50-  00  00  00  00  00  00  00  00 | 00  00  00  00  00  00  00  00 
-60-  00  00  00  00  00  00  00  00 | 00  00  00  00  00  00  00  00 
-70-  00  00  00  00  00  00  00  00 | 00  00  00  00  00  00  00  00 
-80-  00  00  00  00  00  00  00  00 | 00  00  00  00  00  00  00  00 
-90-  00  00  00  00  00  00  00  00 | 00  00  00  00  00  00  00  00 
-A0-  00  00  00  00  00  00  00  00 | 00  00  00  00  00  00  00  00 
-B0-  00  00  00  00  00  00  00  00 | 00  00  00  00  00  00  00  00 
-C0-  00  00  00  00  00  00  00  00 | 00  00  00  00  00  00  00  00 
-D0-  00  00  00  00  00  00  00  00 | 00  00  00  00  00  00  00  00 
-E0-  00  00  00  00  00  00  00  00 | 00  00  00  00  00  00  00  00 
-F0-  00  00  00  00  00  00  00  00 | 00  00  00  00  00  00  00  00 



BANK 51
------00--01--02--03--04--05--06--07-|-08--09--0A--0B--0C--0D--0E--0F-
----------------------------------------------------------------------
-00-  00  00  00  00  00  00  00  00 | 00  00  00  00  00  00  00  00 
-10-  00  00  00  00  00  00  00  00 | 00  00  00  00  00  00  00  00 
-20-  00  00  00  00  00  00  00  00 | 00  00  00  00  00  00  00  00 
-30-  00  00  00  00  00  00  00  00 | 00  00  00  00  00  00  00  00 
-40-  00  00  00  00  00  00  00  00 | 00  00  00  00  00  00  00  00 
-50-  00  00  00  00  00  00  00  00 | 00  00  00  00  00  00  00  00 
-60-  00  00  00  00  00  00  00  00 | 00  00  00  00  00  00  00  00 
-70-  00  00  00  00  00  00  00  00 | 00  00  00  00  00  00  00  00 
-80-  00  00  00  00  00  00  00  00 | 00  00  00  00  00  00  00  00 
-90-  00  00  00  00  00  00  00  00 | 00  00  00  00  00  00  00  00 
-A0-  00  00  00  00  00  00  00  00 | 00  00  00  00  00  00  00  00 
-B0-  00  00  00  00  00  00  00  00 | 00  00  00  00  00  00  00  00 
-C0-  00  00  00  00  00  00  00  00 | 00  00  00  00  00  00  00  00 
-D0-  00  00  00  00  00  00  00  00 | 00  00  00  00  00  00  00  00 
-E0-  00  00  00  00  00  00  00  00 | 00  00  00  00  00  00  00  00 
-F0-  00  00  00  00  00  00  00  00 | 00  00  00  00  00  00  00  00 



BANK 52
------00--01--02--03--04--05--06--07-|-08--09--0A--0B--0C--0D--0E--0F-
----------------------------------------------------------------------
-00-  00  00  00  00  00  00  00  00 | 00  00  00  00  00  00  00  00 
-10-  00  00  00  00  00  00  00  00 | 00  00  00  00  00  00  00  00 
-20-  00  00  00  00  00  00  00  00 | 00  00  00  00  00  00  00  00 
-30-  00  00  00  00  00  00  00  00 | 00  00  00  00  00  00  00  00 
-40-  00  00  00  00  00  00  00  00 | 00  00  00  00  00  00  00  00 
-50-  00  00  00  00  00  00  00  00 | 00  00  00  00  00  00  00  00 
-60-  00  00  00  00  00  00  00  00 | 00  00  00  00  00  00  00  00 
-70-  00  00  00  00  00  00  00  00 | 00  00  00  00  00  00  00  00 
-80-  00  00  00  00  00  00  00  00 | 00  00  00  00  00  00  00  00 
-90-  00  00  00  00  00  00  00  00 | 00  00  00  00  00  00  00  00 
-A0-  00  00  00  00  00  00  00  00 | 00  00  00  00  00  00  00  00 
-B0-  00  00  00  00  00  00  00  00 | 00  00  00  00  00  00  00  00 
-C0-  00  00  00  00  00  00  00  00 | 00  00  00  00  00  00  00  00 
-D0-  00  00  00  00  00  00  00  00 | 00  00  00  00  00  00  00  00 
-E0-  00  00  00  00  00  00  00  00 | 00  00  00  00  00  00  00  00 
-F0-  00  00  00  00  00  00  00  00 | 00  00  00  00  00  00  00  00 



BANK 53
------00--01--02--03--04--05--06--07-|-08--09--0A--0B--0C--0D--0E--0F-
----------------------------------------------------------------------
-00-  00  00  00  00  00  00  00  00 | 00  00  00  00  00  00  00  00 
-10-  00  00  00  00  00  00  00  00 | 00  00  00  00  00  00  00  00 
-20-  00  00  00  00  00  00  00  00 | 00  00  00  00  00  00  00  00 
-30-  00  00  00  00  00  00  00  00 | 00  00  00  00  00  00  00  00 
-40-  00  00  00  00  00  00  00  00 | 00  00  00  00  00  00  00  00 
-50-  00  00  00  00  00  00  00  00 | 00  00  00  00  00  00  00  00 
-60-  00  00  00  00  00  00  00  00 | 00  00  00  00  00  00  00  00 
-70-  00  00  00  00  00  00  00  00 | 00  00  00  00  00  00  00  00 
-80-  00  00  00  00  00  00  00  00 | 00  00  00  00  00  00  00  00 
-90-  00  00  00  00  00  00  00  00 | 00  00  00  00  00  00  00  00 
-A0-  00  00  00  00  00  00  00  00 | 00  00  00  00  00  00  00  00 
-B0-  00  00  00  00  00  00  00  00 | 00  00  00  00  00  00  00  00 
-C0-  00  00  00  00  00  00  00  00 | 00  00  00  00  00  00  00  00 
-D0-  00  00  00  00  00  00  00  00 | 00  00  00  00  00  00  00  00 
-E0-  00  00  00  00  00  00  00  00 | 00  00  00  00  00  00  00  00 
-F0-  00  00  00  00  00  00  00  00 | 00  00  00  00  00  00  00  00 



BANK 54
------00--01--02--03--04--05--06--07-|-08--09--0A--0B--0C--0D--0E--0F-
----------------------------------------------------------------------
-00-  00  00  00  00  00  00  00  00 | 00  00  00  00  00  00  00  00 
-10-  00  00  00  00  00  00  00  00 | 00  00  00  00  00  00  00  00 
-20-  00  00  00  00  00  00  00  00 | 00  00  00  00  00  00  00  00 
-30-  00  00  00  00  00  00  00  00 | 00  00  00  00  00  00  00  00 
-40-  00  00  00  00  00  00  00  00 | 00  00  00  00  00  00  00  00 
-50-  00  00  00  00  00  00  00  00 | 00  00  00  00  00  00  00  00 
-60-  00  00  00  00  00  00  00  00 | 00  00  00  00  00  00  00  00 
-70-  00  00  00  00  00  00  00  00 | 00  00  00  00  00  00  00  00 
-80-  00  00  00  00  00  00  00  00 | 00  00  00  00  00  00  00  00 
-90-  00  00  00  00  00  00  00  00 | 00  00  00  00  00  00  00  00 
-A0-  00  00  00  00  00  00  00  00 | 00  00  00  00  00  00  00  00 
-B0-  00  00  00  00  00  00  00  00 | 00  00  00  00  00  00  00  00 
-C0-  00  00  00  00  00  00  00  00 | 00  00  00  00  00  00  00  00 
-D0-  00  00  00  00  00  00  00  00 | 00  00  00  00  00  00  00  00 
-E0-  00  00  00  00  00  00  00  00 | 00  00  00  00  00  00  00  00 
-F0-  00  00  00  00  00  00  00  00 | 00  00  00  00  00  00  00  00 



BANK 55
------00--01--02--03--04--05--06--07-|-08--09--0A--0B--0C--0D--0E--0F-
----------------------------------------------------------------------
-00-  00  00  00  00  00  00  00  00 | 00  00  00  00  00  00  00  00 
-10-  00  00  00  00  00  00  00  00 | 00  00  00  00  00  00  00  00 
-20-  00  00  00  00  00  00  00  00 | 00  00  00  00  00  00  00  00 
-30-  00  00  00  00  00  00  00  00 | 00  00  00  00  00  00  00  00 
-40-  00  00  00  00  00  00  00  00 | 00  00  00  00  00  00  00  00 
-50-  00  00  00  00  00  00  00  00 | 00  00  00  00  00  00  00  00 
-60-  00  00  00  00  00  00  00  00 | 00  00  00  00  00  00  00  00 
-70-  00  00  00  00  00  00  00  00 | 00  00  00  00  00  00  00  00 
-80-  00  00  00  00  00  00  00  00 | 00  00  00  00  00  00  00  00 
-90-  00  00  00  00  00  00  00  00 | 00  00  00  00  00  00  00  00 
-A0-  00  00  00  00  00  00  00  00 | 00  00  00  00  00  00  00  00 
-B0-  00  00  00  00  00  00  00  00 | 00  00  00  00  00  00  00  00 
-C0-  00  00  00  00  00  00  00  00 | 00  00  00  00  00  00  00  00 
-D0-  00  00  00  00  00  00  00  00 | 00  00  00  00  00  00  00  00 
-E0-  00  00  00  00  00  00  00  00 | 00  00  00  00  00  00  00  00 
-F0-  00  00  00  00  00  00  00  00 | 00  00  00  00  00  00  00  00 



BANK 56
------00--01--02--03--04--05--06--07-|-08--09--0A--0B--0C--0D--0E--0F-
----------------------------------------------------------------------
-00-  00  00  00  00  00  00  00  00 | 00  00  00  00  00  00  00  00 
-10-  00  00  00  00  00  00  00  00 | 00  00  00  00  00  00  00  00 
-20-  00  00  00  00  00  00  00  00 | 00  00  00  00  00  00  00  00 
-30-  00  00  00  00  00  00  00  00 | 00  00  00  00  00  00  00  00 
-40-  00  00  00  00  00  00  00  00 | 00  00  00  00  00  00  00  00 
-50-  00  00  00  00  00  00  00  00 | 00  00  00  00  00  00  00  00 
-60-  00  00  00  00  00  00  00  00 | 00  00  00  00  00  00  00  00 
-70-  00  00  00  00  00  00  00  00 | 00  00  00  00  00  00  00  00 
-80-  00  00  00  00  00  00  00  00 | 00  00  00  00  00  00  00  00 
-90-  00  00  00  00  00  00  00  00 | 00  00  00  00  00  00  00  00 
-A0-  00  00  00  00  00  00  00  00 | 00  00  00  00  00  00  00  00 
-B0-  00  00  00  00  00  00  00  00 | 00  00  00  00  00  00  00  00 
-C0-  00  00  00  00  00  00  00  00 | 00  00  00  00  00  00  00  00 
-D0-  00  00  00  00  00  00  00  00 | 00  00  00  00  00  00  00  00 
-E0-  00  00  00  00  00  00  00  00 | 00  00  00  00  00  00  00  00 
-F0-  00  00  00  00  00  00  00  00 | 00  00  00  00  00  00  00  00 



BANK 57
------00--01--02--03--04--05--06--07-|-08--09--0A--0B--0C--0D--0E--0F-
----------------------------------------------------------------------
-00-  00  00  00  00  00  00  00  00 | 00  00  00  00  00  00  00  00 
-10-  00  00  00  00  00  00  00  00 | 00  00  00  00  00  00  00  00 
-20-  00  00  00  00  00  00  00  00 | 00  00  00  00  00  00  00  00 
-30-  00  00  00  00  00  00  00  00 | 00  00  00  00  00  00  00  00 
-40-  00  00  00  00  00  00  00  00 | 00  00  00  00  00  00  00  00 
-50-  00  00  00  00  00  00  00  00 | 00  00  00  00  00  00  00  00 
-60-  00  00  00  00  00  00  00  00 | 00  00  00  00  00  00  00  00 
-70-  00  00  00  00  00  00  00  00 | 00  00  00  00  00  00  00  00 
-80-  00  00  00  00  00  00  00  00 | 00  00  00  00  00  00  00  00 
-90-  00  00  00  00  00  00  00  00 | 00  00  00  00  00  00  00  00 
-A0-  00  00  00  00  00  00  00  00 | 00  00  00  00  00  00  00  00 
-B0-  00  00  00  00  00  00  00  00 | 00  00  00  00  00  00  00  00 
-C0-  00  00  00  00  00  00  00  00 | 00  00  00  00  00  00  00  00 
-D0-  00  00  00  00  00  00  00  00 | 00  00  00  00  00  00  00  00 
-E0-  00  00  00  00  00  00  00  00 | 00  00  00  00  00  00  00  00 
-F0-  00  00  00  00  00  00  00  00 | 00  00  00  00  00  00  00  00 



BANK 58
------00--01--02--03--04--05--06--07-|-08--09--0A--0B--0C--0D--0E--0F-
----------------------------------------------------------------------
-00-  00  00  00  00  00  00  00  00 | 00  00  00  00  00  00  00  00 
-10-  00  00  00  00  00  00  00  00 | 00  00  00  00  00  00  00  00 
-20-  00  00  00  00  00  00  00  00 | 00  00  00  00  00  00  00  00 
-30-  00  00  00  00  00  00  00  00 | 00  00  00  00  00  00  00  00 
-40-  00  00  00  00  00  00  00  00 | 00  00  00  00  00  00  00  00 
-50-  00  00  00  00  00  00  00  00 | 00  00  00  00  00  00  00  00 
-60-  00  00  00  00  00  00  00  00 | 00  00  00  00  00  00  00  00 
-70-  00  00  00  00  00  00  00  00 | 00  00  00  00  00  00  00  00 
-80-  00  00  00  00  00  00  00  00 | 00  00  00  00  00  00  00  00 
-90-  00  00  00  00  00  00  00  00 | 00  00  00  00  00  00  00  00 
-A0-  00  00  00  00  00  00  00  00 | 00  00  00  00  00  00  00  00 
-B0-  00  00  00  00  00  00  00  00 | 00  00  00  00  00  00  00  00 
-C0-  00  00  00  00  00  00  00  00 | 00  00  00  00  00  00  00  00 
-D0-  00  00  00  00  00  00  00  00 | 00  00  00  00  00  00  00  00 
-E0-  00  00  00  00  00  00  00  00 | 00  00  00  00  00  00  00  00 
-F0-  00  00  00  00  00  00  00  00 | 00  00  00  00  00  00  00  00 



BANK 59
------00--01--02--03--04--05--06--07-|-08--09--0A--0B--0C--0D--0E--0F-
----------------------------------------------------------------------
-00-  00  00  00  00  00  00  00  00 | 00  00  00  00  00  00  00  00 
-10-  00  00  00  00  00  00  00  00 | 00  00  00  00  00  00  00  00 
-20-  00  00  00  00  00  00  00  00 | 00  00  00  00  00  00  00  00 
-30-  00  00  00  00  00  00  00  00 | 00  00  00  00  00  00  00  00 
-40-  00  00  00  00  00  00  00  00 | 00  00  00  00  00  00  00  00 
-50-  00  00  00  00  00  00  00  00 | 00  00  00  00  00  00  00  00 
-60-  00  00  00  00  00  00  00  00 | 00  00  00  00  00  00  00  00 
-70-  00  00  00  00  00  00  00  00 | 00  00  00  00  00  00  00  00 
-80-  00  00  00  00  00  00  00  00 | 00  00  00  00  00  00  00  00 
-90-  00  00  00  00  00  00  00  00 | 00  00  00  00  00  00  00  00 
-A0-  00  00  00  00  00  00  00  00 | 00  00  00  00  00  00  00  00 
-B0-  00  00  00  00  00  00  00  00 | 00  00  00  00  00  00  00  00 
-C0-  00  00  00  00  00  00  00  00 | 00  00  00  00  00  00  00  00 
-D0-  00  00  00  00  00  00  00  00 | 00  00  00  00  00  00  00  00 
-E0-  00  00  00  00  00  00  00  00 | 00  00  00  00  00  00  00  00 
-F0-  00  00  00  00  00  00  00  00 | 00  00  00  00  00  00  00  00 



BANK 5A
------00--01--02--03--04--05--06--07-|-08--09--0A--0B--0C--0D--0E--0F-
----------------------------------------------------------------------
-00-  00  00  00  00  00  00  00  00 | 00  00  00  00  00  00  00  00 
-10-  00  00  00  00  00  00  00  00 | 00  00  00  00  00  00  00  00 
-20-  00  00  00  00  00  00  00  00 | 00  00  00  00  00  00  00  00 
-30-  00  00  00  00  00  00  00  00 | 00  00  00  00  00  00  00  00 
-40-  00  00  00  00  00  00  00  00 | 00  00  00  00  00  00  00  00 
-50-  00  00  00  00  00  00  00  00 | 00  00  00  00  00  00  00  00 
-60-  00  00  00  00  00  00  00  00 | 00  00  00  00  00  00  00  00 
-70-  00  00  00  00  00  00  00  00 | 00  00  00  00  00  00  00  00 
-80-  00  00  00  00  00  00  00  00 | 00  00  00  00  00  00  00  00 
-90-  00  00  00  00  00  00  00  00 | 00  00  00  00  00  00  00  00 
-A0-  00  00  00  00  00  00  00  00 | 00  00  00  00  00  00  00  00 
-B0-  00  00  00  00  00  00  00  00 | 00  00  00  00  00  00  00  00 
-C0-  00  00  00  00  00  00  00  00 | 00  00  00  00  00  00  00  00 
-D0-  00  00  00  00  00  00  00  00 | 00  00  00  00  00  00  00  00 
-E0-  00  00  00  00  00  00  00  00 | 00  00  00  00  00  00  00  00 
-F0-  00  00  00  00  00  00  00  00 | 00  00  00  00  00  00  00  00 



BANK 5B
------00--01--02--03--04--05--06--07-|-08--09--0A--0B--0C--0D--0E--0F-
----------------------------------------------------------------------
-00-  00  00  00  00  00  00  00  00 | 00  00  00  00  00  00  00  00 
-10-  00  00  00  00  00  00  00  00 | 00  00  00  00  00  00  00  00 
-20-  00  00  00  00  00  00  00  00 | 00  00  00  00  00  00  00  00 
-30-  00  00  00  00  00  00  00  00 | 00  00  00  00  00  00  00  00 
-40-  00  00  00  00  00  00  00  00 | 00  00  00  00  00  00  00  00 
-50-  00  00  00  00  00  00  00  00 | 00  00  00  00  00  00  00  00 
-60-  00  00  00  00  00  00  00  00 | 00  00  00  00  00  00  00  00 
-70-  00  00  00  00  00  00  00  00 | 00  00  00  00  00  00  00  00 
-80-  00  00  00  00  00  00  00  00 | 00  00  00  00  00  00  00  00 
-90-  00  00  00  00  00  00  00  00 | 00  00  00  00  00  00  00  00 
-A0-  00  00  00  00  00  00  00  00 | 00  00  00  00  00  00  00  00 
-B0-  00  00  00  00  00  00  00  00 | 00  00  00  00  00  00  00  00 
-C0-  00  00  00  00  00  00  00  00 | 00  00  00  00  00  00  00  00 
-D0-  00  00  00  00  00  00  00  00 | 00  00  00  00  00  00  00  00 
-E0-  00  00  00  00  00  00  00  00 | 00  00  00  00  00  00  00  00 
-F0-  00  00  00  00  00  00  00  00 | 00  00  00  00  00  00  00  00 



BANK 5C
------00--01--02--03--04--05--06--07-|-08--09--0A--0B--0C--0D--0E--0F-
----------------------------------------------------------------------
-00-  00  00  00  00  00  00  00  00 | 00  00  00  00  00  00  00  00 
-10-  00  00  00  00  00  00  00  00 | 00  00  00  00  00  00  00  00 
-20-  00  00  00  00  00  00  00  00 | 00  00  00  00  00  00  00  00 
-30-  00  00  00  00  00  00  00  00 | 00  00  00  00  00  00  00  00 
-40-  00  00  00  00  00  00  00  00 | 00  00  00  00  00  00  00  00 
-50-  00  00  00  00  00  00  00  00 | 00  00  00  00  00  00  00  00 
-60-  00  00  00  00  00  00  00  00 | 00  00  00  00  00  00  00  00 
-70-  00  00  00  00  00  00  00  00 | 00  00  00  00  00  00  00  00 
-80-  00  00  00  00  00  00  00  00 | 00  00  00  00  00  00  00  00 
-90-  00  00  00  00  00  00  00  00 | 00  00  00  00  00  00  00  00 
-A0-  00  00  00  00  00  00  00  00 | 00  00  00  00  00  00  00  00 
-B0-  00  00  00  00  00  00  00  00 | 00  00  00  00  00  00  00  00 
-C0-  00  00  00  00  00  00  00  00 | 00  00  00  00  00  00  00  00 
-D0-  00  00  00  00  00  00  00  00 | 00  00  00  00  00  00  00  00 
-E0-  00  00  00  00  00  00  00  00 | 00  00  00  00  00  00  00  00 
-F0-  00  00  00  00  00  00  00  00 | 00  00  00  00  00  00  00  00 



BANK 5D
------00--01--02--03--04--05--06--07-|-08--09--0A--0B--0C--0D--0E--0F-
----------------------------------------------------------------------
-00-  00  00  00  00  00  00  00  00 | 00  00  00  00  00  00  00  00 
-10-  00  00  00  00  00  00  00  00 | 00  00  00  00  00  00  00  00 
-20-  00  00  00  00  00  00  00  00 | 00  00  00  00  00  00  00  00 
-30-  00  00  00  00  00  00  00  00 | 00  00  00  00  00  00  00  00 
-40-  00  00  00  00  00  00  00  00 | 00  00  00  00  00  00  00  00 
-50-  00  00  00  00  00  00  00  00 | 00  00  00  00  00  00  00  00 
-60-  00  00  00  00  00  00  00  00 | 00  00  00  00  00  00  00  00 
-70-  00  00  00  00  00  00  00  00 | 00  00  00  00  00  00  00  00 
-80-  00  00  00  00  00  00  00  00 | 00  00  00  00  00  00  00  00 
-90-  00  00  00  00  00  00  00  00 | 00  00  00  00  00  00  00  00 
-A0-  00  00  00  00  00  00  00  00 | 00  00  00  00  00  00  00  00 
-B0-  00  00  00  00  00  00  00  00 | 00  00  00  00  00  00  00  00 
-C0-  00  00  00  00  00  00  00  00 | 00  00  00  00  00  00  00  00 
-D0-  00  00  00  00  00  00  00  00 | 00  00  00  00  00  00  00  00 
-E0-  00  00  00  00  00  00  00  00 | 00  00  00  00  00  00  00  00 
-F0-  00  00  00  00  00  00  00  00 | 00  00  00  00  00  00  00  00 



BANK 5E
------00--01--02--03--04--05--06--07-|-08--09--0A--0B--0C--0D--0E--0F-
----------------------------------------------------------------------
-00-  00  00  00  00  00  00  00  00 | 00  00  00  00  00  00  00  00 
-10-  00  00  00  00  00  00  00  00 | 00  00  00  00  00  00  00  00 
-20-  00  00  00  00  00  00  00  00 | 00  00  00  00  00  00  00  00 
-30-  00  00  00  00  00  00  00  00 | 00  00  00  00  00  00  00  00 
-40-  00  00  00  00  00  00  00  00 | 00  00  00  00  00  00  00  00 
-50-  00  00  00  00  00  00  00  00 | 00  00  00  00  00  00  00  00 
-60-  00  00  00  00  00  00  00  00 | 00  00  00  00  00  00  00  00 
-70-  00  00  00  00  00  00  00  00 | 00  00  00  00  00  00  00  00 
-80-  00  00  00  00  00  00  00  00 | 00  00  00  00  00  00  00  00 
-90-  00  00  00  00  00  00  00  00 | 00  00  00  00  00  00  00  00 
-A0-  00  00  00  00  00  00  00  00 | 00  00  00  00  00  00  00  00 
-B0-  00  00  00  00  00  00  00  00 | 00  00  00  00  00  00  00  00 
-C0-  00  00  00  00  00  00  00  00 | 00  00  00  00  00  00  00  00 
-D0-  00  00  00  00  00  00  00  00 | 00  00  00  00  00  00  00  00 
-E0-  00  00  00  00  00  00  00  00 | 00  00  00  00  00  00  00  00 
-F0-  00  00  00  00  00  00  00  00 | 00  00  00  00  00  00  00  00 



BANK 5F
------00--01--02--03--04--05--06--07-|-08--09--0A--0B--0C--0D--0E--0F-
----------------------------------------------------------------------
-00-  00  00  00  00  00  00  00  00 | 00  00  00  00  00  00  00  00 
-10-  00  00  00  00  00  00  00  00 | 00  00  00  00  00  00  00  00 
-20-  00  00  00  00  00  00  00  00 | 00  00  00  00  00  00  00  00 
-30-  00  00  00  00  00  00  00  00 | 00  00  00  00  00  00  00  00 
-40-  00  00  00  00  00  00  00  00 | 00  00  00  00  00  00  00  00 
-50-  00  00  00  00  00  00  00  00 | 00  00  00  00  00  00  00  00 
-60-  00  00  00  00  00  00  00  00 | 00  00  00  00  00  00  00  00 
-70-  00  00  00  00  00  00  00  00 | 00  00  00  00  00  00  00  00 
-80-  00  00  00  00  00  00  00  00 | 00  00  00  00  00  00  00  00 
-90-  00  00  00  00  00  00  00  00 | 00  00  00  00  00  00  00  00 
-A0-  00  00  00  00  00  00  00  00 | 00  00  00  00  00  00  00  00 
-B0-  00  00  00  00  00  00  00  00 | 00  00  00  00  00  00  00  00 
-C0-  00  00  00  00  00  00  00  00 | 00  00  00  00  00  00  00  00 
-D0-  00  00  00  00  00  00  00  00 | 00  00  00  00  00  00  00  00 
-E0-  00  00  00  00  00  00  00  00 | 00  00  00  00  00  00  00  00 
-F0-  00  00  00  00  00  00  00  00 | 00  00  00  00  00  00  00  00 



BANK 60
------00--01--02--03--04--05--06--07-|-08--09--0A--0B--0C--0D--0E--0F-
----------------------------------------------------------------------
-00-  00  00  00  00  00  00  00  00 | 00  00  00  00  00  00  00  00 
-10-  00  00  00  00  00  00  00  00 | 00  00  00  00  00  00  00  00 
-20-  00  00  00  00  00  00  00  00 | 00  00  00  00  00  00  00  00 
-30-  00  00  00  00  00  00  00  00 | 00  00  00  00  00  00  00  00 
-40-  00  00  00  00  00  00  00  00 | 00  00  00  00  00  00  00  00 
-50-  00  00  00  00  00  00  00  00 | 00  00  00  00  00  00  00  00 
-60-  00  00  00  00  00  00  00  00 | 00  00  00  00  00  00  00  00 
-70-  00  00  00  00  00  00  00  00 | 00  00  00  00  00  00  00  00 
-80-  00  00  00  00  00  00  00  00 | 00  00  00  00  00  00  00  00 
-90-  00  00  00  00  00  00  00  00 | 00  00  00  00  00  00  00  00 
-A0-  00  00  00  00  00  00  00  00 | 00  00  00  00  00  00  00  00 
-B0-  00  00  00  00  00  00  00  00 | 00  00  00  00  00  00  00  00 
-C0-  00  00  00  00  00  00  00  00 | 00  00  00  00  00  00  00  00 
-D0-  00  00  00  00  00  00  00  00 | 00  00  00  00  00  00  00  00 
-E0-  00  00  00  00  00  00  00  00 | 00  00  00  00  00  00  00  00 
-F0-  00  00  00  00  00  00  00  00 | 00  00  00  00  00  00  00  00 



BANK 61
------00--01--02--03--04--05--06--07-|-08--09--0A--0B--0C--0D--0E--0F-
----------------------------------------------------------------------
-00-  00  00  00  00  00  00  00  00 | 00  00  00  00  00  00  00  00 
-10-  00  00  00  00  00  00  00  00 | 00  00  00  00  00  00  00  00 
-20-  00  00  00  00  00  00  00  00 | 00  00  00  00  00  00  00  00 
-30-  00  00  00  00  00  00  00  00 | 00  00  00  00  00  00  00  00 
-40-  00  00  00  00  00  00  00  00 | 00  00  00  00  00  00  00  00 
-50-  00  00  00  00  00  00  00  00 | 00  00  00  00  00  00  00  00 
-60-  00  00  00  00  00  00  00  00 | 00  00  00  00  00  00  00  00 
-70-  00  00  00  00  00  00  00  00 | 00  00  00  00  00  00  00  00 
-80-  00  00  00  00  00  00  00  00 | 00  00  00  00  00  00  00  00 
-90-  00  00  00  00  00  00  00  00 | 00  00  00  00  00  00  00  00 
-A0-  00  00  00  00  00  00  00  00 | 00  00  00  00  00  00  00  00 
-B0-  00  00  00  00  00  00  00  00 | 00  00  00  00  00  00  00  00 
-C0-  00  00  00  00  00  00  00  00 | 00  00  00  00  00  00  00  00 
-D0-  00  00  00  00  00  00  00  00 | 00  00  00  00  00  00  00  00 
-E0-  00  00  00  00  00  00  00  00 | 00  00  00  00  00  00  00  00 
-F0-  00  00  00  00  00  00  00  00 | 00  00  00  00  00  00  00  00 



BANK 62
------00--01--02--03--04--05--06--07-|-08--09--0A--0B--0C--0D--0E--0F-
----------------------------------------------------------------------
-00-  00  00  00  00  00  00  00  00 | 00  00  00  00  00  00  00  00 
-10-  00  00  00  00  00  00  00  00 | 00  00  00  00  00  00  00  00 
-20-  00  00  00  00  00  00  00  00 | 00  00  00  00  00  00  00  00 
-30-  00  00  00  00  00  00  00  00 | 00  00  00  00  00  00  00  00 
-40-  00  00  00  00  00  00  00  00 | 00  00  00  00  00  00  00  00 
-50-  00  00  00  00  00  00  00  00 | 00  00  00  00  00  00  00  00 
-60-  00  00  00  00  00  00  00  00 | 00  00  00  00  00  00  00  00 
-70-  00  00  00  00  00  00  00  00 | 00  00  00  00  00  00  00  00 
-80-  00  00  00  00  00  00  00  00 | 00  00  00  00  00  00  00  00 
-90-  00  00  00  00  00  00  00  00 | 00  00  00  00  00  00  00  00 
-A0-  00  00  00  00  00  00  00  00 | 00  00  00  00  00  00  00  00 
-B0-  00  00  00  00  00  00  00  00 | 00  00  00  00  00  00  00  00 
-C0-  00  00  00  00  00  00  00  00 | 00  00  00  00  00  00  00  00 
-D0-  00  00  00  00  00  00  00  00 | 00  00  00  00  00  00  00  00 
-E0-  00  00  00  00  00  00  00  00 | 00  00  00  00  00  00  00  00 
-F0-  00  00  00  00  00  00  00  00 | 00  00  00  00  00  00  00  00 



BANK 63
------00--01--02--03--04--05--06--07-|-08--09--0A--0B--0C--0D--0E--0F-
----------------------------------------------------------------------
-00-  00  00  00  00  00  00  00  00 | 00  00  00  00  00  00  00  00 
-10-  00  00  00  00  00  00  00  00 | 00  00  00  00  00  00  00  00 
-20-  00  00  00  00  00  00  00  00 | 00  00  00  00  00  00  00  00 
-30-  00  00  00  00  00  00  00  00 | 00  00  00  00  00  00  00  00 
-40-  00  00  00  00  00  00  00  00 | 00  00  00  00  00  00  00  00 
-50-  00  00  00  00  00  00  00  00 | 00  00  00  00  00  00  00  00 
-60-  00  00  00  00  00  00  00  00 | 00  00  00  00  00  00  00  00 
-70-  00  00  00  00  00  00  00  00 | 00  00  00  00  00  00  00  00 
-80-  00  00  00  00  00  00  00  00 | 00  00  00  00  00  00  00  00 
-90-  00  00  00  00  00  00  00  00 | 00  00  00  00  00  00  00  00 
-A0-  00  00  00  00  00  00  00  00 | 00  00  00  00  00  00  00  00 
-B0-  00  00  00  00  00  00  00  00 | 00  00  00  00  00  00  00  00 
-C0-  00  00  00  00  00  00  00  00 | 00  00  00  00  00  00  00  00 
-D0-  00  00  00  00  00  00  00  00 | 00  00  00  00  00  00  00  00 
-E0-  00  00  00  00  00  00  00  00 | 00  00  00  00  00  00  00  00 
-F0-  00  00  00  00  00  00  00  00 | 00  00  00  00  00  00  00  00 



BANK 64
------00--01--02--03--04--05--06--07-|-08--09--0A--0B--0C--0D--0E--0F-
----------------------------------------------------------------------
-00-  00  00  00  00  00  00  00  00 | 00  00  00  00  00  00  00  00 
-10-  00  00  00  00  00  00  00  00 | 00  00  00  00  00  00  00  00 
-20-  00  00  00  00  00  00  00  00 | 00  00  00  00  00  00  00  00 
-30-  00  00  00  00  00  00  00  00 | 00  00  00  00  00  00  00  00 
-40-  00  00  00  00  00  00  00  00 | 00  00  00  00  00  00  00  00 
-50-  00  00  00  00  00  00  00  00 | 00  00  00  00  00  00  00  00 
-60-  00  00  00  00  00  00  00  00 | 00  00  00  00  00  00  00  00 
-70-  00  00  00  00  00  00  00  00 | 00  00  00  00  00  00  00  00 
-80-  00  00  00  00  00  00  00  00 | 00  00  00  00  00  00  00  00 
-90-  00  00  00  00  00  00  00  00 | 00  00  00  00  00  00  00  00 
-A0-  00  00  00  00  00  00  00  00 | 00  00  00  00  00  00  00  00 
-B0-  00  00  00  00  00  00  00  00 | 00  00  00  00  00  00  00  00 
-C0-  00  00  00  00  00  00  00  00 | 00  00  00  00  00  00  00  00 
-D0-  00  00  00  00  00  00  00  00 | 00  00  00  00  00  00  00  00 
-E0-  00  00  00  00  00  00  00  00 | 00  00  00  00  00  00  00  00 
-F0-  00  00  00  00  00  00  00  00 | 00  00  00  00  00  00  00  00 



BANK 65
------00--01--02--03--04--05--06--07-|-08--09--0A--0B--0C--0D--0E--0F-
----------------------------------------------------------------------
-00-  00  00  00  00  00  00  00  00 | 00  00  00  00  00  00  00  00 
-10-  00  00  00  00  00  00  00  00 | 00  00  00  00  00  00  00  00 
-20-  00  00  00  00  00  00  00  00 | 00  00  00  00  00  00  00  00 
-30-  00  00  00  00  00  00  00  00 | 00  00  00  00  00  00  00  00 
-40-  00  00  00  00  00  00  00  00 | 00  00  00  00  00  00  00  00 
-50-  00  00  00  00  00  00  00  00 | 00  00  00  00  00  00  00  00 
-60-  00  00  00  00  00  00  00  00 | 00  00  00  00  00  00  00  00 
-70-  00  00  00  00  00  00  00  00 | 00  00  00  00  00  00  00  00 
-80-  00  00  00  00  00  00  00  00 | 00  00  00  00  00  00  00  00 
-90-  00  00  00  00  00  00  00  00 | 00  00  00  00  00  00  00  00 
-A0-  00  00  00  00  00  00  00  00 | 00  00  00  00  00  00  00  00 
-B0-  00  00  00  00  00  00  00  00 | 00  00  00  00  00  00  00  00 
-C0-  00  00  00  00  00  00  00  00 | 00  00  00  00  00  00  00  00 
-D0-  00  00  00  00  00  00  00  00 | 00  00  00  00  00  00  00  00 
-E0-  00  00  00  00  00  00  00  00 | 00  00  00  00  00  00  00  00 
-F0-  00  00  00  00  00  00  00  00 | 00  00  00  00  00  00  00  00 



BANK 66
------00--01--02--03--04--05--06--07-|-08--09--0A--0B--0C--0D--0E--0F-
----------------------------------------------------------------------
-00-  00  00  00  00  00  00  00  00 | 00  00  00  00  00  00  00  00 
-10-  00  00  00  00  00  00  00  00 | 00  00  00  00  00  00  00  00 
-20-  00  00  00  00  00  00  00  00 | 00  00  00  00  00  00  00  00 
-30-  00  00  00  00  00  00  00  00 | 00  00  00  00  00  00  00  00 
-40-  00  00  00  00  00  00  00  00 | 00  00  00  00  00  00  00  00 
-50-  00  00  00  00  00  00  00  00 | 00  00  00  00  00  00  00  00 
-60-  00  00  00  00  00  00  00  00 | 00  00  00  00  00  00  00  00 
-70-  00  00  00  00  00  00  00  00 | 00  00  00  00  00  00  00  00 
-80-  00  00  00  00  00  00  00  00 | 00  00  00  00  00  00  00  00 
-90-  00  00  00  00  00  00  00  00 | 00  00  00  00  00  00  00  00 
-A0-  00  00  00  00  00  00  00  00 | 00  00  00  00  00  00  00  00 
-B0-  00  00  00  00  00  00  00  00 | 00  00  00  00  00  00  00  00 
-C0-  00  00  00  00  00  00  00  00 | 00  00  00  00  00  00  00  00 
-D0-  00  00  00  00  00  00  00  00 | 00  00  00  00  00  00  00  00 
-E0-  00  00  00  00  00  00  00  00 | 00  00  00  00  00  00  00  00 
-F0-  00  00  00  00  00  00  00  00 | 00  00  00  00  00  00  00  00 



BANK 67
------00--01--02--03--04--05--06--07-|-08--09--0A--0B--0C--0D--0E--0F-
----------------------------------------------------------------------
-00-  00  00  00  00  00  00  00  00 | 00  00  00  00  00  00  00  00 
-10-  00  00  00  00  00  00  00  00 | 00  00  00  00  00  00  00  00 
-20-  00  00  00  00  00  00  00  00 | 00  00  00  00  00  00  00  00 
-30-  00  00  00  00  00  00  00  00 | 00  00  00  00  00  00  00  00 
-40-  00  00  00  00  00  00  00  00 | 00  00  00  00  00  00  00  00 
-50-  00  00  00  00  00  00  00  00 | 00  00  00  00  00  00  00  00 
-60-  00  00  00  00  00  00  00  00 | 00  00  00  00  00  00  00  00 
-70-  00  00  00  00  00  00  00  00 | 00  00  00  00  00  00  00  00 
-80-  00  00  00  00  00  00  00  00 | 00  00  00  00  00  00  00  00 
-90-  00  00  00  00  00  00  00  00 | 00  00  00  00  00  00  00  00 
-A0-  00  00  00  00  00  00  00  00 | 00  00  00  00  00  00  00  00 
-B0-  00  00  00  00  00  00  00  00 | 00  00  00  00  00  00  00  00 
-C0-  00  00  00  00  00  00  00  00 | 00  00  00  00  00  00  00  00 
-D0-  00  00  00  00  00  00  00  00 | 00  00  00  00  00  00  00  00 
-E0-  00  00  00  00  00  00  00  00 | 00  00  00  00  00  00  00  00 
-F0-  00  00  00  00  00  00  00  00 | 00  00  00  00  00  00  00  00 



BANK 68
------00--01--02--03--04--05--06--07-|-08--09--0A--0B--0C--0D--0E--0F-
----------------------------------------------------------------------
-00-  00  00  00  00  00  00  00  00 | 00  00  00  00  00  00  00  00 
-10-  00  00  00  00  00  00  00  00 | 00  00  00  00  00  00  00  00 
-20-  00  00  00  00  00  00  00  00 | 00  00  00  00  00  00  00  00 
-30-  00  00  00  00  00  00  00  00 | 00  00  00  00  00  00  00  00 
-40-  00  00  00  00  00  00  00  00 | 00  00  00  00  00  00  00  00 
-50-  00  00  00  00  00  00  00  00 | 00  00  00  00  00  00  00  00 
-60-  00  00  00  00  00  00  00  00 | 00  00  00  00  00  00  00  00 
-70-  00  00  00  00  00  00  00  00 | 00  00  00  00  00  00  00  00 
-80-  00  00  00  00  00  00  00  00 | 00  00  00  00  00  00  00  00 
-90-  00  00  00  00  00  00  00  00 | 00  00  00  00  00  00  00  00 
-A0-  00  00  00  00  00  00  00  00 | 00  00  00  00  00  00  00  00 
-B0-  00  00  00  00  00  00  00  00 | 00  00  00  00  00  00  00  00 
-C0-  00  00  00  00  00  00  00  00 | 00  00  00  00  00  00  00  00 
-D0-  00  00  00  00  00  00  00  00 | 00  00  00  00  00  00  00  00 
-E0-  00  00  00  00  00  00  00  00 | 00  00  00  00  00  00  00  00 
-F0-  00  00  00  00  00  00  00  00 | 00  00  00  00  00  00  00  00 



BANK 69
------00--01--02--03--04--05--06--07-|-08--09--0A--0B--0C--0D--0E--0F-
----------------------------------------------------------------------
-00-  00  00  00  00  00  00  00  00 | 00  00  00  00  00  00  00  00 
-10-  00  00  00  00  00  00  00  00 | 00  00  00  00  00  00  00  00 
-20-  00  00  00  00  00  00  00  00 | 00  00  00  00  00  00  00  00 
-30-  00  00  00  00  00  00  00  00 | 00  00  00  00  00  00  00  00 
-40-  00  00  00  00  00  00  00  00 | 00  00  00  00  00  00  00  00 
-50-  00  00  00  00  00  00  00  00 | 00  00  00  00  00  00  00  00 
-60-  00  00  00  00  00  00  00  00 | 00  00  00  00  00  00  00  00 
-70-  00  00  00  00  00  00  00  00 | 00  00  00  00  00  00  00  00 
-80-  00  00  00  00  00  00  00  00 | 00  00  00  00  00  00  00  00 
-90-  00  00  00  00  00  00  00  00 | 00  00  00  00  00  00  00  00 
-A0-  00  00  00  00  00  00  00  00 | 00  00  00  00  00  00  00  00 
-B0-  00  00  00  00  00  00  00  00 | 00  00  00  00  00  00  00  00 
-C0-  00  00  00  00  00  00  00  00 | 00  00  00  00  00  00  00  00 
-D0-  00  00  00  00  00  00  00  00 | 00  00  00  00  00  00  00  00 
-E0-  00  00  00  00  00  00  00  00 | 00  00  00  00  00  00  00  00 
-F0-  00  00  00  00  00  00  00  00 | 00  00  00  00  00  00  00  00 



BANK 6A
------00--01--02--03--04--05--06--07-|-08--09--0A--0B--0C--0D--0E--0F-
----------------------------------------------------------------------
-00-  00  00  00  00  00  00  00  00 | 00  00  00  00  00  00  00  00 
-10-  00  00  00  00  00  00  00  00 | 00  00  00  00  00  00  00  00 
-20-  00  00  00  00  00  00  00  00 | 00  00  00  00  00  00  00  00 
-30-  00  00  00  00  00  00  00  00 | 00  00  00  00  00  00  00  00 
-40-  00  00  00  00  00  00  00  00 | 00  00  00  00  00  00  00  00 
-50-  00  00  00  00  00  00  00  00 | 00  00  00  00  00  00  00  00 
-60-  00  00  00  00  00  00  00  00 | 00  00  00  00  00  00  00  00 
-70-  00  00  00  00  00  00  00  00 | 00  00  00  00  00  00  00  00 
-80-  00  00  00  00  00  00  00  00 | 00  00  00  00  00  00  00  00 
-90-  00  00  00  00  00  00  00  00 | 00  00  00  00  00  00  00  00 
-A0-  00  00  00  00  00  00  00  00 | 00  00  00  00  00  00  00  00 
-B0-  00  00  00  00  00  00  00  00 | 00  00  00  00  00  00  00  00 
-C0-  00  00  00  00  00  00  00  00 | 00  00  00  00  00  00  00  00 
-D0-  00  00  00  00  00  00  00  00 | 00  00  00  00  00  00  00  00 
-E0-  00  00  00  00  00  00  00  00 | 00  00  00  00  00  00  00  00 
-F0-  00  00  00  00  00  00  00  00 | 00  00  00  00  00  00  00  00 



BANK 6B
------00--01--02--03--04--05--06--07-|-08--09--0A--0B--0C--0D--0E--0F-
----------------------------------------------------------------------
-00-  00  00  00  00  00  00  00  00 | 00  00  00  00  00  00  00  00 
-10-  00  00  00  00  00  00  00  00 | 00  00  00  00  00  00  00  00 
-20-  00  00  00  00  00  00  00  00 | 00  00  00  00  00  00  00  00 
-30-  00  00  00  00  00  00  00  00 | 00  00  00  00  00  00  00  00 
-40-  00  00  00  00  00  00  00  00 | 00  00  00  00  00  00  00  00 
-50-  00  00  00  00  00  00  00  00 | 00  00  00  00  00  00  00  00 
-60-  00  00  00  00  00  00  00  00 | 00  00  00  00  00  00  00  00 
-70-  00  00  00  00  00  00  00  00 | 00  00  00  00  00  00  00  00 
-80-  00  00  00  00  00  00  00  00 | 00  00  00  00  00  00  00  00 
-90-  00  00  00  00  00  00  00  00 | 00  00  00  00  00  00  00  00 
-A0-  00  00  00  00  00  00  00  00 | 00  00  00  00  00  00  00  00 
-B0-  00  00  00  00  00  00  00  00 | 00  00  00  00  00  00  00  00 
-C0-  00  00  00  00  00  00  00  00 | 00  00  00  00  00  00  00  00 
-D0-  00  00  00  00  00  00  00  00 | 00  00  00  00  00  00  00  00 
-E0-  00  00  00  00  00  00  00  00 | 00  00  00  00  00  00  00  00 
-F0-  00  00  00  00  00  00  00  00 | 00  00  00  00  00  00  00  00 



BANK 6C
------00--01--02--03--04--05--06--07-|-08--09--0A--0B--0C--0D--0E--0F-
----------------------------------------------------------------------
-00-  00  00  00  00  00  00  00  00 | 00  00  00  00  00  00  00  00 
-10-  00  00  00  00  00  00  00  00 | 00  00  00  00  00  00  00  00 
-20-  00  00  00  00  00  00  00  00 | 00  00  00  00  00  00  00  00 
-30-  00  00  00  00  00  00  00  00 | 00  00  00  00  00  00  00  00 
-40-  00  00  00  00  00  00  00  00 | 00  00  00  00  00  00  00  00 
-50-  00  00  00  00  00  00  00  00 | 00  00  00  00  00  00  00  00 
-60-  00  00  00  00  00  00  00  00 | 00  00  00  00  00  00  00  00 
-70-  00  00  00  00  00  00  00  00 | 00  00  00  00  00  00  00  00 
-80-  00  00  00  00  00  00  00  00 | 00  00  00  00  00  00  00  00 
-90-  00  00  00  00  00  00  00  00 | 00  00  00  00  00  00  00  00 
-A0-  00  00  00  00  00  00  00  00 | 00  00  00  00  00  00  00  00 
-B0-  00  00  00  00  00  00  00  00 | 00  00  00  00  00  00  00  00 
-C0-  00  00  00  00  00  00  00  00 | 00  00  00  00  00  00  00  00 
-D0-  00  00  00  00  00  00  00  00 | 00  00  00  00  00  00  00  00 
-E0-  00  00  00  00  00  00  00  00 | 00  00  00  00  00  00  00  00 
-F0-  00  00  00  00  00  00  00  00 | 00  00  00  00  00  00  00  00 



BANK 6D
------00--01--02--03--04--05--06--07-|-08--09--0A--0B--0C--0D--0E--0F-
----------------------------------------------------------------------
-00-  00  00  00  00  00  00  00  00 | 00  00  00  00  00  00  00  00 
-10-  00  00  00  00  00  00  00  00 | 00  00  00  00  00  00  00  00 
-20-  00  00  00  00  00  00  00  00 | 00  00  00  00  00  00  00  00 
-30-  00  00  00  00  00  00  00  00 | 00  00  00  00  00  00  00  00 
-40-  00  00  00  00  00  00  00  00 | 00  00  00  00  00  00  00  00 
-50-  00  00  00  00  00  00  00  00 | 00  00  00  00  00  00  00  00 
-60-  00  00  00  00  00  00  00  00 | 00  00  00  00  00  00  00  00 
-70-  00  00  00  00  00  00  00  00 | 00  00  00  00  00  00  00  00 
-80-  00  00  00  00  00  00  00  00 | 00  00  00  00  00  00  00  00 
-90-  00  00  00  00  00  00  00  00 | 00  00  00  00  00  00  00  00 
-A0-  00  00  00  00  00  00  00  00 | 00  00  00  00  00  00  00  00 
-B0-  00  00  00  00  00  00  00  00 | 00  00  00  00  00  00  00  00 
-C0-  00  00  00  00  00  00  00  00 | 00  00  00  00  00  00  00  00 
-D0-  00  00  00  00  00  00  00  00 | 00  00  00  00  00  00  00  00 
-E0-  00  00  00  00  00  00  00  00 | 00  00  00  00  00  00  00  00 
-F0-  00  00  00  00  00  00  00  00 | 00  00  00  00  00  00  00  00 



BANK 6E
------00--01--02--03--04--05--06--07-|-08--09--0A--0B--0C--0D--0E--0F-
----------------------------------------------------------------------
-00-  00  00  00  00  00  00  00  00 | 00  00  00  00  00  00  00  00 
-10-  00  00  00  00  00  00  00  00 | 00  00  00  00  00  00  00  00 
-20-  00  00  00  00  00  00  00  00 | 00  00  00  00  00  00  00  00 
-30-  00  00  00  00  00  00  00  00 | 00  00  00  00  00  00  00  00 
-40-  00  00  00  00  00  00  00  00 | 00  00  00  00  00  00  00  00 
-50-  00  00  00  00  00  00  00  00 | 00  00  00  00  00  00  00  00 
-60-  00  00  00  00  00  00  00  00 | 00  00  00  00  00  00  00  00 
-70-  00  00  00  00  00  00  00  00 | 00  00  00  00  00  00  00  00 
-80-  00  00  00  00  00  00  00  00 | 00  00  00  00  00  00  00  00 
-90-  00  00  00  00  00  00  00  00 | 00  00  00  00  00  00  00  00 
-A0-  00  00  00  00  00  00  00  00 | 00  00  00  00  00  00  00  00 
-B0-  00  00  00  00  00  00  00  00 | 00  00  00  00  00  00  00  00 
-C0-  00  00  00  00  00  00  00  00 | 00  00  00  00  00  00  00  00 
-D0-  00  00  00  00  00  00  00  00 | 00  00  00  00  00  00  00  00 
-E0-  00  00  00  00  00  00  00  00 | 00  00  00  00  00  00  00  00 
-F0-  00  00  00  00  00  00  00  00 | 00  00  00  00  00  00  00  00 



BANK 6F
------00--01--02--03--04--05--06--07-|-08--09--0A--0B--0C--0D--0E--0F-
----------------------------------------------------------------------
-00-  00  00  00  00  00  00  00  00 | 00  00  00  00  00  00  00  00 
-10-  00  00  00  00  00  00  00  00 | 00  00  00  00  00  00  00  00 
-20-  00  00  00  00  00  00  00  00 | 00  00  00  00  00  00  00  00 
-30-  00  00  00  00  00  00  00  00 | 00  00  00  00  00  00  00  00 
-40-  00  00  00  00  00  00  00  00 | 00  00  00  00  00  00  00  00 
-50-  00  00  00  00  00  00  00  00 | 00  00  00  00  00  00  00  00 
-60-  00  00  00  00  00  00  00  00 | 00  00  00  00  00  00  00  00 
-70-  00  00  00  00  00  00  00  00 | 00  00  00  00  00  00  00  00 
-80-  00  00  00  00  00  00  00  00 | 00  00  00  00  00  00  00  00 
-90-  00  00  00  00  00  00  00  00 | 00  00  00  00  00  00  00  00 
-A0-  00  00  00  00  00  00  00  00 | 00  00  00  00  00  00  00  00 
-B0-  00  00  00  00  00  00  00  00 | 00  00  00  00  00  00  00  00 
-C0-  00  00  00  00  00  00  00  00 | 00  00  00  00  00  00  00  00 
-D0-  00  00  00  00  00  00  00  00 | 00  00  00  00  00  00  00  00 
-E0-  00  00  00  00  00  00  00  00 | 00  00  00  00  00  00  00  00 
-F0-  00  00  00  00  00  00  00  00 | 00  00  00  00  00  00  00  00 



BANK 70
------00--01--02--03--04--05--06--07-|-08--09--0A--0B--0C--0D--0E--0F-
----------------------------------------------------------------------
-00-  00  00  00  00  00  00  00  00 | 00  00  00  00  00  00  00  00 
-10-  00  00  00  00  00  00  00  00 | 00  00  00  00  00  00  00  00 
-20-  00  00  00  00  00  00  00  00 | 00  00  00  00  00  00  00  00 
-30-  00  00  00  00  00  00  00  00 | 00  00  00  00  00  00  00  00 
-40-  00  00  00  00  00  00  00  00 | 00  00  00  00  00  00  00  00 
-50-  00  00  00  00  00  00  00  00 | 00  00  00  00  00  00  00  00 
-60-  00  00  00  00  00  00  00  00 | 00  00  00  00  00  00  00  00 
-70-  00  00  00  00  00  00  00  00 | 00  00  00  00  00  00  00  00 
-80-  00  00  00  00  00  00  00  00 | 00  00  00  00  00  00  00  00 
-90-  00  00  00  00  00  00  00  00 | 00  00  00  00  00  00  00  00 
-A0-  00  00  00  00  00  00  00  00 | 00  00  00  00  00  00  00  00 
-B0-  00  00  00  00  00  00  00  00 | 00  00  00  00  00  00  00  00 
-C0-  00  00  00  00  00  00  00  00 | 00  00  00  00  00  00  00  00 
-D0-  00  00  00  00  00  00  00  00 | 00  00  00  00  00  00  00  00 
-E0-  00  00  00  00  00  00  00  00 | 00  00  00  00  00  00  00  00 
-F0-  00  00  00  00  00  00  00  00 | 00  00  00  00  00  00  00  00 



BANK 71
------00--01--02--03--04--05--06--07-|-08--09--0A--0B--0C--0D--0E--0F-
----------------------------------------------------------------------
-00-  00  00  00  00  00  00  00  00 | 00  00  00  00  00  00  00  00 
-10-  00  00  00  00  00  00  00  00 | 00  00  00  00  00  00  00  00 
-20-  00  00  00  00  00  00  00  00 | 00  00  00  00  00  00  00  00 
-30-  00  00  00  00  00  00  00  00 | 00  00  00  00  00  00  00  00 
-40-  00  00  00  00  00  00  00  00 | 00  00  00  00  00  00  00  00 
-50-  00  00  00  00  00  00  00  00 | 00  00  00  00  00  00  00  00 
-60-  00  00  00  00  00  00  00  00 | 00  00  00  00  00  00  00  00 
-70-  00  00  00  00  00  00  00  00 | 00  00  00  00  00  00  00  00 
-80-  00  00  00  00  00  00  00  00 | 00  00  00  00  00  00  00  00 
-90-  00  00  00  00  00  00  00  00 | 00  00  00  00  00  00  00  00 
-A0-  00  00  00  00  00  00  00  00 | 00  00  00  00  00  00  00  00 
-B0-  00  00  00  00  00  00  00  00 | 00  00  00  00  00  00  00  00 
-C0-  00  00  00  00  00  00  00  00 | 00  00  00  00  00  00  00  00 
-D0-  00  00  00  00  00  00  00  00 | 00  00  00  00  00  00  00  00 
-E0-  00  00  00  00  00  00  00  00 | 00  00  00  00  00  00  00  00 
-F0-  00  00  00  00  00  00  00  00 | 00  00  00  00  00  00  00  00 



BANK 72
------00--01--02--03--04--05--06--07-|-08--09--0A--0B--0C--0D--0E--0F-
----------------------------------------------------------------------
-00-  00  00  00  00  00  00  00  00 | 00  00  00  00  00  00  00  00 
-10-  00  00  00  00  00  00  00  00 | 00  00  00  00  00  00  00  00 
-20-  00  00  00  00  00  00  00  00 | 00  00  00  00  00  00  00  00 
-30-  00  00  00  00  00  00  00  00 | 00  00  00  00  00  00  00  00 
-40-  00  00  00  00  00  00  00  00 | 00  00  00  00  00  00  00  00 
-50-  00  00  00  00  00  00  00  00 | 00  00  00  00  00  00  00  00 
-60-  00  00  00  00  00  00  00  00 | 00  00  00  00  00  00  00  00 
-70-  00  00  00  00  00  00  00  00 | 00  00  00  00  00  00  00  00 
-80-  00  00  00  00  00  00  00  00 | 00  00  00  00  00  00  00  00 
-90-  00  00  00  00  00  00  00  00 | 00  00  00  00  00  00  00  00 
-A0-  00  00  00  00  00  00  00  00 | 00  00  00  00  00  00  00  00 
-B0-  00  00  00  00  00  00  00  00 | 00  00  00  00  00  00  00  00 
-C0-  00  00  00  00  00  00  00  00 | 00  00  00  00  00  00  00  00 
-D0-  00  00  00  00  00  00  00  00 | 00  00  00  00  00  00  00  00 
-E0-  00  00  00  00  00  00  00  00 | 00  00  00  00  00  00  00  00 
-F0-  00  00  00  00  00  00  00  00 | 00  00  00  00  00  00  00  00 



BANK 73
------00--01--02--03--04--05--06--07-|-08--09--0A--0B--0C--0D--0E--0F-
----------------------------------------------------------------------
-00-  00  00  00  00  00  00  00  00 | 00  00  00  00  00  00  00  00 
-10-  00  00  00  00  00  00  00  00 | 00  00  00  00  00  00  00  00 
-20-  00  00  00  00  00  00  00  00 | 00  00  00  00  00  00  00  00 
-30-  00  00  00  00  00  00  00  00 | 00  00  00  00  00  00  00  00 
-40-  00  00  00  00  00  00  00  00 | 00  00  00  00  00  00  00  00 
-50-  00  00  00  00  00  00  00  00 | 00  00  00  00  00  00  00  00 
-60-  00  00  00  00  00  00  00  00 | 00  00  00  00  00  00  00  00 
-70-  00  00  00  00  00  00  00  00 | 00  00  00  00  00  00  00  00 
-80-  00  00  00  00  00  00  00  00 | 00  00  00  00  00  00  00  00 
-90-  00  00  00  00  00  00  00  00 | 00  00  00  00  00  00  00  00 
-A0-  00  00  00  00  00  00  00  00 | 00  00  00  00  00  00  00  00 
-B0-  00  00  00  00  00  00  00  00 | 00  00  00  00  00  00  00  00 
-C0-  00  00  00  00  00  00  00  00 | 00  00  00  00  00  00  00  00 
-D0-  00  00  00  00  00  00  00  00 | 00  00  00  00  00  00  00  00 
-E0-  00  00  00  00  00  00  00  00 | 00  00  00  00  00  00  00  00 
-F0-  00  00  00  00  00  00  00  00 | 00  00  00  00  00  00  00  00 



BANK 74
------00--01--02--03--04--05--06--07-|-08--09--0A--0B--0C--0D--0E--0F-
----------------------------------------------------------------------
-00-  00  00  00  00  00  00  00  00 | 00  00  00  00  00  00  00  00 
-10-  00  00  00  00  00  00  00  00 | 00  00  00  00  00  00  00  00 
-20-  00  00  00  00  00  00  00  00 | 00  00  00  00  00  00  00  00 
-30-  00  00  00  00  00  00  00  00 | 00  00  00  00  00  00  00  00 
-40-  00  00  00  00  00  00  00  00 | 00  00  00  00  00  00  00  00 
-50-  00  00  00  00  00  00  00  00 | 00  00  00  00  00  00  00  00 
-60-  00  00  00  00  00  00  00  00 | 00  00  00  00  00  00  00  00 
-70-  00  00  00  00  00  00  00  00 | 00  00  00  00  00  00  00  00 
-80-  00  00  00  00  00  00  00  00 | 00  00  00  00  00  00  00  00 
-90-  00  00  00  00  00  00  00  00 | 00  00  00  00  00  00  00  00 
-A0-  00  00  00  00  00  00  00  00 | 00  00  00  00  00  00  00  00 
-B0-  00  00  00  00  00  00  00  00 | 00  00  00  00  00  00  00  00 
-C0-  00  00  00  00  00  00  00  00 | 00  00  00  00  00  00  00  00 
-D0-  00  00  00  00  00  00  00  00 | 00  00  00  00  00  00  00  00 
-E0-  00  00  00  00  00  00  00  00 | 00  00  00  00  00  00  00  00 
-F0-  00  00  00  00  00  00  00  00 | 00  00  00  00  00  00  00  00 



BANK 75
------00--01--02--03--04--05--06--07-|-08--09--0A--0B--0C--0D--0E--0F-
----------------------------------------------------------------------
-00-  00  00  00  00  00  00  00  00 | 00  00  00  00  00  00  00  00 
-10-  00  00  00  00  00  00  00  00 | 00  00  00  00  00  00  00  00 
-20-  00  00  00  00  00  00  00  00 | 00  00  00  00  00  00  00  00 
-30-  00  00  00  00  00  00  00  00 | 00  00  00  00  00  00  00  00 
-40-  00  00  00  00  00  00  00  00 | 00  00  00  00  00  00  00  00 
-50-  00  00  00  00  00  00  00  00 | 00  00  00  00  00  00  00  00 
-60-  00  00  00  00  00  00  00  00 | 00  00  00  00  00  00  00  00 
-70-  00  00  00  00  00  00  00  00 | 00  00  00  00  00  00  00  00 
-80-  00  00  00  00  00  00  00  00 | 00  00  00  00  00  00  00  00 
-90-  00  00  00  00  00  00  00  00 | 00  00  00  00  00  00  00  00 
-A0-  00  00  00  00  00  00  00  00 | 00  00  00  00  00  00  00  00 
-B0-  00  00  00  00  00  00  00  00 | 00  00  00  00  00  00  00  00 
-C0-  00  00  00  00  00  00  00  00 | 00  00  00  00  00  00  00  00 
-D0-  00  00  00  00  00  00  00  00 | 00  00  00  00  00  00  00  00 
-E0-  00  00  00  00  00  00  00  00 | 00  00  00  00  00  00  00  00 
-F0-  00  00  00  00  00  00  00  00 | 00  00  00  00  00  00  00  00 



BANK 76
------00--01--02--03--04--05--06--07-|-08--09--0A--0B--0C--0D--0E--0F-
----------------------------------------------------------------------
-00-  00  00  00  00  00  00  00  00 | 00  00  00  00  00  00  00  00 
-10-  00  00  00  00  00  00  00  00 | 00  00  00  00  00  00  00  00 
-20-  00  00  00  00  00  00  00  00 | 00  00  00  00  00  00  00  00 
-30-  00  00  00  00  00  00  00  00 | 00  00  00  00  00  00  00  00 
-40-  00  00  00  00  00  00  00  00 | 00  00  00  00  00  00  00  00 
-50-  00  00  00  00  00  00  00  00 | 00  00  00  00  00  00  00  00 
-60-  00  00  00  00  00  00  00  00 | 00  00  00  00  00  00  00  00 
-70-  00  00  00  00  00  00  00  00 | 00  00  00  00  00  00  00  00 
-80-  00  00  00  00  00  00  00  00 | 00  00  00  00  00  00  00  00 
-90-  00  00  00  00  00  00  00  00 | 00  00  00  00  00  00  00  00 
-A0-  00  00  00  00  00  00  00  00 | 00  00  00  00  00  00  00  00 
-B0-  00  00  00  00  00  00  00  00 | 00  00  00  00  00  00  00  00 
-C0-  00  00  00  00  00  00  00  00 | 00  00  00  00  00  00  00  00 
-D0-  00  00  00  00  00  00  00  00 | 00  00  00  00  00  00  00  00 
-E0-  00  00  00  00  00  00  00  00 | 00  00  00  00  00  00  00  00 
-F0-  00  00  00  00  00  00  00  00 | 00  00  00  00  00  00  00  00 



BANK 77
------00--01--02--03--04--05--06--07-|-08--09--0A--0B--0C--0D--0E--0F-
----------------------------------------------------------------------
-00-  00  00  00  00  00  00  00  00 | 00  00  00  00  00  00  00  00 
-10-  00  00  00  00  00  00  00  00 | 00  00  00  00  00  00  00  00 
-20-  00  00  00  00  00  00  00  00 | 00  00  00  00  00  00  00  00 
-30-  00  00  00  00  00  00  00  00 | 00  00  00  00  00  00  00  00 
-40-  00  00  00  00  00  00  00  00 | 00  00  00  00  00  00  00  00 
-50-  00  00  00  00  00  00  00  00 | 00  00  00  00  00  00  00  00 
-60-  00  00  00  00  00  00  00  00 | 00  00  00  00  00  00  00  00 
-70-  00  00  00  00  00  00  00  00 | 00  00  00  00  00  00  00  00 
-80-  00  00  00  00  00  00  00  00 | 00  00  00  00  00  00  00  00 
-90-  00  00  00  00  00  00  00  00 | 00  00  00  00  00  00  00  00 
-A0-  00  00  00  00  00  00  00  00 | 00  00  00  00  00  00  00  00 
-B0-  00  00  00  00  00  00  00  00 | 00  00  00  00  00  00  00  00 
-C0-  00  00  00  00  00  00  00  00 | 00  00  00  00  00  00  00  00 
-D0-  00  00  00  00  00  00  00  00 | 00  00  00  00  00  00  00  00 
-E0-  00  00  00  00  00  00  00  00 | 00  00  00  00  00  00  00  00 
-F0-  00  00  00  00  00  00  00  00 | 00  00  00  00  00  00  00  00 



BANK 78
------00--01--02--03--04--05--06--07-|-08--09--0A--0B--0C--0D--0E--0F-
----------------------------------------------------------------------
-00-  00  00  00  00  00  00  00  00 | 00  00  00  00  00  00  00  00 
-10-  00  00  00  00  00  00  00  00 | 00  00  00  00  00  00  00  00 
-20-  00  00  00  00  00  00  00  00 | 00  00  00  00  00  00  00  00 
-30-  00  00  00  00  00  00  00  00 | 00  00  00  00  00  00  00  00 
-40-  00  00  00  00  00  00  00  00 | 00  00  00  00  00  00  00  00 
-50-  00  00  00  00  00  00  00  00 | 00  00  00  00  00  00  00  00 
-60-  00  00  00  00  00  00  00  00 | 00  00  00  00  00  00  00  00 
-70-  00  00  00  00  00  00  00  00 | 00  00  00  00  00  00  00  00 
-80-  00  00  00  00  00  00  00  00 | 00  00  00  00  00  00  00  00 
-90-  00  00  00  00  00  00  00  00 | 00  00  00  00  00  00  00  00 
-A0-  00  00  00  00  00  00  00  00 | 00  00  00  00  00  00  00  00 
-B0-  00  00  00  00  00  00  00  00 | 00  00  00  00  00  00  00  00 
-C0-  00  00  00  00  00  00  00  00 | 00  00  00  00  00  00  00  00 
-D0-  00  00  00  00  00  00  00  00 | 00  00  00  00  00  00  00  00 
-E0-  00  00  00  00  00  00  00  00 | 00  00  00  00  00  00  00  00 
-F0-  00  00  00  00  00  00  00  00 | 00  00  00  00  00  00  00  00 



BANK 79
------00--01--02--03--04--05--06--07-|-08--09--0A--0B--0C--0D--0E--0F-
----------------------------------------------------------------------
-00-  00  00  00  00  00  00  00  00 | 00  00  00  00  00  00  00  00 
-10-  00  00  00  00  00  00  00  00 | 00  00  00  00  00  00  00  00 
-20-  00  00  00  00  00  00  00  00 | 00  00  00  00  00  00  00  00 
-30-  00  00  00  00  00  00  00  00 | 00  00  00  00  00  00  00  00 
-40-  00  00  00  00  00  00  00  00 | 00  00  00  00  00  00  00  00 
-50-  00  00  00  00  00  00  00  00 | 00  00  00  00  00  00  00  00 
-60-  00  00  00  00  00  00  00  00 | 00  00  00  00  00  00  00  00 
-70-  00  00  00  00  00  00  00  00 | 00  00  00  00  00  00  00  00 
-80-  00  00  00  00  00  00  00  00 | 00  00  00  00  00  00  00  00 
-90-  00  00  00  00  00  00  00  00 | 00  00  00  00  00  00  00  00 
-A0-  00  00  00  00  00  00  00  00 | 00  00  00  00  00  00  00  00 
-B0-  00  00  00  00  00  00  00  00 | 00  00  00  00  00  00  00  00 
-C0-  00  00  00  00  00  00  00  00 | 00  00  00  00  00  00  00  00 
-D0-  00  00  00  00  00  00  00  00 | 00  00  00  00  00  00  00  00 
-E0-  00  00  00  00  00  00  00  00 | 00  00  00  00  00  00  00  00 
-F0-  00  00  00  00  00  00  00  00 | 00  00  00  00  00  00  00  00 



BANK 7A
------00--01--02--03--04--05--06--07-|-08--09--0A--0B--0C--0D--0E--0F-
----------------------------------------------------------------------
-00-  00  00  00  00  00  00  00  00 | 00  00  00  00  00  00  00  00 
-10-  00  00  00  00  00  00  00  00 | 00  00  00  00  00  00  00  00 
-20-  00  00  00  00  00  00  00  00 | 00  00  00  00  00  00  00  00 
-30-  00  00  00  00  00  00  00  00 | 00  00  00  00  00  00  00  00 
-40-  00  00  00  00  00  00  00  00 | 00  00  00  00  00  00  00  00 
-50-  00  00  00  00  00  00  00  00 | 00  00  00  00  00  00  00  00 
-60-  00  00  00  00  00  00  00  00 | 00  00  00  00  00  00  00  00 
-70-  00  00  00  00  00  00  00  00 | 00  00  00  00  00  00  00  00 
-80-  00  00  00  00  00  00  00  00 | 00  00  00  00  00  00  00  00 
-90-  00  00  00  00  00  00  00  00 | 00  00  00  00  00  00  00  00 
-A0-  00  00  00  00  00  00  00  00 | 00  00  00  00  00  00  00  00 
-B0-  00  00  00  00  00  00  00  00 | 00  00  00  00  00  00  00  00 
-C0-  00  00  00  00  00  00  00  00 | 00  00  00  00  00  00  00  00 
-D0-  00  00  00  00  00  00  00  00 | 00  00  00  00  00  00  00  00 
-E0-  00  00  00  00  00  00  00  00 | 00  00  00  00  00  00  00  00 
-F0-  00  00  00  00  00  00  00  00 | 00  00  00  00  00  00  00  00 



BANK 7B
------00--01--02--03--04--05--06--07-|-08--09--0A--0B--0C--0D--0E--0F-
----------------------------------------------------------------------
-00-  00  00  00  00  00  00  00  00 | 00  00  00  00  00  00  00  00 
-10-  00  00  00  00  00  00  00  00 | 00  00  00  00  00  00  00  00 
-20-  00  00  00  00  00  00  00  00 | 00  00  00  00  00  00  00  00 
-30-  00  00  00  00  00  00  00  00 | 00  00  00  00  00  00  00  00 
-40-  00  00  00  00  00  00  00  00 | 00  00  00  00  00  00  00  00 
-50-  00  00  00  00  00  00  00  00 | 00  00  00  00  00  00  00  00 
-60-  00  00  00  00  00  00  00  00 | 00  00  00  00  00  00  00  00 
-70-  00  00  00  00  00  00  00  00 | 00  00  00  00  00  00  00  00 
-80-  00  00  00  00  00  00  00  00 | 00  00  00  00  00  00  00  00 
-90-  00  00  00  00  00  00  00  00 | 00  00  00  00  00  00  00  00 
-A0-  00  00  00  00  00  00  00  00 | 00  00  00  00  00  00  00  00 
-B0-  00  00  00  00  00  00  00  00 | 00  00  00  00  00  00  00  00 
-C0-  00  00  00  00  00  00  00  00 | 00  00  00  00  00  00  00  00 
-D0-  00  00  00  00  00  00  00  00 | 00  00  00  00  00  00  00  00 
-E0-  00  00  00  00  00  00  00  00 | 00  00  00  00  00  00  00  00 
-F0-  00  00  00  00  00  00  00  00 | 00  00  00  00  00  00  00  00 



BANK 7C
------00--01--02--03--04--05--06--07-|-08--09--0A--0B--0C--0D--0E--0F-
----------------------------------------------------------------------
-00-  00  00  00  00  00  00  00  00 | 00  00  00  00  00  00  00  00 
-10-  00  00  00  00  00  00  00  00 | 00  00  00  00  00  00  00  00 
-20-  00  00  00  00  00  00  00  00 | 00  00  00  00  00  00  00  00 
-30-  00  00  00  00  00  00  00  00 | 00  00  00  00  00  00  00  00 
-40-  00  00  00  00  00  00  00  00 | 00  00  00  00  00  00  00  00 
-50-  00  00  00  00  00  00  00  00 | 00  00  00  00  00  00  00  00 
-60-  00  00  00  00  00  00  00  00 | 00  00  00  00  00  00  00  00 
-70-  00  00  00  00  00  00  00  00 | 00  00  00  00  00  00  00  00 
-80-  00  00  00  00  00  00  00  00 | 00  00  00  00  00  00  00  00 
-90-  00  00  00  00  00  00  00  00 | 00  00  00  00  00  00  00  00 
-A0-  00  00  00  00  00  00  00  00 | 00  00  00  00  00  00  00  00 
-B0-  00  00  00  00  00  00  00  00 | 00  00  00  00  00  00  00  00 
-C0-  00  00  00  00  00  00  00  00 | 00  00  00  00  00  00  00  00 
-D0-  00  00  00  00  00  00  00  00 | 00  00  00  00  00  00  00  00 
-E0-  00  00  00  00  00  00  00  00 | 00  00  00  00  00  00  00  00 
-F0-  00  00  00  00  00  00  00  00 | 00  00  00  00  00  00  00  00 



BANK 7D
------00--01--02--03--04--05--06--07-|-08--09--0A--0B--0C--0D--0E--0F-
----------------------------------------------------------------------
-00-  00  00  00  00  00  00  00  00 | 00  00  00  00  00  00  00  00 
-10-  00  00  00  00  00  00  00  00 | 00  00  00  00  00  00  00  00 
-20-  00  00  00  00  00  00  00  00 | 00  00  00  00  00  00  00  00 
-30-  00  00  00  00  00  00  00  00 | 00  00  00  00  00  00  00  00 
-40-  00  00  00  00  00  00  00  00 | 00  00  00  00  00  00  00  00 
-50-  00  00  00  00  00  00  00  00 | 00  00  00  00  00  00  00  00 
-60-  00  00  00  00  00  00  00  00 | 00  00  00  00  00  00  00  00 
-70-  00  00  00  00  00  00  00  00 | 00  00  00  00  00  00  00  00 
-80-  00  00  00  00  00  00  00  00 | 00  00  00  00  00  00  00  00 
-90-  00  00  00  00  00  00  00  00 | 00  00  00  00  00  00  00  00 
-A0-  00  00  00  00  00  00  00  00 | 00  00  00  00  00  00  00  00 
-B0-  00  00  00  00  00  00  00  00 | 00  00  00  00  00  00  00  00 
-C0-  00  00  00  00  00  00  00  00 | 00  00  00  00  00  00  00  00 
-D0-  00  00  00  00  00  00  00  00 | 00  00  00  00  00  00  00  00 
-E0-  00  00  00  00  00  00  00  00 | 00  00  00  00  00  00  00  00 
-F0-  00  00  00  00  00  00  00  00 | 00  00  00  00  00  00  00  00 



BANK 7E
------00--01--02--03--04--05--06--07-|-08--09--0A--0B--0C--0D--0E--0F-
----------------------------------------------------------------------
-00-  00  00  00  00  00  00  00  00 | 00  00  00  00  00  00  00  00 
-10-  00  00  00  00  00  00  00  00 | 00  00  00  00  00  00  00  00 
-20-  00  00  00  00  00  00  00  00 | 00  00  00  00  00  00  00  00 
-30-  00  00  00  00  00  00  00  00 | 00  00  00  00  00  00  00  00 
-40-  00  00  00  00  00  00  00  00 | 00  00  00  00  00  00  00  00 
-50-  00  00  00  00  00  00  00  00 | 00  00  00  00  00  00  00  00 
-60-  00  00  00  00  00  00  00  00 | 00  00  00  00  00  00  00  00 
-70-  00  00  00  00  00  00  00  00 | 00  00  00  00  00  00  00  00 
-80-  00  00  00  00  00  00  00  00 | 00  00  00  00  00  00  00  00 
-90-  00  00  00  00  00  00  00  00 | 00  00  00  00  00  00  00  00 
-A0-  00  00  00  00  00  00  00  00 | 00  00  00  00  00  00  00  00 
-B0-  00  00  00  00  00  00  00  00 | 00  00  00  00  00  00  00  00 
-C0-  00  00  00  00  00  00  00  00 | 00  00  00  00  00  00  00  00 
-D0-  00  00  00  00  00  00  00  00 | 00  00  00  00  00  00  00  00 
-E0-  00  00  00  00  00  00  00  00 | 00  00  00  00  00  00  00  00 
-F0-  00  00  00  00  00  00  00  00 | 00  00  00  00  00  00  00  00 



BANK 7F
------00--01--02--03--04--05--06--07-|-08--09--0A--0B--0C--0D--0E--0F-
----------------------------------------------------------------------
-00-  00  00  00  00  00  00  00  00 | 00  00  00  00  00  00  00  00 
-10-  00  00  00  00  00  00  00  00 | 00  00  00  00  00  00  00  00 
-20-  00  00  00  00  00  00  00  00 | 00  00  00  00  00  00  00  00 
-30-  00  00  00  00  00  00  00  00 | 00  00  00  00  00  00  00  00 
-40-  00  00  00  00  00  00  00  00 | 00  00  00  00  00  00  00  00 
-50-  00  00  00  00  00  00  00  00 | 00  00  00  00  00  00  00  00 
-60-  00  00  00  00  00  00  00  00 | 00  00  00  00  00  00  00  00 
-70-  00  00  00  00  00  00  00  00 | 00  00  00  00  00  00  00  00 
-80-  00  00  00  00  00  00  00  00 | 00  00  00  00  00  00  00  00 
-90-  00  00  00  00  00  00  00  00 | 00  00  00  00  00  00  00  00 
-A0-  00  00  00  00  00  00  00  00 | 00  00  00  00  00  00  00  00 
-B0-  00  00  00  00  00  00  00  00 | 00  00  00  00  00  00  00  00 
-C0-  00  00  00  00  00  00  00  00 | 00  00  00  00  00  00  00  00 
-D0-  00  00  00  00  00  00  00  00 | 00  00  00  00  00  00  00  00 
-E0-  00  00  00  00  00  00  00  00 | 00  00  00  00  00  00  00  00 
-F0-  00  00  00  00  00  00  00  00 | 00  00  00  00  00  00  00  00 



BANK 80
------00--01--02--03--04--05--06--07-|-08--09--0A--0B--0C--0D--0E--0F-
----------------------------------------------------------------------
-00-  00  00  00  00  00  00  00  00 | 00  00  00  00  00  00  00  00 
-10-  00  00  00  00  00  00  00  00 | 00  00  00  00  00  00  00  00 
-20-  00  00  00  00  00  00  00  00 | 00  00  00  00  00  00  00  00 
-30-  00  00  00  00  00  00  00  00 | 00  00  00  00  00  00  00  00 
-40-  00  00  00  00  00  00  00  00 | 00  00  00  00  00  00  00  00 
-50-  00  00  00  00  00  00  00  00 | 00  00  00  00  00  00  00  00 
-60-  00  00  00  00  00  00  00  00 | 00  00  00  00  00  00  00  00 
-70-  00  00  00  00  00  00  00  00 | 00  00  00  00  00  00  00  00 
-80-  00  00  00  00  00  00  00  00 | 00  00  00  00  00  00  00  00 
-90-  00  00  00  00  00  00  00  00 | 00  00  00  00  00  00  00  00 
-A0-  00  00  00  00  00  00  00  00 | 00  00  00  00  00  00  00  00 
-B0-  00  00  00  00  00  00  00  00 | 00  00  00  00  00  00  00  00 
-C0-  00  00  00  00  00  00  00  00 | 00  00  00  00  00  00  00  00 
-D0-  00  00  00  00  00  00  00  00 | 00  00  00  00  00  00  00  00 
-E0-  00  00  00  00  00  00  00  00 | 00  00  00  00  00  00  00  00 
-F0-  00  00  00  00  00  00  00  00 | 00  00  00  00  00  00  00  00 



BANK 81
------00--01--02--03--04--05--06--07-|-08--09--0A--0B--0C--0D--0E--0F-
----------------------------------------------------------------------
-00-  00  00  00  00  00  00  00  00 | 00  00  00  00  00  00  00  00 
-10-  00  00  00  00  00  00  00  00 | 00  00  00  00  00  00  00  00 
-20-  00  00  00  00  00  00  00  00 | 00  00  00  00  00  00  00  00 
-30-  00  00  00  00  00  00  00  00 | 00  00  00  00  00  00  00  00 
-40-  00  00  00  00  00  00  00  00 | 00  00  00  00  00  00  00  00 
-50-  00  00  00  00  00  00  00  00 | 00  00  00  00  00  00  00  00 
-60-  00  00  00  00  00  00  00  00 | 00  00  00  00  00  00  00  00 
-70-  00  00  00  00  00  00  00  00 | 00  00  00  00  00  00  00  00 
-80-  00  00  00  00  00  00  00  00 | 00  00  00  00  00  00  00  00 
-90-  00  00  00  00  00  00  00  00 | 00  00  00  00  00  00  00  00 
-A0-  00  00  00  00  00  00  00  00 | 00  00  00  00  00  00  00  00 
-B0-  00  00  00  00  00  00  00  00 | 00  00  00  00  00  00  00  00 
-C0-  00  00  00  00  00  00  00  00 | 00  00  00  00  00  00  00  00 
-D0-  00  00  00  00  00  00  00  00 | 00  00  00  00  00  00  00  00 
-E0-  00  00  00  00  00  00  00  00 | 00  00  00  00  00  00  00  00 
-F0-  00  00  00  00  00  00  00  00 | 00  00  00  00  00  00  00  00 



BANK 82
------00--01--02--03--04--05--06--07-|-08--09--0A--0B--0C--0D--0E--0F-
----------------------------------------------------------------------
-00-  00  00  00  00  00  00  00  00 | 00  00  00  00  00  00  00  00 
-10-  00  00  00  00  00  00  00  00 | 00  00  00  00  00  00  00  00 
-20-  00  00  00  00  00  00  00  00 | 00  00  00  00  00  00  00  00 
-30-  00  00  00  00  00  00  00  00 | 00  00  00  00  00  00  00  00 
-40-  00  00  00  00  00  00  00  00 | 00  00  00  00  00  00  00  00 
-50-  00  00  00  00  00  00  00  00 | 00  00  00  00  00  00  00  00 
-60-  00  00  00  00  00  00  00  00 | 00  00  00  00  00  00  00  00 
-70-  00  00  00  00  00  00  00  00 | 00  00  00  00  00  00  00  00 
-80-  00  00  00  00  00  00  00  00 | 00  00  00  00  00  00  00  00 
-90-  00  00  00  00  00  00  00  00 | 00  00  00  00  00  00  00  00 
-A0-  00  00  00  00  00  00  00  00 | 00  00  00  00  00  00  00  00 
-B0-  00  00  00  00  00  00  00  00 | 00  00  00  00  00  00  00  00 
-C0-  00  00  00  00  00  00  00  00 | 00  00  00  00  00  00  00  00 
-D0-  00  00  00  00  00  00  00  00 | 00  00  00  00  00  00  00  00 
-E0-  00  00  00  00  00  00  00  00 | 00  00  00  00  00  00  00  00 
-F0-  00  00  00  00  00  00  00  00 | 00  00  00  00  00  00  00  00 



BANK 83
------00--01--02--03--04--05--06--07-|-08--09--0A--0B--0C--0D--0E--0F-
----------------------------------------------------------------------
-00-  00  00  00  00  00  00  00  00 | 00  00  00  00  00  00  00  00 
-10-  00  00  00  00  00  00  00  00 | 00  00  00  00  00  00  00  00 
-20-  00  00  00  00  00  00  00  00 | 00  00  00  00  00  00  00  00 
-30-  00  00  00  00  00  00  00  00 | 00  00  00  00  00  00  00  00 
-40-  00  00  00  00  00  00  00  00 | 00  00  00  00  00  00  00  00 
-50-  00  00  00  00  00  00  00  00 | 00  00  00  00  00  00  00  00 
-60-  00  00  00  00  00  00  00  00 | 00  00  00  00  00  00  00  00 
-70-  00  00  00  00  00  00  00  00 | 00  00  00  00  00  00  00  00 
-80-  00  00  00  00  00  00  00  00 | 00  00  00  00  00  00  00  00 
-90-  00  00  00  00  00  00  00  00 | 00  00  00  00  00  00  00  00 
-A0-  00  00  00  00  00  00  00  00 | 00  00  00  00  00  00  00  00 
-B0-  00  00  00  00  00  00  00  00 | 00  00  00  00  00  00  00  00 
-C0-  00  00  00  00  00  00  00  00 | 00  00  00  00  00  00  00  00 
-D0-  00  00  00  00  00  00  00  00 | 00  00  00  00  00  00  00  00 
-E0-  00  00  00  00  00  00  00  00 | 00  00  00  00  00  00  00  00 
-F0-  00  00  00  00  00  00  00  00 | 00  00  00  00  00  00  00  00 



BANK 84
------00--01--02--03--04--05--06--07-|-08--09--0A--0B--0C--0D--0E--0F-
----------------------------------------------------------------------
-00-  00  00  00  00  00  00  00  00 | 00  00  00  00  00  00  00  00 
-10-  00  00  00  00  00  00  00  00 | 00  00  00  00  00  00  00  00 
-20-  00  00  00  00  00  00  00  00 | 00  00  00  00  00  00  00  00 
-30-  00  00  00  00  00  00  00  00 | 00  00  00  00  00  00  00  00 
-40-  00  00  00  00  00  00  00  00 | 00  00  00  00  00  00  00  00 
-50-  00  00  00  00  00  00  00  00 | 00  00  00  00  00  00  00  00 
-60-  00  00  00  00  00  00  00  00 | 00  00  00  00  00  00  00  00 
-70-  00  00  00  00  00  00  00  00 | 00  00  00  00  00  00  00  00 
-80-  00  00  00  00  00  00  00  00 | 00  00  00  00  00  00  00  00 
-90-  00  00  00  00  00  00  00  00 | 00  00  00  00  00  00  00  00 
-A0-  00  00  00  00  00  00  00  00 | 00  00  00  00  00  00  00  00 
-B0-  00  00  00  00  00  00  00  00 | 00  00  00  00  00  00  00  00 
-C0-  00  00  00  00  00  00  00  00 | 00  00  00  00  00  00  00  00 
-D0-  00  00  00  00  00  00  00  00 | 00  00  00  00  00  00  00  00 
-E0-  00  00  00  00  00  00  00  00 | 00  00  00  00  00  00  00  00 
-F0-  00  00  00  00  00  00  00  00 | 00  00  00  00  00  00  00  00 



BANK 85
------00--01--02--03--04--05--06--07-|-08--09--0A--0B--0C--0D--0E--0F-
----------------------------------------------------------------------
-00-  00  00  00  00  00  00  00  00 | 00  00  00  00  00  00  00  00 
-10-  00  00  00  00  00  00  00  00 | 00  00  00  00  00  00  00  00 
-20-  00  00  00  00  00  00  00  00 | 00  00  00  00  00  00  00  00 
-30-  00  00  00  00  00  00  00  00 | 00  00  00  00  00  00  00  00 
-40-  00  00  00  00  00  00  00  00 | 00  00  00  00  00  00  00  00 
-50-  00  00  00  00  00  00  00  00 | 00  00  00  00  00  00  00  00 
-60-  00  00  00  00  00  00  00  00 | 00  00  00  00  00  00  00  00 
-70-  00  00  00  00  00  00  00  00 | 00  00  00  00  00  00  00  00 
-80-  00  00  00  00  00  00  00  00 | 00  00  00  00  00  00  00  00 
-90-  00  00  00  00  00  00  00  00 | 00  00  00  00  00  00  00  00 
-A0-  00  00  00  00  00  00  00  00 | 00  00  00  00  00  00  00  00 
-B0-  00  00  00  00  00  00  00  00 | 00  00  00  00  00  00  00  00 
-C0-  00  00  00  00  00  00  00  00 | 00  00  00  00  00  00  00  00 
-D0-  00  00  00  00  00  00  00  00 | 00  00  00  00  00  00  00  00 
-E0-  00  00  00  00  00  00  00  00 | 00  00  00  00  00  00  00  00 
-F0-  00  00  00  00  00  00  00  00 | 00  00  00  00  00  00  00  00 



BANK 86
------00--01--02--03--04--05--06--07-|-08--09--0A--0B--0C--0D--0E--0F-
----------------------------------------------------------------------
-00-  00  00  00  00  00  00  00  00 | 00  00  00  00  00  00  00  00 
-10-  00  00  00  00  00  00  00  00 | 00  00  00  00  00  00  00  00 
-20-  00  00  00  00  00  00  00  00 | 00  00  00  00  00  00  00  00 
-30-  00  00  00  00  00  00  00  00 | 00  00  00  00  00  00  00  00 
-40-  00  00  00  00  00  00  00  00 | 00  00  00  00  00  00  00  00 
-50-  00  00  00  00  00  00  00  00 | 00  00  00  00  00  00  00  00 
-60-  00  00  00  00  00  00  00  00 | 00  00  00  00  00  00  00  00 
-70-  00  00  00  00  00  00  00  00 | 00  00  00  00  00  00  00  00 
-80-  00  00  00  00  00  00  00  00 | 00  00  00  00  00  00  00  00 
-90-  00  00  00  00  00  00  00  00 | 00  00  00  00  00  00  00  00 
-A0-  00  00  00  00  00  00  00  00 | 00  00  00  00  00  00  00  00 
-B0-  00  00  00  00  00  00  00  00 | 00  00  00  00  00  00  00  00 
-C0-  00  00  00  00  00  00  00  00 | 00  00  00  00  00  00  00  00 
-D0-  00  00  00  00  00  00  00  00 | 00  00  00  00  00  00  00  00 
-E0-  00  00  00  00  00  00  00  00 | 00  00  00  00  00  00  00  00 
-F0-  00  00  00  00  00  00  00  00 | 00  00  00  00  00  00  00  00 



BANK 87
------00--01--02--03--04--05--06--07-|-08--09--0A--0B--0C--0D--0E--0F-
----------------------------------------------------------------------
-00-  00  00  00  00  00  00  00  00 | 00  00  00  00  00  00  00  00 
-10-  00  00  00  00  00  00  00  00 | 00  00  00  00  00  00  00  00 
-20-  00  00  00  00  00  00  00  00 | 00  00  00  00  00  00  00  00 
-30-  00  00  00  00  00  00  00  00 | 00  00  00  00  00  00  00  00 
-40-  00  00  00  00  00  00  00  00 | 00  00  00  00  00  00  00  00 
-50-  00  00  00  00  00  00  00  00 | 00  00  00  00  00  00  00  00 
-60-  00  00  00  00  00  00  00  00 | 00  00  00  00  00  00  00  00 
-70-  00  00  00  00  00  00  00  00 | 00  00  00  00  00  00  00  00 
-80-  00  00  00  00  00  00  00  00 | 00  00  00  00  00  00  00  00 
-90-  00  00  00  00  00  00  00  00 | 00  00  00  00  00  00  00  00 
-A0-  00  00  00  00  00  00  00  00 | 00  00  00  00  00  00  00  00 
-B0-  00  00  00  00  00  00  00  00 | 00  00  00  00  00  00  00  00 
-C0-  00  00  00  00  00  00  00  00 | 00  00  00  00  00  00  00  00 
-D0-  00  00  00  00  00  00  00  00 | 00  00  00  00  00  00  00  00 
-E0-  00  00  00  00  00  00  00  00 | 00  00  00  00  00  00  00  00 
-F0-  00  00  00  00  00  00  00  00 | 00  00  00  00  00  00  00  00 



BANK 88
------00--01--02--03--04--05--06--07-|-08--09--0A--0B--0C--0D--0E--0F-
----------------------------------------------------------------------
-00-  00  00  00  00  00  00  00  00 | 00  00  00  00  00  00  00  00 
-10-  00  00  00  00  00  00  00  00 | 00  00  00  00  00  00  00  00 
-20-  00  00  00  00  00  00  00  00 | 00  00  00  00  00  00  00  00 
-30-  00  00  00  00  00  00  00  00 | 00  00  00  00  00  00  00  00 
-40-  00  00  00  00  00  00  00  00 | 00  00  00  00  00  00  00  00 
-50-  00  00  00  00  00  00  00  00 | 00  00  00  00  00  00  00  00 
-60-  00  00  00  00  00  00  00  00 | 00  00  00  00  00  00  00  00 
-70-  00  00  00  00  00  00  00  00 | 00  00  00  00  00  00  00  00 
-80-  00  00  00  00  00  00  00  00 | 00  00  00  00  00  00  00  00 
-90-  00  00  00  00  00  00  00  00 | 00  00  00  00  00  00  00  00 
-A0-  00  00  00  00  00  00  00  00 | 00  00  00  00  00  00  00  00 
-B0-  00  00  00  00  00  00  00  00 | 00  00  00  00  00  00  00  00 
-C0-  00  00  00  00  00  00  00  00 | 00  00  00  00  00  00  00  00 
-D0-  00  00  00  00  00  00  00  00 | 00  00  00  00  00  00  00  00 
-E0-  00  00  00  00  00  00  00  00 | 00  00  00  00  00  00  00  00 
-F0-  00  00  00  00  00  00  00  00 | 00  00  00  00  00  00  00  00 



BANK 89
------00--01--02--03--04--05--06--07-|-08--09--0A--0B--0C--0D--0E--0F-
----------------------------------------------------------------------
-00-  00  00  00  00  00  00  00  00 | 00  00  00  00  00  00  00  00 
-10-  00  00  00  00  00  00  00  00 | 00  00  00  00  00  00  00  00 
-20-  00  00  00  00  00  00  00  00 | 00  00  00  00  00  00  00  00 
-30-  00  00  00  00  00  00  00  00 | 00  00  00  00  00  00  00  00 
-40-  00  00  00  00  00  00  00  00 | 00  00  00  00  00  00  00  00 
-50-  00  00  00  00  00  00  00  00 | 00  00  00  00  00  00  00  00 
-60-  00  00  00  00  00  00  00  00 | 00  00  00  00  00  00  00  00 
-70-  00  00  00  00  00  00  00  00 | 00  00  00  00  00  00  00  00 
-80-  00  00  00  00  00  00  00  00 | 00  00  00  00  00  00  00  00 
-90-  00  00  00  00  00  00  00  00 | 00  00  00  00  00  00  00  00 
-A0-  00  00  00  00  00  00  00  00 | 00  00  00  00  00  00  00  00 
-B0-  00  00  00  00  00  00  00  00 | 00  00  00  00  00  00  00  00 
-C0-  00  00  00  00  00  00  00  00 | 00  00  00  00  00  00  00  00 
-D0-  00  00  00  00  00  00  00  00 | 00  00  00  00  00  00  00  00 
-E0-  00  00  00  00  00  00  00  00 | 00  00  00  00  00  00  00  00 
-F0-  00  00  00  00  00  00  00  00 | 00  00  00  00  00  00  00  00 



BANK 8A
------00--01--02--03--04--05--06--07-|-08--09--0A--0B--0C--0D--0E--0F-
----------------------------------------------------------------------
-00-  00  00  00  00  00  00  00  00 | 00  00  00  00  00  00  00  00 
-10-  00  00  00  00  00  00  00  00 | 00  00  00  00  00  00  00  00 
-20-  00  00  00  00  00  00  00  00 | 00  00  00  00  00  00  00  00 
-30-  00  00  00  00  00  00  00  00 | 00  00  00  00  00  00  00  00 
-40-  00  00  00  00  00  00  00  00 | 00  00  00  00  00  00  00  00 
-50-  00  00  00  00  00  00  00  00 | 00  00  00  00  00  00  00  00 
-60-  00  00  00  00  00  00  00  00 | 00  00  00  00  00  00  00  00 
-70-  00  00  00  00  00  00  00  00 | 00  00  00  00  00  00  00  00 
-80-  00  00  00  00  00  00  00  00 | 00  00  00  00  00  00  00  00 
-90-  00  00  00  00  00  00  00  00 | 00  00  00  00  00  00  00  00 
-A0-  00  00  00  00  00  00  00  00 | 00  00  00  00  00  00  00  00 
-B0-  00  00  00  00  00  00  00  00 | 00  00  00  00  00  00  00  00 
-C0-  00  00  00  00  00  00  00  00 | 00  00  00  00  00  00  00  00 
-D0-  00  00  00  00  00  00  00  00 | 00  00  00  00  00  00  00  00 
-E0-  00  00  00  00  00  00  00  00 | 00  00  00  00  00  00  00  00 
-F0-  00  00  00  00  00  00  00  00 | 00  00  00  00  00  00  00  00 



BANK 8B
------00--01--02--03--04--05--06--07-|-08--09--0A--0B--0C--0D--0E--0F-
----------------------------------------------------------------------
-00-  00  00  00  00  00  00  00  00 | 00  00  00  00  00  00  00  00 
-10-  00  00  00  00  00  00  00  00 | 00  00  00  00  00  00  00  00 
-20-  00  00  00  00  00  00  00  00 | 00  00  00  00  00  00  00  00 
-30-  00  00  00  00  00  00  00  00 | 00  00  00  00  00  00  00  00 
-40-  00  00  00  00  00  00  00  00 | 00  00  00  00  00  00  00  00 
-50-  00  00  00  00  00  00  00  00 | 00  00  00  00  00  00  00  00 
-60-  00  00  00  00  00  00  00  00 | 00  00  00  00  00  00  00  00 
-70-  00  00  00  00  00  00  00  00 | 00  00  00  00  00  00  00  00 
-80-  00  00  00  00  00  00  00  00 | 00  00  00  00  00  00  00  00 
-90-  00  00  00  00  00  00  00  00 | 00  00  00  00  00  00  00  00 
-A0-  00  00  00  00  00  00  00  00 | 00  00  00  00  00  00  00  00 
-B0-  00  00  00  00  00  00  00  00 | 00  00  00  00  00  00  00  00 
-C0-  00  00  00  00  00  00  00  00 | 00  00  00  00  00  00  00  00 
-D0-  00  00  00  00  00  00  00  00 | 00  00  00  00  00  00  00  00 
-E0-  00  00  00  00  00  00  00  00 | 00  00  00  00  00  00  00  00 
-F0-  00  00  00  00  00  00  00  00 | 00  00  00  00  00  00  00  00 



BANK 8C
------00--01--02--03--04--05--06--07-|-08--09--0A--0B--0C--0D--0E--0F-
----------------------------------------------------------------------
-00-  00  00  00  00  00  00  00  00 | 00  00  00  00  00  00  00  00 
-10-  00  00  00  00  00  00  00  00 | 00  00  00  00  00  00  00  00 
-20-  00  00  00  00  00  00  00  00 | 00  00  00  00  00  00  00  00 
-30-  00  00  00  00  00  00  00  00 | 00  00  00  00  00  00  00  00 
-40-  00  00  00  00  00  00  00  00 | 00  00  00  00  00  00  00  00 
-50-  00  00  00  00  00  00  00  00 | 00  00  00  00  00  00  00  00 
-60-  00  00  00  00  00  00  00  00 | 00  00  00  00  00  00  00  00 
-70-  00  00  00  00  00  00  00  00 | 00  00  00  00  00  00  00  00 
-80-  00  00  00  00  00  00  00  00 | 00  00  00  00  00  00  00  00 
-90-  00  00  00  00  00  00  00  00 | 00  00  00  00  00  00  00  00 
-A0-  00  00  00  00  00  00  00  00 | 00  00  00  00  00  00  00  00 
-B0-  00  00  00  00  00  00  00  00 | 00  00  00  00  00  00  00  00 
-C0-  00  00  00  00  00  00  00  00 | 00  00  00  00  00  00  00  00 
-D0-  00  00  00  00  00  00  00  00 | 00  00  00  00  00  00  00  00 
-E0-  00  00  00  00  00  00  00  00 | 00  00  00  00  00  00  00  00 
-F0-  00  00  00  00  00  00  00  00 | 00  00  00  00  00  00  00  00 



BANK 8D
------00--01--02--03--04--05--06--07-|-08--09--0A--0B--0C--0D--0E--0F-
----------------------------------------------------------------------
-00-  00  00  00  00  00  00  00  00 | 00  00  00  00  00  00  00  00 
-10-  00  00  00  00  00  00  00  00 | 00  00  00  00  00  00  00  00 
-20-  00  00  00  00  00  00  00  00 | 00  00  00  00  00  00  00  00 
-30-  00  00  00  00  00  00  00  00 | 00  00  00  00  00  00  00  00 
-40-  00  00  00  00  00  00  00  00 | 00  00  00  00  00  00  00  00 
-50-  00  00  00  00  00  00  00  00 | 00  00  00  00  00  00  00  00 
-60-  00  00  00  00  00  00  00  00 | 00  00  00  00  00  00  00  00 
-70-  00  00  00  00  00  00  00  00 | 00  00  00  00  00  00  00  00 
-80-  00  00  00  00  00  00  00  00 | 00  00  00  00  00  00  00  00 
-90-  00  00  00  00  00  00  00  00 | 00  00  00  00  00  00  00  00 
-A0-  00  00  00  00  00  00  00  00 | 00  00  00  00  00  00  00  00 
-B0-  00  00  00  00  00  00  00  00 | 00  00  00  00  00  00  00  00 
-C0-  00  00  00  00  00  00  00  00 | 00  00  00  00  00  00  00  00 
-D0-  00  00  00  00  00  00  00  00 | 00  00  00  00  00  00  00  00 
-E0-  00  00  00  00  00  00  00  00 | 00  00  00  00  00  00  00  00 
-F0-  00  00  00  00  00  00  00  00 | 00  00  00  00  00  00  00  00 



BANK 8E
------00--01--02--03--04--05--06--07-|-08--09--0A--0B--0C--0D--0E--0F-
----------------------------------------------------------------------
-00-  00  00  00  00  00  00  00  00 | 00  00  00  00  00  00  00  00 
-10-  00  00  00  00  00  00  00  00 | 00  00  00  00  00  00  00  00 
-20-  00  00  00  00  00  00  00  00 | 00  00  00  00  00  00  00  00 
-30-  00  00  00  00  00  00  00  00 | 00  00  00  00  00  00  00  00 
-40-  00  00  00  00  00  00  00  00 | 00  00  00  00  00  00  00  00 
-50-  00  00  00  00  00  00  00  00 | 00  00  00  00  00  00  00  00 
-60-  00  00  00  00  00  00  00  00 | 00  00  00  00  00  00  00  00 
-70-  00  00  00  00  00  00  00  00 | 00  00  00  00  00  00  00  00 
-80-  00  00  00  00  00  00  00  00 | 00  00  00  00  00  00  00  00 
-90-  00  00  00  00  00  00  00  00 | 00  00  00  00  00  00  00  00 
-A0-  00  00  00  00  00  00  00  00 | 00  00  00  00  00  00  00  00 
-B0-  00  00  00  00  00  00  00  00 | 00  00  00  00  00  00  00  00 
-C0-  00  00  00  00  00  00  00  00 | 00  00  00  00  00  00  00  00 
-D0-  00  00  00  00  00  00  00  00 | 00  00  00  00  00  00  00  00 
-E0-  00  00  00  00  00  00  00  00 | 00  00  00  00  00  00  00  00 
-F0-  00  00  00  00  00  00  00  00 | 00  00  00  00  00  00  00  00 



BANK 8F
------00--01--02--03--04--05--06--07-|-08--09--0A--0B--0C--0D--0E--0F-
----------------------------------------------------------------------
-00-  00  00  00  00  00  00  00  00 | 00  00  00  00  00  00  00  00 
-10-  00  00  00  00  00  00  00  00 | 00  00  00  00  00  00  00  00 
-20-  00  00  00  00  00  00  00  00 | 00  00  00  00  00  00  00  00 
-30-  00  00  00  00  00  00  00  00 | 00  00  00  00  00  00  00  00 
-40-  00  00  00  00  00  00  00  00 | 00  00  00  00  00  00  00  00 
-50-  00  00  00  00  00  00  00  00 | 00  00  00  00  00  00  00  00 
-60-  00  00  00  00  00  00  00  00 | 00  00  00  00  00  00  00  00 
-70-  00  00  00  00  00  00  00  00 | 00  00  00  00  00  00  00  00 
-80-  00  00  00  00  00  00  00  00 | 00  00  00  00  00  00  00  00 
-90-  00  00  00  00  00  00  00  00 | 00  00  00  00  00  00  00  00 
-A0-  00  00  00  00  00  00  00  00 | 00  00  00  00  00  00  00  00 
-B0-  00  00  00  00  00  00  00  00 | 00  00  00  00  00  00  00  00 
-C0-  00  00  00  00  00  00  00  00 | 00  00  00  00  00  00  00  00 
-D0-  00  00  00  00  00  00  00  00 | 00  00  00  00  00  00  00  00 
-E0-  00  00  00  00  00  00  00  00 | 00  00  00  00  00  00  00  00 
-F0-  00  00  00  00  00  00  00  00 | 00  00  00  00  00  00  00  00 



BANK 90
------00--01--02--03--04--05--06--07-|-08--09--0A--0B--0C--0D--0E--0F-
----------------------------------------------------------------------
-00-  00  00  00  00  00  00  00  00 | 00  00  00  00  00  00  00  00 
-10-  00  00  00  00  00  00  00  00 | 00  00  00  00  00  00  00  00 
-20-  00  00  00  00  00  00  00  00 | 00  00  00  00  00  00  00  00 
-30-  00  00  00  00  00  00  00  00 | 00  00  00  00  00  00  00  00 
-40-  00  00  00  00  00  00  00  00 | 00  00  00  00  00  00  00  00 
-50-  00  00  00  00  00  00  00  00 | 00  00  00  00  00  00  00  00 
-60-  00  00  00  00  00  00  00  00 | 00  00  00  00  00  00  00  00 
-70-  00  00  00  00  00  00  00  00 | 00  00  00  00  00  00  00  00 
-80-  00  00  00  00  00  00  00  00 | 00  00  00  00  00  00  00  00 
-90-  00  00  00  00  00  00  00  00 | 00  00  00  00  00  00  00  00 
-A0-  00  00  00  00  00  00  00  00 | 00  00  00  00  00  00  00  00 
-B0-  00  00  00  00  00  00  00  00 | 00  00  00  00  00  00  00  00 
-C0-  00  00  00  00  00  00  00  00 | 00  00  00  00  00  00  00  00 
-D0-  00  00  00  00  00  00  00  00 | 00  00  00  00  00  00  00  00 
-E0-  00  00  00  00  00  00  00  00 | 00  00  00  00  00  00  00  00 
-F0-  00  00  00  00  00  00  00  00 | 00  00  00  00  00  00  00  00 



BANK 91
------00--01--02--03--04--05--06--07-|-08--09--0A--0B--0C--0D--0E--0F-
----------------------------------------------------------------------
-00-  00  00  00  00  00  00  00  00 | 00  00  00  00  00  00  00  00 
-10-  00  00  00  00  00  00  00  00 | 00  00  00  00  00  00  00  00 
-20-  00  00  00  00  00  00  00  00 | 00  00  00  00  00  00  00  00 
-30-  00  00  00  00  00  00  00  00 | 00  00  00  00  00  00  00  00 
-40-  00  00  00  00  00  00  00  00 | 00  00  00  00  00  00  00  00 
-50-  00  00  00  00  00  00  00  00 | 00  00  00  00  00  00  00  00 
-60-  00  00  00  00  00  00  00  00 | 00  00  00  00  00  00  00  00 
-70-  00  00  00  00  00  00  00  00 | 00  00  00  00  00  00  00  00 
-80-  00  00  00  00  00  00  00  00 | 00  00  00  00  00  00  00  00 
-90-  00  00  00  00  00  00  00  00 | 00  00  00  00  00  00  00  00 
-A0-  00  00  00  00  00  00  00  00 | 00  00  00  00  00  00  00  00 
-B0-  00  00  00  00  00  00  00  00 | 00  00  00  00  00  00  00  00 
-C0-  00  00  00  00  00  00  00  00 | 00  00  00  00  00  00  00  00 
-D0-  00  00  00  00  00  00  00  00 | 00  00  00  00  00  00  00  00 
-E0-  00  00  00  00  00  00  00  00 | 00  00  00  00  00  00  00  00 
-F0-  00  00  00  00  00  00  00  00 | 00  00  00  00  00  00  00  00 



BANK 92
------00--01--02--03--04--05--06--07-|-08--09--0A--0B--0C--0D--0E--0F-
----------------------------------------------------------------------
-00-  00  00  00  00  00  00  00  00 | 00  00  00  00  00  00  00  00 
-10-  00  00  00  00  00  00  00  00 | 00  00  00  00  00  00  00  00 
-20-  00  00  00  00  00  00  00  00 | 00  00  00  00  00  00  00  00 
-30-  00  00  00  00  00  00  00  00 | 00  00  00  00  00  00  00  00 
-40-  00  00  00  00  00  00  00  00 | 00  00  00  00  00  00  00  00 
-50-  00  00  00  00  00  00  00  00 | 00  00  00  00  00  00  00  00 
-60-  00  00  00  00  00  00  00  00 | 00  00  00  00  00  00  00  00 
-70-  00  00  00  00  00  00  00  00 | 00  00  00  00  00  00  00  00 
-80-  00  00  00  00  00  00  00  00 | 00  00  00  00  00  00  00  00 
-90-  00  00  00  00  00  00  00  00 | 00  00  00  00  00  00  00  00 
-A0-  00  00  00  00  00  00  00  00 | 00  00  00  00  00  00  00  00 
-B0-  00  00  00  00  00  00  00  00 | 00  00  00  00  00  00  00  00 
-C0-  00  00  00  00  00  00  00  00 | 00  00  00  00  00  00  00  00 
-D0-  00  00  00  00  00  00  00  00 | 00  00  00  00  00  00  00  00 
-E0-  00  00  00  00  00  00  00  00 | 00  00  00  00  00  00  00  00 
-F0-  00  00  00  00  00  00  00  00 | 00  00  00  00  00  00  00  00 



BANK 93
------00--01--02--03--04--05--06--07-|-08--09--0A--0B--0C--0D--0E--0F-
----------------------------------------------------------------------
-00-  00  00  00  00  00  00  00  00 | 00  00  00  00  00  00  00  00 
-10-  00  00  00  00  00  00  00  00 | 00  00  00  00  00  00  00  00 
-20-  00  00  00  00  00  00  00  00 | 00  00  00  00  00  00  00  00 
-30-  00  00  00  00  00  00  00  00 | 00  00  00  00  00  00  00  00 
-40-  00  00  00  00  00  00  00  00 | 00  00  00  00  00  00  00  00 
-50-  00  00  00  00  00  00  00  00 | 00  00  00  00  00  00  00  00 
-60-  00  00  00  00  00  00  00  00 | 00  00  00  00  00  00  00  00 
-70-  00  00  00  00  00  00  00  00 | 00  00  00  00  00  00  00  00 
-80-  00  00  00  00  00  00  00  00 | 00  00  00  00  00  00  00  00 
-90-  00  00  00  00  00  00  00  00 | 00  00  00  00  00  00  00  00 
-A0-  00  00  00  00  00  00  00  00 | 00  00  00  00  00  00  00  00 
-B0-  00  00  00  00  00  00  00  00 | 00  00  00  00  00  00  00  00 
-C0-  00  00  00  00  00  00  00  00 | 00  00  00  00  00  00  00  00 
-D0-  00  00  00  00  00  00  00  00 | 00  00  00  00  00  00  00  00 
-E0-  00  00  00  00  00  00  00  00 | 00  00  00  00  00  00  00  00 
-F0-  00  00  00  00  00  00  00  00 | 00  00  00  00  00  00  00  00 



BANK 94
------00--01--02--03--04--05--06--07-|-08--09--0A--0B--0C--0D--0E--0F-
----------------------------------------------------------------------
-00-  00  00  00  00  00  00  00  00 | 00  00  00  00  00  00  00  00 
-10-  00  00  00  00  00  00  00  00 | 00  00  00  00  00  00  00  00 
-20-  00  00  00  00  00  00  00  00 | 00  00  00  00  00  00  00  00 
-30-  00  00  00  00  00  00  00  00 | 00  00  00  00  00  00  00  00 
-40-  00  00  00  00  00  00  00  00 | 00  00  00  00  00  00  00  00 
-50-  00  00  00  00  00  00  00  00 | 00  00  00  00  00  00  00  00 
-60-  00  00  00  00  00  00  00  00 | 00  00  00  00  00  00  00  00 
-70-  00  00  00  00  00  00  00  00 | 00  00  00  00  00  00  00  00 
-80-  00  00  00  00  00  00  00  00 | 00  00  00  00  00  00  00  00 
-90-  00  00  00  00  00  00  00  00 | 00  00  00  00  00  00  00  00 
-A0-  00  00  00  00  00  00  00  00 | 00  00  00  00  00  00  00  00 
-B0-  00  00  00  00  00  00  00  00 | 00  00  00  00  00  00  00  00 
-C0-  00  00  00  00  00  00  00  00 | 00  00  00  00  00  00  00  00 
-D0-  00  00  00  00  00  00  00  00 | 00  00  00  00  00  00  00  00 
-E0-  00  00  00  00  00  00  00  00 | 00  00  00  00  00  00  00  00 
-F0-  00  00  00  00  00  00  00  00 | 00  00  00  00  00  00  00  00 



BANK 95
------00--01--02--03--04--05--06--07-|-08--09--0A--0B--0C--0D--0E--0F-
----------------------------------------------------------------------
-00-  00  00  00  00  00  00  00  00 | 00  00  00  00  00  00  00  00 
-10-  00  00  00  00  00  00  00  00 | 00  00  00  00  00  00  00  00 
-20-  00  00  00  00  00  00  00  00 | 00  00  00  00  00  00  00  00 
-30-  00  00  00  00  00  00  00  00 | 00  00  00  00  00  00  00  00 
-40-  00  00  00  00  00  00  00  00 | 00  00  00  00  00  00  00  00 
-50-  00  00  00  00  00  00  00  00 | 00  00  00  00  00  00  00  00 
-60-  00  00  00  00  00  00  00  00 | 00  00  00  00  00  00  00  00 
-70-  00  00  00  00  00  00  00  00 | 00  00  00  00  00  00  00  00 
-80-  00  00  00  00  00  00  00  00 | 00  00  00  00  00  00  00  00 
-90-  00  00  00  00  00  00  00  00 | 00  00  00  00  00  00  00  00 
-A0-  00  00  00  00  00  00  00  00 | 00  00  00  00  00  00  00  00 
-B0-  00  00  00  00  00  00  00  00 | 00  00  00  00  00  00  00  00 
-C0-  00  00  00  00  00  00  00  00 | 00  00  00  00  00  00  00  00 
-D0-  00  00  00  00  00  00  00  00 | 00  00  00  00  00  00  00  00 
-E0-  00  00  00  00  00  00  00  00 | 00  00  00  00  00  00  00  00 
-F0-  00  00  00  00  00  00  00  00 | 00  00  00  00  00  00  00  00 



BANK 96
------00--01--02--03--04--05--06--07-|-08--09--0A--0B--0C--0D--0E--0F-
----------------------------------------------------------------------
-00-  00  00  00  00  00  00  00  00 | 00  00  00  00  00  00  00  00 
-10-  00  00  00  00  00  00  00  00 | 00  00  00  00  00  00  00  00 
-20-  00  00  00  00  00  00  00  00 | 00  00  00  00  00  00  00  00 
-30-  00  00  00  00  00  00  00  00 | 00  00  00  00  00  00  00  00 
-40-  00  00  00  00  00  00  00  00 | 00  00  00  00  00  00  00  00 
-50-  00  00  00  00  00  00  00  00 | 00  00  00  00  00  00  00  00 
-60-  00  00  00  00  00  00  00  00 | 00  00  00  00  00  00  00  00 
-70-  00  00  00  00  00  00  00  00 | 00  00  00  00  00  00  00  00 
-80-  00  00  00  00  00  00  00  00 | 00  00  00  00  00  00  00  00 
-90-  00  00  00  00  00  00  00  00 | 00  00  00  00  00  00  00  00 
-A0-  00  00  00  00  00  00  00  00 | 00  00  00  00  00  00  00  00 
-B0-  00  00  00  00  00  00  00  00 | 00  00  00  00  00  00  00  00 
-C0-  00  00  00  00  00  00  00  00 | 00  00  00  00  00  00  00  00 
-D0-  00  00  00  00  00  00  00  00 | 00  00  00  00  00  00  00  00 
-E0-  00  00  00  00  00  00  00  00 | 00  00  00  00  00  00  00  00 
-F0-  00  00  00  00  00  00  00  00 | 00  00  00  00  00  00  00  00 



BANK 97
------00--01--02--03--04--05--06--07-|-08--09--0A--0B--0C--0D--0E--0F-
----------------------------------------------------------------------
-00-  00  00  00  00  00  00  00  00 | 00  00  00  00  00  00  00  00 
-10-  00  00  00  00  00  00  00  00 | 00  00  00  00  00  00  00  00 
-20-  00  00  00  00  00  00  00  00 | 00  00  00  00  00  00  00  00 
-30-  00  00  00  00  00  00  00  00 | 00  00  00  00  00  00  00  00 
-40-  00  00  00  00  00  00  00  00 | 00  00  00  00  00  00  00  00 
-50-  00  00  00  00  00  00  00  00 | 00  00  00  00  00  00  00  00 
-60-  00  00  00  00  00  00  00  00 | 00  00  00  00  00  00  00  00 
-70-  00  00  00  00  00  00  00  00 | 00  00  00  00  00  00  00  00 
-80-  00  00  00  00  00  00  00  00 | 00  00  00  00  00  00  00  00 
-90-  00  00  00  00  00  00  00  00 | 00  00  00  00  00  00  00  00 
-A0-  00  00  00  00  00  00  00  00 | 00  00  00  00  00  00  00  00 
-B0-  00  00  00  00  00  00  00  00 | 00  00  00  00  00  00  00  00 
-C0-  00  00  00  00  00  00  00  00 | 00  00  00  00  00  00  00  00 
-D0-  00  00  00  00  00  00  00  00 | 00  00  00  00  00  00  00  00 
-E0-  00  00  00  00  00  00  00  00 | 00  00  00  00  00  00  00  00 
-F0-  00  00  00  00  00  00  00  00 | 00  00  00  00  00  00  00  00 



BANK 98
------00--01--02--03--04--05--06--07-|-08--09--0A--0B--0C--0D--0E--0F-
----------------------------------------------------------------------
-00-  00  00  00  00  00  00  00  00 | 00  00  00  00  00  00  00  00 
-10-  00  00  00  00  00  00  00  00 | 00  00  00  00  00  00  00  00 
-20-  00  00  00  00  00  00  00  00 | 00  00  00  00  00  00  00  00 
-30-  00  00  00  00  00  00  00  00 | 00  00  00  00  00  00  00  00 
-40-  00  00  00  00  00  00  00  00 | 00  00  00  00  00  00  00  00 
-50-  00  00  00  00  00  00  00  00 | 00  00  00  00  00  00  00  00 
-60-  00  00  00  00  00  00  00  00 | 00  00  00  00  00  00  00  00 
-70-  00  00  00  00  00  00  00  00 | 00  00  00  00  00  00  00  00 
-80-  00  00  00  00  00  00  00  00 | 00  00  00  00  00  00  00  00 
-90-  00  00  00  00  00  00  00  00 | 00  00  00  00  00  00  00  00 
-A0-  00  00  00  00  00  00  00  00 | 00  00  00  00  00  00  00  00 
-B0-  00  00  00  00  00  00  00  00 | 00  00  00  00  00  00  00  00 
-C0-  00  00  00  00  00  00  00  00 | 00  00  00  00  00  00  00  00 
-D0-  00  00  00  00  00  00  00  00 | 00  00  00  00  00  00  00  00 
-E0-  00  00  00  00  00  00  00  00 | 00  00  00  00  00  00  00  00 
-F0-  00  00  00  00  00  00  00  00 | 00  00  00  00  00  00  00  00 



BANK 99
------00--01--02--03--04--05--06--07-|-08--09--0A--0B--0C--0D--0E--0F-
----------------------------------------------------------------------
-00-  00  00  00  00  00  00  00  00 | 00  00  00  00  00  00  00  00 
-10-  00  00  00  00  00  00  00  00 | 00  00  00  00  00  00  00  00 
-20-  00  00  00  00  00  00  00  00 | 00  00  00  00  00  00  00  00 
-30-  00  00  00  00  00  00  00  00 | 00  00  00  00  00  00  00  00 
-40-  00  00  00  00  00  00  00  00 | 00  00  00  00  00  00  00  00 
-50-  00  00  00  00  00  00  00  00 | 00  00  00  00  00  00  00  00 
-60-  00  00  00  00  00  00  00  00 | 00  00  00  00  00  00  00  00 
-70-  00  00  00  00  00  00  00  00 | 00  00  00  00  00  00  00  00 
-80-  00  00  00  00  00  00  00  00 | 00  00  00  00  00  00  00  00 
-90-  00  00  00  00  00  00  00  00 | 00  00  00  00  00  00  00  00 
-A0-  00  00  00  00  00  00  00  00 | 00  00  00  00  00  00  00  00 
-B0-  00  00  00  00  00  00  00  00 | 00  00  00  00  00  00  00  00 
-C0-  00  00  00  00  00  00  00  00 | 00  00  00  00  00  00  00  00 
-D0-  00  00  00  00  00  00  00  00 | 00  00  00  00  00  00  00  00 
-E0-  00  00  00  00  00  00  00  00 | 00  00  00  00  00  00  00  00 
-F0-  00  00  00  00  00  00  00  00 | 00  00  00  00  00  00  00  00 



BANK 9A
------00--01--02--03--04--05--06--07-|-08--09--0A--0B--0C--0D--0E--0F-
----------------------------------------------------------------------
-00-  00  00  00  00  00  00  00  00 | 00  00  00  00  00  00  00  00 
-10-  00  00  00  00  00  00  00  00 | 00  00  00  00  00  00  00  00 
-20-  00  00  00  00  00  00  00  00 | 00  00  00  00  00  00  00  00 
-30-  00  00  00  00  00  00  00  00 | 00  00  00  00  00  00  00  00 
-40-  00  00  00  00  00  00  00  00 | 00  00  00  00  00  00  00  00 
-50-  00  00  00  00  00  00  00  00 | 00  00  00  00  00  00  00  00 
-60-  00  00  00  00  00  00  00  00 | 00  00  00  00  00  00  00  00 
-70-  00  00  00  00  00  00  00  00 | 00  00  00  00  00  00  00  00 
-80-  00  00  00  00  00  00  00  00 | 00  00  00  00  00  00  00  00 
-90-  00  00  00  00  00  00  00  00 | 00  00  00  00  00  00  00  00 
-A0-  00  00  00  00  00  00  00  00 | 00  00  00  00  00  00  00  00 
-B0-  00  00  00  00  00  00  00  00 | 00  00  00  00  00  00  00  00 
-C0-  00  00  00  00  00  00  00  00 | 00  00  00  00  00  00  00  00 
-D0-  00  00  00  00  00  00  00  00 | 00  00  00  00  00  00  00  00 
-E0-  00  00  00  00  00  00  00  00 | 00  00  00  00  00  00  00  00 
-F0-  00  00  00  00  00  00  00  00 | 00  00  00  00  00  00  00  00 



BANK 9B
------00--01--02--03--04--05--06--07-|-08--09--0A--0B--0C--0D--0E--0F-
----------------------------------------------------------------------
-00-  00  00  00  00  00  00  00  00 | 00  00  00  00  00  00  00  00 
-10-  00  00  00  00  00  00  00  00 | 00  00  00  00  00  00  00  00 
-20-  00  00  00  00  00  00  00  00 | 00  00  00  00  00  00  00  00 
-30-  00  00  00  00  00  00  00  00 | 00  00  00  00  00  00  00  00 
-40-  00  00  00  00  00  00  00  00 | 00  00  00  00  00  00  00  00 
-50-  00  00  00  00  00  00  00  00 | 00  00  00  00  00  00  00  00 
-60-  00  00  00  00  00  00  00  00 | 00  00  00  00  00  00  00  00 
-70-  00  00  00  00  00  00  00  00 | 00  00  00  00  00  00  00  00 
-80-  00  00  00  00  00  00  00  00 | 00  00  00  00  00  00  00  00 
-90-  00  00  00  00  00  00  00  00 | 00  00  00  00  00  00  00  00 
-A0-  00  00  00  00  00  00  00  00 | 00  00  00  00  00  00  00  00 
-B0-  00  00  00  00  00  00  00  00 | 00  00  00  00  00  00  00  00 
-C0-  00  00  00  00  00  00  00  00 | 00  00  00  00  00  00  00  00 
-D0-  00  00  00  00  00  00  00  00 | 00  00  00  00  00  00  00  00 
-E0-  00  00  00  00  00  00  00  00 | 00  00  00  00  00  00  00  00 
-F0-  00  00  00  00  00  00  00  00 | 00  00  00  00  00  00  00  00 



BANK 9C
------00--01--02--03--04--05--06--07-|-08--09--0A--0B--0C--0D--0E--0F-
----------------------------------------------------------------------
-00-  00  00  00  00  00  00  00  00 | 00  00  00  00  00  00  00  00 
-10-  00  00  00  00  00  00  00  00 | 00  00  00  00  00  00  00  00 
-20-  00  00  00  00  00  00  00  00 | 00  00  00  00  00  00  00  00 
-30-  00  00  00  00  00  00  00  00 | 00  00  00  00  00  00  00  00 
-40-  00  00  00  00  00  00  00  00 | 00  00  00  00  00  00  00  00 
-50-  00  00  00  00  00  00  00  00 | 00  00  00  00  00  00  00  00 
-60-  00  00  00  00  00  00  00  00 | 00  00  00  00  00  00  00  00 
-70-  00  00  00  00  00  00  00  00 | 00  00  00  00  00  00  00  00 
-80-  00  00  00  00  00  00  00  00 | 00  00  00  00  00  00  00  00 
-90-  00  00  00  00  00  00  00  00 | 00  00  00  00  00  00  00  00 
-A0-  00  00  00  00  00  00  00  00 | 00  00  00  00  00  00  00  00 
-B0-  00  00  00  00  00  00  00  00 | 00  00  00  00  00  00  00  00 
-C0-  00  00  00  00  00  00  00  00 | 00  00  00  00  00  00  00  00 
-D0-  00  00  00  00  00  00  00  00 | 00  00  00  00  00  00  00  00 
-E0-  00  00  00  00  00  00  00  00 | 00  00  00  00  00  00  00  00 
-F0-  00  00  00  00  00  00  00  00 | 00  00  00  00  00  00  00  00 



BANK 9D
------00--01--02--03--04--05--06--07-|-08--09--0A--0B--0C--0D--0E--0F-
----------------------------------------------------------------------
-00-  00  00  00  00  00  00  00  00 | 00  00  00  00  00  00  00  00 
-10-  00  00  00  00  00  00  00  00 | 00  00  00  00  00  00  00  00 
-20-  00  00  00  00  00  00  00  00 | 00  00  00  00  00  00  00  00 
-30-  00  00  00  00  00  00  00  00 | 00  00  00  00  00  00  00  00 
-40-  00  00  00  00  00  00  00  00 | 00  00  00  00  00  00  00  00 
-50-  00  00  00  00  00  00  00  00 | 00  00  00  00  00  00  00  00 
-60-  00  00  00  00  00  00  00  00 | 00  00  00  00  00  00  00  00 
-70-  00  00  00  00  00  00  00  00 | 00  00  00  00  00  00  00  00 
-80-  00  00  00  00  00  00  00  00 | 00  00  00  00  00  00  00  00 
-90-  00  00  00  00  00  00  00  00 | 00  00  00  00  00  00  00  00 
-A0-  00  00  00  00  00  00  00  00 | 00  00  00  00  00  00  00  00 
-B0-  00  00  00  00  00  00  00  00 | 00  00  00  00  00  00  00  00 
-C0-  00  00  00  00  00  00  00  00 | 00  00  00  00  00  00  00  00 
-D0-  00  00  00  00  00  00  00  00 | 00  00  00  00  00  00  00  00 
-E0-  00  00  00  00  00  00  00  00 | 00  00  00  00  00  00  00  00 
-F0-  00  00  00  00  00  00  00  00 | 00  00  00  00  00  00  00  00 



BANK 9E
------00--01--02--03--04--05--06--07-|-08--09--0A--0B--0C--0D--0E--0F-
----------------------------------------------------------------------
-00-  00  00  00  00  00  00  00  00 | 00  00  00  00  00  00  00  00 
-10-  00  00  00  00  00  00  00  00 | 00  00  00  00  00  00  00  00 
-20-  00  00  00  00  00  00  00  00 | 00  00  00  00  00  00  00  00 
-30-  00  00  00  00  00  00  00  00 | 00  00  00  00  00  00  00  00 
-40-  00  00  00  00  00  00  00  00 | 00  00  00  00  00  00  00  00 
-50-  00  00  00  00  00  00  00  00 | 00  00  00  00  00  00  00  00 
-60-  00  00  00  00  00  00  00  00 | 00  00  00  00  00  00  00  00 
-70-  00  00  00  00  00  00  00  00 | 00  00  00  00  00  00  00  00 
-80-  00  00  00  00  00  00  00  00 | 00  00  00  00  00  00  00  00 
-90-  00  00  00  00  00  00  00  00 | 00  00  00  00  00  00  00  00 
-A0-  00  00  00  00  00  00  00  00 | 00  00  00  00  00  00  00  00 
-B0-  00  00  00  00  00  00  00  00 | 00  00  00  00  00  00  00  00 
-C0-  00  00  00  00  00  00  00  00 | 00  00  00  00  00  00  00  00 
-D0-  00  00  00  00  00  00  00  00 | 00  00  00  00  00  00  00  00 
-E0-  00  00  00  00  00  00  00  00 | 00  00  00  00  00  00  00  00 
-F0-  00  00  00  00  00  00  00  00 | 00  00  00  00  00  00  00  00 



BANK 9F
------00--01--02--03--04--05--06--07-|-08--09--0A--0B--0C--0D--0E--0F-
----------------------------------------------------------------------
-00-  00  00  00  00  00  00  00  00 | 00  00  00  00  00  00  00  00 
-10-  00  00  00  00  00  00  00  00 | 00  00  00  00  00  00  00  00 
-20-  00  00  00  00  00  00  00  00 | 00  00  00  00  00  00  00  00 
-30-  00  00  00  00  00  00  00  00 | 00  00  00  00  00  00  00  00 
-40-  00  00  00  00  00  00  00  00 | 00  00  00  00  00  00  00  00 
-50-  00  00  00  00  00  00  00  00 | 00  00  00  00  00  00  00  00 
-60-  00  00  00  00  00  00  00  00 | 00  00  00  00  00  00  00  00 
-70-  00  00  00  00  00  00  00  00 | 00  00  00  00  00  00  00  00 
-80-  00  00  00  00  00  00  00  00 | 00  00  00  00  00  00  00  00 
-90-  00  00  00  00  00  00  00  00 | 00  00  00  00  00  00  00  00 
-A0-  00  00  00  00  00  00  00  00 | 00  00  00  00  00  00  00  00 
-B0-  00  00  00  00  00  00  00  00 | 00  00  00  00  00  00  00  00 
-C0-  00  00  00  00  00  00  00  00 | 00  00  00  00  00  00  00  00 
-D0-  00  00  00  00  00  00  00  00 | 00  00  00  00  00  00  00  00 
-E0-  00  00  00  00  00  00  00  00 | 00  00  00  00  00  00  00  00 
-F0-  00  00  00  00  00  00  00  00 | 00  00  00  00  00  00  00  00 



BANK A0
------00--01--02--03--04--05--06--07-|-08--09--0A--0B--0C--0D--0E--0F-
----------------------------------------------------------------------
-00-  00  00  00  00  00  00  00  00 | 00  00  00  00  00  00  00  00 
-10-  00  00  00  00  00  00  00  00 | 00  00  00  00  00  00  00  00 
-20-  00  00  00  00  00  00  00  00 | 00  00  00  00  00  00  00  00 
-30-  00  00  00  00  00  00  00  00 | 00  00  00  00  00  00  00  00 
-40-  00  00  00  00  00  00  00  00 | 00  00  00  00  00  00  00  00 
-50-  00  00  00  00  00  00  00  00 | 00  00  00  00  00  00  00  00 
-60-  00  00  00  00  00  00  00  00 | 00  00  00  00  00  00  00  00 
-70-  00  00  00  00  00  00  00  00 | 00  00  00  00  00  00  00  00 
-80-  00  00  00  00  00  00  00  00 | 00  00  00  00  00  00  00  00 
-90-  00  00  00  00  00  00  00  00 | 00  00  00  00  00  00  00  00 
-A0-  00  00  00  00  00  00  00  00 | 00  00  00  00  00  00  00  00 
-B0-  00  00  00  00  00  00  00  00 | 00  00  00  00  00  00  00  00 
-C0-  00  00  00  00  00  00  00  00 | 00  00  00  00  00  00  00  00 
-D0-  00  00  00  00  00  00  00  00 | 00  00  00  00  00  00  00  00 
-E0-  00  00  00  00  00  00  00  00 | 00  00  00  00  00  00  00  00 
-F0-  00  00  00  00  00  00  00  00 | 00  00  00  00  00  00  00  00 



BANK A1
------00--01--02--03--04--05--06--07-|-08--09--0A--0B--0C--0D--0E--0F-
----------------------------------------------------------------------
-00-  00  00  00  00  00  00  00  00 | 00  00  00  00  00  00  00  00 
-10-  00  00  00  00  00  00  00  00 | 00  00  00  00  00  00  00  00 
-20-  00  00  00  00  00  00  00  00 | 00  00  00  00  00  00  00  00 
-30-  00  00  00  00  00  00  00  00 | 00  00  00  00  00  00  00  00 
-40-  00  00  00  00  00  00  00  00 | 00  00  00  00  00  00  00  00 
-50-  00  00  00  00  00  00  00  00 | 00  00  00  00  00  00  00  00 
-60-  00  00  00  00  00  00  00  00 | 00  00  00  00  00  00  00  00 
-70-  00  00  00  00  00  00  00  00 | 00  00  00  00  00  00  00  00 
-80-  00  00  00  00  00  00  00  00 | 00  00  00  00  00  00  00  00 
-90-  00  00  00  00  00  00  00  00 | 00  00  00  00  00  00  00  00 
-A0-  00  00  00  00  00  00  00  00 | 00  00  00  00  00  00  00  00 
-B0-  00  00  00  00  00  00  00  00 | 00  00  00  00  00  00  00  00 
-C0-  00  00  00  00  00  00  00  00 | 00  00  00  00  00  00  00  00 
-D0-  00  00  00  00  00  00  00  00 | 00  00  00  00  00  00  00  00 
-E0-  00  00  00  00  00  00  00  00 | 00  00  00  00  00  00  00  00 
-F0-  00  00  00  00  00  00  00  00 | 00  00  00  00  00  00  00  00 



BANK A2
------00--01--02--03--04--05--06--07-|-08--09--0A--0B--0C--0D--0E--0F-
----------------------------------------------------------------------
-00-  00  00  00  00  00  00  00  00 | 00  00  00  00  00  00  00  00 
-10-  00  00  00  00  00  00  00  00 | 00  00  00  00  00  00  00  00 
-20-  00  00  00  00  00  00  00  00 | 00  00  00  00  00  00  00  00 
-30-  00  00  00  00  00  00  00  00 | 00  00  00  00  00  00  00  00 
-40-  00  00  00  00  00  00  00  00 | 00  00  00  00  00  00  00  00 
-50-  00  00  00  00  00  00  00  00 | 00  00  00  00  00  00  00  00 
-60-  00  00  00  00  00  00  00  00 | 00  00  00  00  00  00  00  00 
-70-  00  00  00  00  00  00  00  00 | 00  00  00  00  00  00  00  00 
-80-  00  00  00  00  00  00  00  00 | 00  00  00  00  00  00  00  00 
-90-  00  00  00  00  00  00  00  00 | 00  00  00  00  00  00  00  00 
-A0-  00  00  00  00  00  00  00  00 | 00  00  00  00  00  00  00  00 
-B0-  00  00  00  00  00  00  00  00 | 00  00  00  00  00  00  00  00 
-C0-  00  00  00  00  00  00  00  00 | 00  00  00  00  00  00  00  00 
-D0-  00  00  00  00  00  00  00  00 | 00  00  00  00  00  00  00  00 
-E0-  00  00  00  00  00  00  00  00 | 00  00  00  00  00  00  00  00 
-F0-  00  00  00  00  00  00  00  00 | 00  00  00  00  00  00  00  00 



BANK A3
------00--01--02--03--04--05--06--07-|-08--09--0A--0B--0C--0D--0E--0F-
----------------------------------------------------------------------
-00-  00  00  00  00  00  00  00  00 | 00  00  00  00  00  00  00  00 
-10-  00  00  00  00  00  00  00  00 | 00  00  00  00  00  00  00  00 
-20-  00  00  00  00  00  00  00  00 | 00  00  00  00  00  00  00  00 
-30-  00  00  00  00  00  00  00  00 | 00  00  00  00  00  00  00  00 
-40-  00  00  00  00  00  00  00  00 | 00  00  00  00  00  00  00  00 
-50-  00  00  00  00  00  00  00  00 | 00  00  00  00  00  00  00  00 
-60-  00  00  00  00  00  00  00  00 | 00  00  00  00  00  00  00  00 
-70-  00  00  00  00  00  00  00  00 | 00  00  00  00  00  00  00  00 
-80-  00  00  00  00  00  00  00  00 | 00  00  00  00  00  00  00  00 
-90-  00  00  00  00  00  00  00  00 | 00  00  00  00  00  00  00  00 
-A0-  00  00  00  00  00  00  00  00 | 00  00  00  00  00  00  00  00 
-B0-  00  00  00  00  00  00  00  00 | 00  00  00  00  00  00  00  00 
-C0-  00  00  00  00  00  00  00  00 | 00  00  00  00  00  00  00  00 
-D0-  00  00  00  00  00  00  00  00 | 00  00  00  00  00  00  00  00 
-E0-  00  00  00  00  00  00  00  00 | 00  00  00  00  00  00  00  00 
-F0-  00  00  00  00  00  00  00  00 | 00  00  00  00  00  00  00  00 



BANK A4
------00--01--02--03--04--05--06--07-|-08--09--0A--0B--0C--0D--0E--0F-
----------------------------------------------------------------------
-00-  00  00  00  00  00  00  00  00 | 00  00  00  00  00  00  00  00 
-10-  00  00  00  00  00  00  00  00 | 00  00  00  00  00  00  00  00 
-20-  00  00  00  00  00  00  00  00 | 00  00  00  00  00  00  00  00 
-30-  00  00  00  00  00  00  00  00 | 00  00  00  00  00  00  00  00 
-40-  00  00  00  00  00  00  00  00 | 00  00  00  00  00  00  00  00 
-50-  00  00  00  00  00  00  00  00 | 00  00  00  00  00  00  00  00 
-60-  00  00  00  00  00  00  00  00 | 00  00  00  00  00  00  00  00 
-70-  00  00  00  00  00  00  00  00 | 00  00  00  00  00  00  00  00 
-80-  00  00  00  00  00  00  00  00 | 00  00  00  00  00  00  00  00 
-90-  00  00  00  00  00  00  00  00 | 00  00  00  00  00  00  00  00 
-A0-  00  00  00  00  00  00  00  00 | 00  00  00  00  00  00  00  00 
-B0-  00  00  00  00  00  00  00  00 | 00  00  00  00  00  00  00  00 
-C0-  00  00  00  00  00  00  00  00 | 00  00  00  00  00  00  00  00 
-D0-  00  00  00  00  00  00  00  00 | 00  00  00  00  00  00  00  00 
-E0-  00  00  00  00  00  00  00  00 | 00  00  00  00  00  00  00  00 
-F0-  00  00  00  00  00  00  00  00 | 00  00  00  00  00  00  00  00 



BANK A5
------00--01--02--03--04--05--06--07-|-08--09--0A--0B--0C--0D--0E--0F-
----------------------------------------------------------------------
-00-  00  00  00  00  00  00  00  00 | 00  00  00  00  00  00  00  00 
-10-  00  00  00  00  00  00  00  00 | 00  00  00  00  00  00  00  00 
-20-  00  00  00  00  00  00  00  00 | 00  00  00  00  00  00  00  00 
-30-  00  00  00  00  00  00  00  00 | 00  00  00  00  00  00  00  00 
-40-  00  00  00  00  00  00  00  00 | 00  00  00  00  00  00  00  00 
-50-  00  00  00  00  00  00  00  00 | 00  00  00  00  00  00  00  00 
-60-  00  00  00  00  00  00  00  00 | 00  00  00  00  00  00  00  00 
-70-  00  00  00  00  00  00  00  00 | 00  00  00  00  00  00  00  00 
-80-  00  00  00  00  00  00  00  00 | 00  00  00  00  00  00  00  00 
-90-  00  00  00  00  00  00  00  00 | 00  00  00  00  00  00  00  00 
-A0-  00  00  00  00  00  00  00  00 | 00  00  00  00  00  00  00  00 
-B0-  00  00  00  00  00  00  00  00 | 00  00  00  00  00  00  00  00 
-C0-  00  00  00  00  00  00  00  00 | 00  00  00  00  00  00  00  00 
-D0-  00  00  00  00  00  00  00  00 | 00  00  00  00  00  00  00  00 
-E0-  00  00  00  00  00  00  00  00 | 00  00  00  00  00  00  00  00 
-F0-  00  00  00  00  00  00  00  00 | 00  00  00  00  00  00  00  00 



BANK A6
------00--01--02--03--04--05--06--07-|-08--09--0A--0B--0C--0D--0E--0F-
----------------------------------------------------------------------
-00-  00  00  00  00  00  00  00  00 | 00  00  00  00  00  00  00  00 
-10-  00  00  00  00  00  00  00  00 | 00  00  00  00  00  00  00  00 
-20-  00  00  00  00  00  00  00  00 | 00  00  00  00  00  00  00  00 
-30-  00  00  00  00  00  00  00  00 | 00  00  00  00  00  00  00  00 
-40-  00  00  00  00  00  00  00  00 | 00  00  00  00  00  00  00  00 
-50-  00  00  00  00  00  00  00  00 | 00  00  00  00  00  00  00  00 
-60-  00  00  00  00  00  00  00  00 | 00  00  00  00  00  00  00  00 
-70-  00  00  00  00  00  00  00  00 | 00  00  00  00  00  00  00  00 
-80-  00  00  00  00  00  00  00  00 | 00  00  00  00  00  00  00  00 
-90-  00  00  00  00  00  00  00  00 | 00  00  00  00  00  00  00  00 
-A0-  00  00  00  00  00  00  00  00 | 00  00  00  00  00  00  00  00 
-B0-  00  00  00  00  00  00  00  00 | 00  00  00  00  00  00  00  00 
-C0-  00  00  00  00  00  00  00  00 | 00  00  00  00  00  00  00  00 
-D0-  00  00  00  00  00  00  00  00 | 00  00  00  00  00  00  00  00 
-E0-  00  00  00  00  00  00  00  00 | 00  00  00  00  00  00  00  00 
-F0-  00  00  00  00  00  00  00  00 | 00  00  00  00  00  00  00  00 



BANK A7
------00--01--02--03--04--05--06--07-|-08--09--0A--0B--0C--0D--0E--0F-
----------------------------------------------------------------------
-00-  00  00  00  00  00  00  00  00 | 00  00  00  00  00  00  00  00 
-10-  00  00  00  00  00  00  00  00 | 00  00  00  00  00  00  00  00 
-20-  00  00  00  00  00  00  00  00 | 00  00  00  00  00  00  00  00 
-30-  00  00  00  00  00  00  00  00 | 00  00  00  00  00  00  00  00 
-40-  00  00  00  00  00  00  00  00 | 00  00  00  00  00  00  00  00 
-50-  00  00  00  00  00  00  00  00 | 00  00  00  00  00  00  00  00 
-60-  00  00  00  00  00  00  00  00 | 00  00  00  00  00  00  00  00 
-70-  00  00  00  00  00  00  00  00 | 00  00  00  00  00  00  00  00 
-80-  00  00  00  00  00  00  00  00 | 00  00  00  00  00  00  00  00 
-90-  00  00  00  00  00  00  00  00 | 00  00  00  00  00  00  00  00 
-A0-  00  00  00  00  00  00  00  00 | 00  00  00  00  00  00  00  00 
-B0-  00  00  00  00  00  00  00  00 | 00  00  00  00  00  00  00  00 
-C0-  00  00  00  00  00  00  00  00 | 00  00  00  00  00  00  00  00 
-D0-  00  00  00  00  00  00  00  00 | 00  00  00  00  00  00  00  00 
-E0-  00  00  00  00  00  00  00  00 | 00  00  00  00  00  00  00  00 
-F0-  00  00  00  00  00  00  00  00 | 00  00  00  00  00  00  00  00 



BANK A8
------00--01--02--03--04--05--06--07-|-08--09--0A--0B--0C--0D--0E--0F-
----------------------------------------------------------------------
-00-  00  00  00  00  00  00  00  00 | 00  00  00  00  00  00  00  00 
-10-  00  00  00  00  00  00  00  00 | 00  00  00  00  00  00  00  00 
-20-  00  00  00  00  00  00  00  00 | 00  00  00  00  00  00  00  00 
-30-  00  00  00  00  00  00  00  00 | 00  00  00  00  00  00  00  00 
-40-  00  00  00  00  00  00  00  00 | 00  00  00  00  00  00  00  00 
-50-  00  00  00  00  00  00  00  00 | 00  00  00  00  00  00  00  00 
-60-  00  00  00  00  00  00  00  00 | 00  00  00  00  00  00  00  00 
-70-  00  00  00  00  00  00  00  00 | 00  00  00  00  00  00  00  00 
-80-  00  00  00  00  00  00  00  00 | 00  00  00  00  00  00  00  00 
-90-  00  00  00  00  00  00  00  00 | 00  00  00  00  00  00  00  00 
-A0-  00  00  00  00  00  00  00  00 | 00  00  00  00  00  00  00  00 
-B0-  00  00  00  00  00  00  00  00 | 00  00  00  00  00  00  00  00 
-C0-  00  00  00  00  00  00  00  00 | 00  00  00  00  00  00  00  00 
-D0-  00  00  00  00  00  00  00  00 | 00  00  00  00  00  00  00  00 
-E0-  00  00  00  00  00  00  00  00 | 00  00  00  00  00  00  00  00 
-F0-  00  00  00  00  00  00  00  00 | 00  00  00  00  00  00  00  00 



BANK A9
------00--01--02--03--04--05--06--07-|-08--09--0A--0B--0C--0D--0E--0F-
----------------------------------------------------------------------
-00-  00  00  00  00  00  00  00  00 | 00  00  00  00  00  00  00  00 
-10-  00  00  00  00  00  00  00  00 | 00  00  00  00  00  00  00  00 
-20-  00  00  00  00  00  00  00  00 | 00  00  00  00  00  00  00  00 
-30-  00  00  00  00  00  00  00  00 | 00  00  00  00  00  00  00  00 
-40-  00  00  00  00  00  00  00  00 | 00  00  00  00  00  00  00  00 
-50-  00  00  00  00  00  00  00  00 | 00  00  00  00  00  00  00  00 
-60-  00  00  00  00  00  00  00  00 | 00  00  00  00  00  00  00  00 
-70-  00  00  00  00  00  00  00  00 | 00  00  00  00  00  00  00  00 
-80-  00  00  00  00  00  00  00  00 | 00  00  00  00  00  00  00  00 
-90-  00  00  00  00  00  00  00  00 | 00  00  00  00  00  00  00  00 
-A0-  00  00  00  00  00  00  00  00 | 00  00  00  00  00  00  00  00 
-B0-  00  00  00  00  00  00  00  00 | 00  00  00  00  00  00  00  00 
-C0-  00  00  00  00  00  00  00  00 | 00  00  00  00  00  00  00  00 
-D0-  00  00  00  00  00  00  00  00 | 00  00  00  00  00  00  00  00 
-E0-  00  00  00  00  00  00  00  00 | 00  00  00  00  00  00  00  00 
-F0-  00  00  00  00  00  00  00  00 | 00  00  00  00  00  00  00  00 



BANK AA
------00--01--02--03--04--05--06--07-|-08--09--0A--0B--0C--0D--0E--0F-
----------------------------------------------------------------------
-00-  00  00  00  00  00  00  00  00 | 00  00  00  00  00  00  00  00 
-10-  00  00  00  00  00  00  00  00 | 00  00  00  00  00  00  00  00 
-20-  00  00  00  00  00  00  00  00 | 00  00  00  00  00  00  00  00 
-30-  00  00  00  00  00  00  00  00 | 00  00  00  00  00  00  00  00 
-40-  00  00  00  00  00  00  00  00 | 00  00  00  00  00  00  00  00 
-50-  00  00  00  00  00  00  00  00 | 00  00  00  00  00  00  00  00 
-60-  00  00  00  00  00  00  00  00 | 00  00  00  00  00  00  00  00 
-70-  00  00  00  00  00  00  00  00 | 00  00  00  00  00  00  00  00 
-80-  00  00  00  00  00  00  00  00 | 00  00  00  00  00  00  00  00 
-90-  00  00  00  00  00  00  00  00 | 00  00  00  00  00  00  00  00 
-A0-  00  00  00  00  00  00  00  00 | 00  00  00  00  00  00  00  00 
-B0-  00  00  00  00  00  00  00  00 | 00  00  00  00  00  00  00  00 
-C0-  00  00  00  00  00  00  00  00 | 00  00  00  00  00  00  00  00 
-D0-  00  00  00  00  00  00  00  00 | 00  00  00  00  00  00  00  00 
-E0-  00  00  00  00  00  00  00  00 | 00  00  00  00  00  00  00  00 
-F0-  00  00  00  00  00  00  00  00 | 00  00  00  00  00  00  00  00 



BANK AB
------00--01--02--03--04--05--06--07-|-08--09--0A--0B--0C--0D--0E--0F-
----------------------------------------------------------------------
-00-  00  00  00  00  00  00  00  00 | 00  00  00  00  00  00  00  00 
-10-  00  00  00  00  00  00  00  00 | 00  00  00  00  00  00  00  00 
-20-  00  00  00  00  00  00  00  00 | 00  00  00  00  00  00  00  00 
-30-  00  00  00  00  00  00  00  00 | 00  00  00  00  00  00  00  00 
-40-  00  00  00  00  00  00  00  00 | 00  00  00  00  00  00  00  00 
-50-  00  00  00  00  00  00  00  00 | 00  00  00  00  00  00  00  00 
-60-  00  00  00  00  00  00  00  00 | 00  00  00  00  00  00  00  00 
-70-  00  00  00  00  00  00  00  00 | 00  00  00  00  00  00  00  00 
-80-  00  00  00  00  00  00  00  00 | 00  00  00  00  00  00  00  00 
-90-  00  00  00  00  00  00  00  00 | 00  00  00  00  00  00  00  00 
-A0-  00  00  00  00  00  00  00  00 | 00  00  00  00  00  00  00  00 
-B0-  00  00  00  00  00  00  00  00 | 00  00  00  00  00  00  00  00 
-C0-  00  00  00  00  00  00  00  00 | 00  00  00  00  00  00  00  00 
-D0-  00  00  00  00  00  00  00  00 | 00  00  00  00  00  00  00  00 
-E0-  00  00  00  00  00  00  00  00 | 00  00  00  00  00  00  00  00 
-F0-  00  00  00  00  00  00  00  00 | 00  00  00  00  00  00  00  00 



BANK AC
------00--01--02--03--04--05--06--07-|-08--09--0A--0B--0C--0D--0E--0F-
----------------------------------------------------------------------
-00-  00  00  00  00  00  00  00  00 | 00  00  00  00  00  00  00  00 
-10-  00  00  00  00  00  00  00  00 | 00  00  00  00  00  00  00  00 
-20-  00  00  00  00  00  00  00  00 | 00  00  00  00  00  00  00  00 
-30-  00  00  00  00  00  00  00  00 | 00  00  00  00  00  00  00  00 
-40-  00  00  00  00  00  00  00  00 | 00  00  00  00  00  00  00  00 
-50-  00  00  00  00  00  00  00  00 | 00  00  00  00  00  00  00  00 
-60-  00  00  00  00  00  00  00  00 | 00  00  00  00  00  00  00  00 
-70-  00  00  00  00  00  00  00  00 | 00  00  00  00  00  00  00  00 
-80-  00  00  00  00  00  00  00  00 | 00  00  00  00  00  00  00  00 
-90-  00  00  00  00  00  00  00  00 | 00  00  00  00  00  00  00  00 
-A0-  00  00  00  00  00  00  00  00 | 00  00  00  00  00  00  00  00 
-B0-  00  00  00  00  00  00  00  00 | 00  00  00  00  00  00  00  00 
-C0-  00  00  00  00  00  00  00  00 | 00  00  00  00  00  00  00  00 
-D0-  00  00  00  00  00  00  00  00 | 00  00  00  00  00  00  00  00 
-E0-  00  00  00  00  00  00  00  00 | 00  00  00  00  00  00  00  00 
-F0-  00  00  00  00  00  00  00  00 | 00  00  00  00  00  00  00  00 



BANK AD
------00--01--02--03--04--05--06--07-|-08--09--0A--0B--0C--0D--0E--0F-
----------------------------------------------------------------------
-00-  00  00  00  00  00  00  00  00 | 00  00  00  00  00  00  00  00 
-10-  00  00  00  00  00  00  00  00 | 00  00  00  00  00  00  00  00 
-20-  00  00  00  00  00  00  00  00 | 00  00  00  00  00  00  00  00 
-30-  00  00  00  00  00  00  00  00 | 00  00  00  00  00  00  00  00 
-40-  00  00  00  00  00  00  00  00 | 00  00  00  00  00  00  00  00 
-50-  00  00  00  00  00  00  00  00 | 00  00  00  00  00  00  00  00 
-60-  00  00  00  00  00  00  00  00 | 00  00  00  00  00  00  00  00 
-70-  00  00  00  00  00  00  00  00 | 00  00  00  00  00  00  00  00 
-80-  00  00  00  00  00  00  00  00 | 00  00  00  00  00  00  00  00 
-90-  00  00  00  00  00  00  00  00 | 00  00  00  00  00  00  00  00 
-A0-  00  00  00  00  00  00  00  00 | 00  00  00  00  00  00  00  00 
-B0-  00  00  00  00  00  00  00  00 | 00  00  00  00  00  00  00  00 
-C0-  00  00  00  00  00  00  00  00 | 00  00  00  00  00  00  00  00 
-D0-  00  00  00  00  00  00  00  00 | 00  00  00  00  00  00  00  00 
-E0-  00  00  00  00  00  00  00  00 | 00  00  00  00  00  00  00  00 
-F0-  00  00  00  00  00  00  00  00 | 00  00  00  00  00  00  00  00 



BANK AE
------00--01--02--03--04--05--06--07-|-08--09--0A--0B--0C--0D--0E--0F-
----------------------------------------------------------------------
-00-  00  00  00  00  00  00  00  00 | 00  00  00  00  00  00  00  00 
-10-  00  00  00  00  00  00  00  00 | 00  00  00  00  00  00  00  00 
-20-  00  00  00  00  00  00  00  00 | 00  00  00  00  00  00  00  00 
-30-  00  00  00  00  00  00  00  00 | 00  00  00  00  00  00  00  00 
-40-  00  00  00  00  00  00  00  00 | 00  00  00  00  00  00  00  00 
-50-  00  00  00  00  00  00  00  00 | 00  00  00  00  00  00  00  00 
-60-  00  00  00  00  00  00  00  00 | 00  00  00  00  00  00  00  00 
-70-  00  00  00  00  00  00  00  00 | 00  00  00  00  00  00  00  00 
-80-  00  00  00  00  00  00  00  00 | 00  00  00  00  00  00  00  00 
-90-  00  00  00  00  00  00  00  00 | 00  00  00  00  00  00  00  00 
-A0-  00  00  00  00  00  00  00  00 | 00  00  00  00  00  00  00  00 
-B0-  00  00  00  00  00  00  00  00 | 00  00  00  00  00  00  00  00 
-C0-  00  00  00  00  00  00  00  00 | 00  00  00  00  00  00  00  00 
-D0-  00  00  00  00  00  00  00  00 | 00  00  00  00  00  00  00  00 
-E0-  00  00  00  00  00  00  00  00 | 00  00  00  00  00  00  00  00 
-F0-  00  00  00  00  00  00  00  00 | 00  00  00  00  00  00  00  00 



BANK AF
------00--01--02--03--04--05--06--07-|-08--09--0A--0B--0C--0D--0E--0F-
----------------------------------------------------------------------
-00-  00  00  00  00  00  00  00  00 | 00  00  00  00  00  00  00  00 
-10-  00  00  00  00  00  00  00  00 | 00  00  00  00  00  00  00  00 
-20-  00  00  00  00  00  00  00  00 | 00  00  00  00  00  00  00  00 
-30-  00  00  00  00  00  00  00  00 | 00  00  00  00  00  00  00  00 
-40-  00  00  00  00  00  00  00  00 | 00  00  00  00  00  00  00  00 
-50-  00  00  00  00  00  00  00  00 | 00  00  00  00  00  00  00  00 
-60-  00  00  00  00  00  00  00  00 | 00  00  00  00  00  00  00  00 
-70-  00  00  00  00  00  00  00  00 | 00  00  00  00  00  00  00  00 
-80-  00  00  00  00  00  00  00  00 | 00  00  00  00  00  00  00  00 
-90-  00  00  00  00  00  00  00  00 | 00  00  00  00  00  00  00  00 
-A0-  00  00  00  00  00  00  00  00 | 00  00  00  00  00  00  00  00 
-B0-  00  00  00  00  00  00  00  00 | 00  00  00  00  00  00  00  00 
-C0-  00  00  00  00  00  00  00  00 | 00  00  00  00  00  00  00  00 
-D0-  00  00  00  00  00  00  00  00 | 00  00  00  00  00  00  00  00 
-E0-  00  00  00  00  00  00  00  00 | 00  00  00  00  00  00  00  00 
-F0-  00  00  00  00  00  00  00  00 | 00  00  00  00  00  00  00  00 



BANK B0
------00--01--02--03--04--05--06--07-|-08--09--0A--0B--0C--0D--0E--0F-
----------------------------------------------------------------------
-00-  00  00  00  00  00  00  00  00 | 00  00  00  00  00  00  00  00 
-10-  00  00  00  00  00  00  00  00 | 00  00  00  00  00  00  00  00 
-20-  00  00  00  00  00  00  00  00 | 00  00  00  00  00  00  00  00 
-30-  00  00  00  00  00  00  00  00 | 00  00  00  00  00  00  00  00 
-40-  00  00  00  00  00  00  00  00 | 00  00  00  00  00  00  00  00 
-50-  00  00  00  00  00  00  00  00 | 00  00  00  00  00  00  00  00 
-60-  00  00  00  00  00  00  00  00 | 00  00  00  00  00  00  00  00 
-70-  00  00  00  00  00  00  00  00 | 00  00  00  00  00  00  00  00 
-80-  00  00  00  00  00  00  00  00 | 00  00  00  00  00  00  00  00 
-90-  00  00  00  00  00  00  00  00 | 00  00  00  00  00  00  00  00 
-A0-  00  00  00  00  00  00  00  00 | 00  00  00  00  00  00  00  00 
-B0-  00  00  00  00  00  00  00  00 | 00  00  00  00  00  00  00  00 
-C0-  00  00  00  00  00  00  00  00 | 00  00  00  00  00  00  00  00 
-D0-  00  00  00  00  00  00  00  00 | 00  00  00  00  00  00  00  00 
-E0-  00  00  00  00  00  00  00  00 | 00  00  00  00  00  00  00  00 
-F0-  00  00  00  00  00  00  00  00 | 00  00  00  00  00  00  00  00 



BANK B1
------00--01--02--03--04--05--06--07-|-08--09--0A--0B--0C--0D--0E--0F-
----------------------------------------------------------------------
-00-  00  00  00  00  00  00  00  00 | 00  00  00  00  00  00  00  00 
-10-  00  00  00  00  00  00  00  00 | 00  00  00  00  00  00  00  00 
-20-  00  00  00  00  00  00  00  00 | 00  00  00  00  00  00  00  00 
-30-  00  00  00  00  00  00  00  00 | 00  00  00  00  00  00  00  00 
-40-  00  00  00  00  00  00  00  00 | 00  00  00  00  00  00  00  00 
-50-  00  00  00  00  00  00  00  00 | 00  00  00  00  00  00  00  00 
-60-  00  00  00  00  00  00  00  00 | 00  00  00  00  00  00  00  00 
-70-  00  00  00  00  00  00  00  00 | 00  00  00  00  00  00  00  00 
-80-  00  00  00  00  00  00  00  00 | 00  00  00  00  00  00  00  00 
-90-  00  00  00  00  00  00  00  00 | 00  00  00  00  00  00  00  00 
-A0-  00  00  00  00  00  00  00  00 | 00  00  00  00  00  00  00  00 
-B0-  00  00  00  00  00  00  00  00 | 00  00  00  00  00  00  00  00 
-C0-  00  00  00  00  00  00  00  00 | 00  00  00  00  00  00  00  00 
-D0-  00  00  00  00  00  00  00  00 | 00  00  00  00  00  00  00  00 
-E0-  00  00  00  00  00  00  00  00 | 00  00  00  00  00  00  00  00 
-F0-  00  00  00  00  00  00  00  00 | 00  00  00  00  00  00  00  00 



BANK B2
------00--01--02--03--04--05--06--07-|-08--09--0A--0B--0C--0D--0E--0F-
----------------------------------------------------------------------
-00-  00  00  00  00  00  00  00  00 | 00  00  00  00  00  00  00  00 
-10-  00  00  00  00  00  00  00  00 | 00  00  00  00  00  00  00  00 
-20-  00  00  00  00  00  00  00  00 | 00  00  00  00  00  00  00  00 
-30-  00  00  00  00  00  00  00  00 | 00  00  00  00  00  00  00  00 
-40-  00  00  00  00  00  00  00  00 | 00  00  00  00  00  00  00  00 
-50-  00  00  00  00  00  00  00  00 | 00  00  00  00  00  00  00  00 
-60-  00  00  00  00  00  00  00  00 | 00  00  00  00  00  00  00  00 
-70-  00  00  00  00  00  00  00  00 | 00  00  00  00  00  00  00  00 
-80-  00  00  00  00  00  00  00  00 | 00  00  00  00  00  00  00  00 
-90-  00  00  00  00  00  00  00  00 | 00  00  00  00  00  00  00  00 
-A0-  00  00  00  00  00  00  00  00 | 00  00  00  00  00  00  00  00 
-B0-  00  00  00  00  00  00  00  00 | 00  00  00  00  00  00  00  00 
-C0-  00  00  00  00  00  00  00  00 | 00  00  00  00  00  00  00  00 
-D0-  00  00  00  00  00  00  00  00 | 00  00  00  00  00  00  00  00 
-E0-  00  00  00  00  00  00  00  00 | 00  00  00  00  00  00  00  00 
-F0-  00  00  00  00  00  00  00  00 | 00  00  00  00  00  00  00  00 



BANK B3
------00--01--02--03--04--05--06--07-|-08--09--0A--0B--0C--0D--0E--0F-
----------------------------------------------------------------------
-00-  00  00  00  00  00  00  00  00 | 00  00  00  00  00  00  00  00 
-10-  00  00  00  00  00  00  00  00 | 00  00  00  00  00  00  00  00 
-20-  00  00  00  00  00  00  00  00 | 00  00  00  00  00  00  00  00 
-30-  00  00  00  00  00  00  00  00 | 00  00  00  00  00  00  00  00 
-40-  00  00  00  00  00  00  00  00 | 00  00  00  00  00  00  00  00 
-50-  00  00  00  00  00  00  00  00 | 00  00  00  00  00  00  00  00 
-60-  00  00  00  00  00  00  00  00 | 00  00  00  00  00  00  00  00 
-70-  00  00  00  00  00  00  00  00 | 00  00  00  00  00  00  00  00 
-80-  00  00  00  00  00  00  00  00 | 00  00  00  00  00  00  00  00 
-90-  00  00  00  00  00  00  00  00 | 00  00  00  00  00  00  00  00 
-A0-  00  00  00  00  00  00  00  00 | 00  00  00  00  00  00  00  00 
-B0-  00  00  00  00  00  00  00  00 | 00  00  00  00  00  00  00  00 
-C0-  00  00  00  00  00  00  00  00 | 00  00  00  00  00  00  00  00 
-D0-  00  00  00  00  00  00  00  00 | 00  00  00  00  00  00  00  00 
-E0-  00  00  00  00  00  00  00  00 | 00  00  00  00  00  00  00  00 
-F0-  00  00  00  00  00  00  00  00 | 00  00  00  00  00  00  00  00 



BANK B4
------00--01--02--03--04--05--06--07-|-08--09--0A--0B--0C--0D--0E--0F-
----------------------------------------------------------------------
-00-  00  00  00  00  00  00  00  00 | 00  00  00  00  00  00  00  00 
-10-  00  00  00  00  00  00  00  00 | 00  00  00  00  00  00  00  00 
-20-  00  00  00  00  00  00  00  00 | 00  00  00  00  00  00  00  00 
-30-  00  00  00  00  00  00  00  00 | 00  00  00  00  00  00  00  00 
-40-  00  00  00  00  00  00  00  00 | 00  00  00  00  00  00  00  00 
-50-  00  00  00  00  00  00  00  00 | 00  00  00  00  00  00  00  00 
-60-  00  00  00  00  00  00  00  00 | 00  00  00  00  00  00  00  00 
-70-  00  00  00  00  00  00  00  00 | 00  00  00  00  00  00  00  00 
-80-  00  00  00  00  00  00  00  00 | 00  00  00  00  00  00  00  00 
-90-  00  00  00  00  00  00  00  00 | 00  00  00  00  00  00  00  00 
-A0-  00  00  00  00  00  00  00  00 | 00  00  00  00  00  00  00  00 
-B0-  00  00  00  00  00  00  00  00 | 00  00  00  00  00  00  00  00 
-C0-  00  00  00  00  00  00  00  00 | 00  00  00  00  00  00  00  00 
-D0-  00  00  00  00  00  00  00  00 | 00  00  00  00  00  00  00  00 
-E0-  00  00  00  00  00  00  00  00 | 00  00  00  00  00  00  00  00 
-F0-  00  00  00  00  00  00  00  00 | 00  00  00  00  00  00  00  00 



BANK B5
------00--01--02--03--04--05--06--07-|-08--09--0A--0B--0C--0D--0E--0F-
----------------------------------------------------------------------
-00-  00  00  00  00  00  00  00  00 | 00  00  00  00  00  00  00  00 
-10-  00  00  00  00  00  00  00  00 | 00  00  00  00  00  00  00  00 
-20-  00  00  00  00  00  00  00  00 | 00  00  00  00  00  00  00  00 
-30-  00  00  00  00  00  00  00  00 | 00  00  00  00  00  00  00  00 
-40-  00  00  00  00  00  00  00  00 | 00  00  00  00  00  00  00  00 
-50-  00  00  00  00  00  00  00  00 | 00  00  00  00  00  00  00  00 
-60-  00  00  00  00  00  00  00  00 | 00  00  00  00  00  00  00  00 
-70-  00  00  00  00  00  00  00  00 | 00  00  00  00  00  00  00  00 
-80-  00  00  00  00  00  00  00  00 | 00  00  00  00  00  00  00  00 
-90-  00  00  00  00  00  00  00  00 | 00  00  00  00  00  00  00  00 
-A0-  00  00  00  00  00  00  00  00 | 00  00  00  00  00  00  00  00 
-B0-  00  00  00  00  00  00  00  00 | 00  00  00  00  00  00  00  00 
-C0-  00  00  00  00  00  00  00  00 | 00  00  00  00  00  00  00  00 
-D0-  00  00  00  00  00  00  00  00 | 00  00  00  00  00  00  00  00 
-E0-  00  00  00  00  00  00  00  00 | 00  00  00  00  00  00  00  00 
-F0-  00  00  00  00  00  00  00  00 | 00  00  00  00  00  00  00  00 



BANK B6
------00--01--02--03--04--05--06--07-|-08--09--0A--0B--0C--0D--0E--0F-
----------------------------------------------------------------------
-00-  00  00  00  00  00  00  00  00 | 00  00  00  00  00  00  00  00 
-10-  00  00  00  00  00  00  00  00 | 00  00  00  00  00  00  00  00 
-20-  00  00  00  00  00  00  00  00 | 00  00  00  00  00  00  00  00 
-30-  00  00  00  00  00  00  00  00 | 00  00  00  00  00  00  00  00 
-40-  00  00  00  00  00  00  00  00 | 00  00  00  00  00  00  00  00 
-50-  00  00  00  00  00  00  00  00 | 00  00  00  00  00  00  00  00 
-60-  00  00  00  00  00  00  00  00 | 00  00  00  00  00  00  00  00 
-70-  00  00  00  00  00  00  00  00 | 00  00  00  00  00  00  00  00 
-80-  00  00  00  00  00  00  00  00 | 00  00  00  00  00  00  00  00 
-90-  00  00  00  00  00  00  00  00 | 00  00  00  00  00  00  00  00 
-A0-  00  00  00  00  00  00  00  00 | 00  00  00  00  00  00  00  00 
-B0-  00  00  00  00  00  00  00  00 | 00  00  00  00  00  00  00  00 
-C0-  00  00  00  00  00  00  00  00 | 00  00  00  00  00  00  00  00 
-D0-  00  00  00  00  00  00  00  00 | 00  00  00  00  00  00  00  00 
-E0-  00  00  00  00  00  00  00  00 | 00  00  00  00  00  00  00  00 
-F0-  00  00  00  00  00  00  00  00 | 00  00  00  00  00  00  00  00 



BANK B7
------00--01--02--03--04--05--06--07-|-08--09--0A--0B--0C--0D--0E--0F-
----------------------------------------------------------------------
-00-  00  00  00  00  00  00  00  00 | 00  00  00  00  00  00  00  00 
-10-  00  00  00  00  00  00  00  00 | 00  00  00  00  00  00  00  00 
-20-  00  00  00  00  00  00  00  00 | 00  00  00  00  00  00  00  00 
-30-  00  00  00  00  00  00  00  00 | 00  00  00  00  00  00  00  00 
-40-  00  00  00  00  00  00  00  00 | 00  00  00  00  00  00  00  00 
-50-  00  00  00  00  00  00  00  00 | 00  00  00  00  00  00  00  00 
-60-  00  00  00  00  00  00  00  00 | 00  00  00  00  00  00  00  00 
-70-  00  00  00  00  00  00  00  00 | 00  00  00  00  00  00  00  00 
-80-  00  00  00  00  00  00  00  00 | 00  00  00  00  00  00  00  00 
-90-  00  00  00  00  00  00  00  00 | 00  00  00  00  00  00  00  00 
-A0-  00  00  00  00  00  00  00  00 | 00  00  00  00  00  00  00  00 
-B0-  00  00  00  00  00  00  00  00 | 00  00  00  00  00  00  00  00 
-C0-  00  00  00  00  00  00  00  00 | 00  00  00  00  00  00  00  00 
-D0-  00  00  00  00  00  00  00  00 | 00  00  00  00  00  00  00  00 
-E0-  00  00  00  00  00  00  00  00 | 00  00  00  00  00  00  00  00 
-F0-  00  00  00  00  00  00  00  00 | 00  00  00  00  00  00  00  00 



BANK B8
------00--01--02--03--04--05--06--07-|-08--09--0A--0B--0C--0D--0E--0F-
----------------------------------------------------------------------
-00-  00  00  00  00  00  00  00  00 | 00  00  00  00  00  00  00  00 
-10-  00  00  00  00  00  00  00  00 | 00  00  00  00  00  00  00  00 
-20-  00  00  00  00  00  00  00  00 | 00  00  00  00  00  00  00  00 
-30-  00  00  00  00  00  00  00  00 | 00  00  00  00  00  00  00  00 
-40-  00  00  00  00  00  00  00  00 | 00  00  00  00  00  00  00  00 
-50-  00  00  00  00  00  00  00  00 | 00  00  00  00  00  00  00  00 
-60-  00  00  00  00  00  00  00  00 | 00  00  00  00  00  00  00  00 
-70-  00  00  00  00  00  00  00  00 | 00  00  00  00  00  00  00  00 
-80-  00  00  00  00  00  00  00  00 | 00  00  00  00  00  00  00  00 
-90-  00  00  00  00  00  00  00  00 | 00  00  00  00  00  00  00  00 
-A0-  00  00  00  00  00  00  00  00 | 00  00  00  00  00  00  00  00 
-B0-  00  00  00  00  00  00  00  00 | 00  00  00  00  00  00  00  00 
-C0-  00  00  00  00  00  00  00  00 | 00  00  00  00  00  00  00  00 
-D0-  00  00  00  00  00  00  00  00 | 00  00  00  00  00  00  00  00 
-E0-  00  00  00  00  00  00  00  00 | 00  00  00  00  00  00  00  00 
-F0-  00  00  00  00  00  00  00  00 | 00  00  00  00  00  00  00  00 



BANK B9
------00--01--02--03--04--05--06--07-|-08--09--0A--0B--0C--0D--0E--0F-
----------------------------------------------------------------------
-00-  00  00  00  00  00  00  00  00 | 00  00  00  00  00  00  00  00 
-10-  00  00  00  00  00  00  00  00 | 00  00  00  00  00  00  00  00 
-20-  00  00  00  00  00  00  00  00 | 00  00  00  00  00  00  00  00 
-30-  00  00  00  00  00  00  00  00 | 00  00  00  00  00  00  00  00 
-40-  00  00  00  00  00  00  00  00 | 00  00  00  00  00  00  00  00 
-50-  00  00  00  00  00  00  00  00 | 00  00  00  00  00  00  00  00 
-60-  00  00  00  00  00  00  00  00 | 00  00  00  00  00  00  00  00 
-70-  00  00  00  00  00  00  00  00 | 00  00  00  00  00  00  00  00 
-80-  00  00  00  00  00  00  00  00 | 00  00  00  00  00  00  00  00 
-90-  00  00  00  00  00  00  00  00 | 00  00  00  00  00  00  00  00 
-A0-  00  00  00  00  00  00  00  00 | 00  00  00  00  00  00  00  00 
-B0-  00  00  00  00  00  00  00  00 | 00  00  00  00  00  00  00  00 
-C0-  00  00  00  00  00  00  00  00 | 00  00  00  00  00  00  00  00 
-D0-  00  00  00  00  00  00  00  00 | 00  00  00  00  00  00  00  00 
-E0-  00  00  00  00  00  00  00  00 | 00  00  00  00  00  00  00  00 
-F0-  00  00  00  00  00  00  00  00 | 00  00  00  00  00  00  00  00 



BANK BA
------00--01--02--03--04--05--06--07-|-08--09--0A--0B--0C--0D--0E--0F-
----------------------------------------------------------------------
-00-  00  00  00  00  00  00  00  00 | 00  00  00  00  00  00  00  00 
-10-  00  00  00  00  00  00  00  00 | 00  00  00  00  00  00  00  00 
-20-  00  00  00  00  00  00  00  00 | 00  00  00  00  00  00  00  00 
-30-  00  00  00  00  00  00  00  00 | 00  00  00  00  00  00  00  00 
-40-  00  00  00  00  00  00  00  00 | 00  00  00  00  00  00  00  00 
-50-  00  00  00  00  00  00  00  00 | 00  00  00  00  00  00  00  00 
-60-  00  00  00  00  00  00  00  00 | 00  00  00  00  00  00  00  00 
-70-  00  00  00  00  00  00  00  00 | 00  00  00  00  00  00  00  00 
-80-  00  00  00  00  00  00  00  00 | 00  00  00  00  00  00  00  00 
-90-  00  00  00  00  00  00  00  00 | 00  00  00  00  00  00  00  00 
-A0-  00  00  00  00  00  00  00  00 | 00  00  00  00  00  00  00  00 
-B0-  00  00  00  00  00  00  00  00 | 00  00  00  00  00  00  00  00 
-C0-  00  00  00  00  00  00  00  00 | 00  00  00  00  00  00  00  00 
-D0-  00  00  00  00  00  00  00  00 | 00  00  00  00  00  00  00  00 
-E0-  00  00  00  00  00  00  00  00 | 00  00  00  00  00  00  00  00 
-F0-  00  00  00  00  00  00  00  00 | 00  00  00  00  00  00  00  00 



BANK BB
------00--01--02--03--04--05--06--07-|-08--09--0A--0B--0C--0D--0E--0F-
----------------------------------------------------------------------
-00-  00  00  00  00  00  00  00  00 | 00  00  00  00  00  00  00  00 
-10-  00  00  00  00  00  00  00  00 | 00  00  00  00  00  00  00  00 
-20-  00  00  00  00  00  00  00  00 | 00  00  00  00  00  00  00  00 
-30-  00  00  00  00  00  00  00  00 | 00  00  00  00  00  00  00  00 
-40-  00  00  00  00  00  00  00  00 | 00  00  00  00  00  00  00  00 
-50-  00  00  00  00  00  00  00  00 | 00  00  00  00  00  00  00  00 
-60-  00  00  00  00  00  00  00  00 | 00  00  00  00  00  00  00  00 
-70-  00  00  00  00  00  00  00  00 | 00  00  00  00  00  00  00  00 
-80-  00  00  00  00  00  00  00  00 | 00  00  00  00  00  00  00  00 
-90-  00  00  00  00  00  00  00  00 | 00  00  00  00  00  00  00  00 
-A0-  00  00  00  00  00  00  00  00 | 00  00  00  00  00  00  00  00 
-B0-  00  00  00  00  00  00  00  00 | 00  00  00  00  00  00  00  00 
-C0-  00  00  00  00  00  00  00  00 | 00  00  00  00  00  00  00  00 
-D0-  00  00  00  00  00  00  00  00 | 00  00  00  00  00  00  00  00 
-E0-  00  00  00  00  00  00  00  00 | 00  00  00  00  00  00  00  00 
-F0-  00  00  00  00  00  00  00  00 | 00  00  00  00  00  00  00  00 



BANK BC
------00--01--02--03--04--05--06--07-|-08--09--0A--0B--0C--0D--0E--0F-
----------------------------------------------------------------------
-00-  00  00  00  00  00  00  00  00 | 00  00  00  00  00  00  00  00 
-10-  00  00  00  00  00  00  00  00 | 00  00  00  00  00  00  00  00 
-20-  00  00  00  00  00  00  00  00 | 00  00  00  00  00  00  00  00 
-30-  00  00  00  00  00  00  00  00 | 00  00  00  00  00  00  00  00 
-40-  00  00  00  00  00  00  00  00 | 00  00  00  00  00  00  00  00 
-50-  00  00  00  00  00  00  00  00 | 00  00  00  00  00  00  00  00 
-60-  00  00  00  00  00  00  00  00 | 00  00  00  00  00  00  00  00 
-70-  00  00  00  00  00  00  00  00 | 00  00  00  00  00  00  00  00 
-80-  00  00  00  00  00  00  00  00 | 00  00  00  00  00  00  00  00 
-90-  00  00  00  00  00  00  00  00 | 00  00  00  00  00  00  00  00 
-A0-  00  00  00  00  00  00  00  00 | 00  00  00  00  00  00  00  00 
-B0-  00  00  00  00  00  00  00  00 | 00  00  00  00  00  00  00  00 
-C0-  00  00  00  00  00  00  00  00 | 00  00  00  00  00  00  00  00 
-D0-  00  00  00  00  00  00  00  00 | 00  00  00  00  00  00  00  00 
-E0-  00  00  00  00  00  00  00  00 | 00  00  00  00  00  00  00  00 
-F0-  00  00  00  00  00  00  00  00 | 00  00  00  00  00  00  00  00 



BANK BD
------00--01--02--03--04--05--06--07-|-08--09--0A--0B--0C--0D--0E--0F-
----------------------------------------------------------------------
-00-  00  00  00  00  00  00  00  00 | 00  00  00  00  00  00  00  00 
-10-  00  00  00  00  00  00  00  00 | 00  00  00  00  00  00  00  00 
-20-  00  00  00  00  00  00  00  00 | 00  00  00  00  00  00  00  00 
-30-  00  00  00  00  00  00  00  00 | 00  00  00  00  00  00  00  00 
-40-  00  00  00  00  00  00  00  00 | 00  00  00  00  00  00  00  00 
-50-  00  00  00  00  00  00  00  00 | 00  00  00  00  00  00  00  00 
-60-  00  00  00  00  00  00  00  00 | 00  00  00  00  00  00  00  00 
-70-  00  00  00  00  00  00  00  00 | 00  00  00  00  00  00  00  00 
-80-  00  00  00  00  00  00  00  00 | 00  00  00  00  00  00  00  00 
-90-  00  00  00  00  00  00  00  00 | 00  00  00  00  00  00  00  00 
-A0-  00  00  00  00  00  00  00  00 | 00  00  00  00  00  00  00  00 
-B0-  00  00  00  00  00  00  00  00 | 00  00  00  00  00  00  00  00 
-C0-  00  00  00  00  00  00  00  00 | 00  00  00  00  00  00  00  00 
-D0-  00  00  00  00  00  00  00  00 | 00  00  00  00  00  00  00  00 
-E0-  00  00  00  00  00  00  00  00 | 00  00  00  00  00  00  00  00 
-F0-  00  00  00  00  00  00  00  00 | 00  00  00  00  00  00  00  00 



BANK BE
------00--01--02--03--04--05--06--07-|-08--09--0A--0B--0C--0D--0E--0F-
----------------------------------------------------------------------
-00-  00  00  00  00  00  00  00  00 | 00  00  00  00  00  00  00  00 
-10-  00  00  00  00  00  00  00  00 | 00  00  00  00  00  00  00  00 
-20-  00  00  00  00  00  00  00  00 | 00  00  00  00  00  00  00  00 
-30-  00  00  00  00  00  00  00  00 | 00  00  00  00  00  00  00  00 
-40-  00  00  00  00  00  00  00  00 | 00  00  00  00  00  00  00  00 
-50-  00  00  00  00  00  00  00  00 | 00  00  00  00  00  00  00  00 
-60-  00  00  00  00  00  00  00  00 | 00  00  00  00  00  00  00  00 
-70-  00  00  00  00  00  00  00  00 | 00  00  00  00  00  00  00  00 
-80-  00  00  00  00  00  00  00  00 | 00  00  00  00  00  00  00  00 
-90-  00  00  00  00  00  00  00  00 | 00  00  00  00  00  00  00  00 
-A0-  00  00  00  00  00  00  00  00 | 00  00  00  00  00  00  00  00 
-B0-  00  00  00  00  00  00  00  00 | 00  00  00  00  00  00  00  00 
-C0-  00  00  00  00  00  00  00  00 | 00  00  00  00  00  00  00  00 
-D0-  00  00  00  00  00  00  00  00 | 00  00  00  00  00  00  00  00 
-E0-  00  00  00  00  00  00  00  00 | 00  00  00  00  00  00  00  00 
-F0-  00  00  00  00  00  00  00  00 | 00  00  00  00  00  00  00  00 



BANK BF
------00--01--02--03--04--05--06--07-|-08--09--0A--0B--0C--0D--0E--0F-
----------------------------------------------------------------------
-00-  00  00  00  00  00  00  00  00 | 00  00  00  00  00  00  00  00 
-10-  00  00  00  00  00  00  00  00 | 00  00  00  00  00  00  00  00 
-20-  00  00  00  00  00  00  00  00 | 00  00  00  00  00  00  00  00 
-30-  00  00  00  00  00  00  00  00 | 00  00  00  00  00  00  00  00 
-40-  00  00  00  00  00  00  00  00 | 00  00  00  00  00  00  00  00 
-50-  00  00  00  00  00  00  00  00 | 00  00  00  00  00  00  00  00 
-60-  00  00  00  00  00  00  00  00 | 00  00  00  00  00  00  00  00 
-70-  00  00  00  00  00  00  00  00 | 00  00  00  00  00  00  00  00 
-80-  00  00  00  00  00  00  00  00 | 00  00  00  00  00  00  00  00 
-90-  00  00  00  00  00  00  00  00 | 00  00  00  00  00  00  00  00 
-A0-  00  00  00  00  00  00  00  00 | 00  00  00  00  00  00  00  00 
-B0-  00  00  00  00  00  00  00  00 | 00  00  00  00  00  00  00  00 
-C0-  00  00  00  00  00  00  00  00 | 00  00  00  00  00  00  00  00 
-D0-  00  00  00  00  00  00  00  00 | 00  00  00  00  00  00  00  00 
-E0-  00  00  00  00  00  00  00  00 | 00  00  00  00  00  00  00  00 
-F0-  00  00  00  00  00  00  00  00 | 00  00  00  00  00  00  00  00 



BANK C0
------00--01--02--03--04--05--06--07-|-08--09--0A--0B--0C--0D--0E--0F-
----------------------------------------------------------------------
-00-  00  00  00  00  00  00  00  00 | 00  00  00  00  00  00  00  00 
-10-  00  00  00  00  00  00  00  00 | 00  00  00  00  00  00  00  00 
-20-  00  00  00  00  00  00  00  00 | 00  00  00  00  00  00  00  00 
-30-  00  00  00  00  00  00  00  00 | 00  00  00  00  00  00  00  00 
-40-  00  00  00  00  00  00  00  00 | 00  00  00  00  00  00  00  00 
-50-  00  00  00  00  00  00  00  00 | 00  00  00  00  00  00  00  00 
-60-  00  00  00  00  00  00  00  00 | 00  00  00  00  00  00  00  00 
-70-  00  00  00  00  00  00  00  00 | 00  00  00  00  00  00  00  00 
-80-  00  00  00  00  00  00  00  00 | 00  00  00  00  00  00  00  00 
-90-  00  00  00  00  00  00  00  00 | 00  00  00  00  00  00  00  00 
-A0-  00  00  00  00  00  00  00  00 | 00  00  00  00  00  00  00  00 
-B0-  00  00  00  00  00  00  00  00 | 00  00  00  00  00  00  00  00 
-C0-  00  00  00  00  00  00  00  00 | 00  00  00  00  00  00  00  00 
-D0-  00  00  00  00  00  00  00  00 | 00  00  00  00  00  00  00  00 
-E0-  00  00  00  00  00  00  00  00 | 00  00  00  00  00  00  00  00 
-F0-  00  00  00  00  00  00  00  00 | 00  00  00  00  00  00  00  00 



BANK C1
------00--01--02--03--04--05--06--07-|-08--09--0A--0B--0C--0D--0E--0F-
----------------------------------------------------------------------
-00-  00  00  00  00  00  00  00  00 | 00  00  00  00  00  00  00  00 
-10-  00  00  00  00  00  00  00  00 | 00  00  00  00  00  00  00  00 
-20-  00  00  00  00  00  00  00  00 | 00  00  00  00  00  00  00  00 
-30-  00  00  00  00  00  00  00  00 | 00  00  00  00  00  00  00  00 
-40-  00  00  00  00  00  00  00  00 | 00  00  00  00  00  00  00  00 
-50-  00  00  00  00  00  00  00  00 | 00  00  00  00  00  00  00  00 
-60-  00  00  00  00  00  00  00  00 | 00  00  00  00  00  00  00  00 
-70-  00  00  00  00  00  00  00  00 | 00  00  00  00  00  00  00  00 
-80-  00  00  00  00  00  00  00  00 | 00  00  00  00  00  00  00  00 
-90-  00  00  00  00  00  00  00  00 | 00  00  00  00  00  00  00  00 
-A0-  00  00  00  00  00  00  00  00 | 00  00  00  00  00  00  00  00 
-B0-  00  00  00  00  00  00  00  00 | 00  00  00  00  00  00  00  00 
-C0-  00  00  00  00  00  00  00  00 | 00  00  00  00  00  00  00  00 
-D0-  00  00  00  00  00  00  00  00 | 00  00  00  00  00  00  00  00 
-E0-  00  00  00  00  00  00  00  00 | 00  00  00  00  00  00  00  00 
-F0-  00  00  00  00  00  00  00  00 | 00  00  00  00  00  00  00  00 



BANK C2
------00--01--02--03--04--05--06--07-|-08--09--0A--0B--0C--0D--0E--0F-
----------------------------------------------------------------------
-00-  00  00  00  00  00  00  00  00 | 00  00  00  00  00  00  00  00 
-10-  00  00  00  00  00  00  00  00 | 00  00  00  00  00  00  00  00 
-20-  00  00  00  00  00  00  00  00 | 00  00  00  00  00  00  00  00 
-30-  00  00  00  00  00  00  00  00 | 00  00  00  00  00  00  00  00 
-40-  00  00  00  00  00  00  00  00 | 00  00  00  00  00  00  00  00 
-50-  00  00  00  00  00  00  00  00 | 00  00  00  00  00  00  00  00 
-60-  00  00  00  00  00  00  00  00 | 00  00  00  00  00  00  00  00 
-70-  00  00  00  00  00  00  00  00 | 00  00  00  00  00  00  00  00 
-80-  00  00  00  00  00  00  00  00 | 00  00  00  00  00  00  00  00 
-90-  00  00  00  00  00  00  00  00 | 00  00  00  00  00  00  00  00 
-A0-  00  00  00  00  00  00  00  00 | 00  00  00  00  00  00  00  00 
-B0-  00  00  00  00  00  00  00  00 | 00  00  00  00  00  00  00  00 
-C0-  00  00  00  00  00  00  00  00 | 00  00  00  00  00  00  00  00 
-D0-  00  00  00  00  00  00  00  00 | 00  00  00  00  00  00  00  00 
-E0-  00  00  00  00  00  00  00  00 | 00  00  00  00  00  00  00  00 
-F0-  00  00  00  00  00  00  00  00 | 00  00  00  00  00  00  00  00 



BANK C3
------00--01--02--03--04--05--06--07-|-08--09--0A--0B--0C--0D--0E--0F-
----------------------------------------------------------------------
-00-  00  00  00  00  00  00  00  00 | 00  00  00  00  00  00  00  00 
-10-  00  00  00  00  00  00  00  00 | 00  00  00  00  00  00  00  00 
-20-  00  00  00  00  00  00  00  00 | 00  00  00  00  00  00  00  00 
-30-  00  00  00  00  00  00  00  00 | 00  00  00  00  00  00  00  00 
-40-  00  00  00  00  00  00  00  00 | 00  00  00  00  00  00  00  00 
-50-  00  00  00  00  00  00  00  00 | 00  00  00  00  00  00  00  00 
-60-  00  00  00  00  00  00  00  00 | 00  00  00  00  00  00  00  00 
-70-  00  00  00  00  00  00  00  00 | 00  00  00  00  00  00  00  00 
-80-  00  00  00  00  00  00  00  00 | 00  00  00  00  00  00  00  00 
-90-  00  00  00  00  00  00  00  00 | 00  00  00  00  00  00  00  00 
-A0-  00  00  00  00  00  00  00  00 | 00  00  00  00  00  00  00  00 
-B0-  00  00  00  00  00  00  00  00 | 00  00  00  00  00  00  00  00 
-C0-  00  00  00  00  00  00  00  00 | 00  00  00  00  00  00  00  00 
-D0-  00  00  00  00  00  00  00  00 | 00  00  00  00  00  00  00  00 
-E0-  00  00  00  00  00  00  00  00 | 00  00  00  00  00  00  00  00 
-F0-  00  00  00  00  00  00  00  00 | 00  00  00  00  00  00  00  00 



BANK C4
------00--01--02--03--04--05--06--07-|-08--09--0A--0B--0C--0D--0E--0F-
----------------------------------------------------------------------
-00-  00  00  00  00  00  00  00  00 | 00  00  00  00  00  00  00  00 
-10-  00  00  00  00  00  00  00  00 | 00  00  00  00  00  00  00  00 
-20-  00  00  00  00  00  00  00  00 | 00  00  00  00  00  00  00  00 
-30-  00  00  00  00  00  00  00  00 | 00  00  00  00  00  00  00  00 
-40-  00  00  00  00  00  00  00  00 | 00  00  00  00  00  00  00  00 
-50-  00  00  00  00  00  00  00  00 | 00  00  00  00  00  00  00  00 
-60-  00  00  00  00  00  00  00  00 | 00  00  00  00  00  00  00  00 
-70-  00  00  00  00  00  00  00  00 | 00  00  00  00  00  00  00  00 
-80-  00  00  00  00  00  00  00  00 | 00  00  00  00  00  00  00  00 
-90-  00  00  00  00  00  00  00  00 | 00  00  00  00  00  00  00  00 
-A0-  00  00  00  00  00  00  00  00 | 00  00  00  00  00  00  00  00 
-B0-  00  00  00  00  00  00  00  00 | 00  00  00  00  00  00  00  00 
-C0-  00  00  00  00  00  00  00  00 | 00  00  00  00  00  00  00  00 
-D0-  00  00  00  00  00  00  00  00 | 00  00  00  00  00  00  00  00 
-E0-  00  00  00  00  00  00  00  00 | 00  00  00  00  00  00  00  00 
-F0-  00  00  00  00  00  00  00  00 | 00  00  00  00  00  00  00  00 



BANK C5
------00--01--02--03--04--05--06--07-|-08--09--0A--0B--0C--0D--0E--0F-
----------------------------------------------------------------------
-00-  00  00  00  00  00  00  00  00 | 00  00  00  00  00  00  00  00 
-10-  00  00  00  00  00  00  00  00 | 00  00  00  00  00  00  00  00 
-20-  00  00  00  00  00  00  00  00 | 00  00  00  00  00  00  00  00 
-30-  00  00  00  00  00  00  00  00 | 00  00  00  00  00  00  00  00 
-40-  00  00  00  00  00  00  00  00 | 00  00  00  00  00  00  00  00 
-50-  00  00  00  00  00  00  00  00 | 00  00  00  00  00  00  00  00 
-60-  00  00  00  00  00  00  00  00 | 00  00  00  00  00  00  00  00 
-70-  00  00  00  00  00  00  00  00 | 00  00  00  00  00  00  00  00 
-80-  00  00  00  00  00  00  00  00 | 00  00  00  00  00  00  00  00 
-90-  00  00  00  00  00  00  00  00 | 00  00  00  00  00  00  00  00 
-A0-  00  00  00  00  00  00  00  00 | 00  00  00  00  00  00  00  00 
-B0-  00  00  00  00  00  00  00  00 | 00  00  00  00  00  00  00  00 
-C0-  00  00  00  00  00  00  00  00 | 00  00  00  00  00  00  00  00 
-D0-  00  00  00  00  00  00  00  00 | 00  00  00  00  00  00  00  00 
-E0-  00  00  00  00  00  00  00  00 | 00  00  00  00  00  00  00  00 
-F0-  00  00  00  00  00  00  00  00 | 00  00  00  00  00  00  00  00 



BANK C6
------00--01--02--03--04--05--06--07-|-08--09--0A--0B--0C--0D--0E--0F-
----------------------------------------------------------------------
-00-  00  00  00  00  00  00  00  00 | 00  00  00  00  00  00  00  00 
-10-  00  00  00  00  00  00  00  00 | 00  00  00  00  00  00  00  00 
-20-  00  00  00  00  00  00  00  00 | 00  00  00  00  00  00  00  00 
-30-  00  00  00  00  00  00  00  00 | 00  00  00  00  00  00  00  00 
-40-  00  00  00  00  00  00  00  00 | 00  00  00  00  00  00  00  00 
-50-  00  00  00  00  00  00  00  00 | 00  00  00  00  00  00  00  00 
-60-  00  00  00  00  00  00  00  00 | 00  00  00  00  00  00  00  00 
-70-  00  00  00  00  00  00  00  00 | 00  00  00  00  00  00  00  00 
-80-  00  00  00  00  00  00  00  00 | 00  00  00  00  00  00  00  00 
-90-  00  00  00  00  00  00  00  00 | 00  00  00  00  00  00  00  00 
-A0-  00  00  00  00  00  00  00  00 | 00  00  00  00  00  00  00  00 
-B0-  00  00  00  00  00  00  00  00 | 00  00  00  00  00  00  00  00 
-C0-  00  00  00  00  00  00  00  00 | 00  00  00  00  00  00  00  00 
-D0-  00  00  00  00  00  00  00  00 | 00  00  00  00  00  00  00  00 
-E0-  00  00  00  00  00  00  00  00 | 00  00  00  00  00  00  00  00 
-F0-  00  00  00  00  00  00  00  00 | 00  00  00  00  00  00  00  00 



BANK C7
------00--01--02--03--04--05--06--07-|-08--09--0A--0B--0C--0D--0E--0F-
----------------------------------------------------------------------
-00-  00  00  00  00  00  00  00  00 | 00  00  00  00  00  00  00  00 
-10-  00  00  00  00  00  00  00  00 | 00  00  00  00  00  00  00  00 
-20-  00  00  00  00  00  00  00  00 | 00  00  00  00  00  00  00  00 
-30-  00  00  00  00  00  00  00  00 | 00  00  00  00  00  00  00  00 
-40-  00  00  00  00  00  00  00  00 | 00  00  00  00  00  00  00  00 
-50-  00  00  00  00  00  00  00  00 | 00  00  00  00  00  00  00  00 
-60-  00  00  00  00  00  00  00  00 | 00  00  00  00  00  00  00  00 
-70-  00  00  00  00  00  00  00  00 | 00  00  00  00  00  00  00  00 
-80-  00  00  00  00  00  00  00  00 | 00  00  00  00  00  00  00  00 
-90-  00  00  00  00  00  00  00  00 | 00  00  00  00  00  00  00  00 
-A0-  00  00  00  00  00  00  00  00 | 00  00  00  00  00  00  00  00 
-B0-  00  00  00  00  00  00  00  00 | 00  00  00  00  00  00  00  00 
-C0-  00  00  00  00  00  00  00  00 | 00  00  00  00  00  00  00  00 
-D0-  00  00  00  00  00  00  00  00 | 00  00  00  00  00  00  00  00 
-E0-  00  00  00  00  00  00  00  00 | 00  00  00  00  00  00  00  00 
-F0-  00  00  00  00  00  00  00  00 | 00  00  00  00  00  00  00  00 



BANK C8
------00--01--02--03--04--05--06--07-|-08--09--0A--0B--0C--0D--0E--0F-
----------------------------------------------------------------------
-00-  00  00  00  00  00  00  00  00 | 00  00  00  00  00  00  00  00 
-10-  00  00  00  00  00  00  00  00 | 00  00  00  00  00  00  00  00 
-20-  00  00  00  00  00  00  00  00 | 00  00  00  00  00  00  00  00 
-30-  00  00  00  00  00  00  00  00 | 00  00  00  00  00  00  00  00 
-40-  00  00  00  00  00  00  00  00 | 00  00  00  00  00  00  00  00 
-50-  00  00  00  00  00  00  00  00 | 00  00  00  00  00  00  00  00 
-60-  00  00  00  00  00  00  00  00 | 00  00  00  00  00  00  00  00 
-70-  00  00  00  00  00  00  00  00 | 00  00  00  00  00  00  00  00 
-80-  00  00  00  00  00  00  00  00 | 00  00  00  00  00  00  00  00 
-90-  00  00  00  00  00  00  00  00 | 00  00  00  00  00  00  00  00 
-A0-  00  00  00  00  00  00  00  00 | 00  00  00  00  00  00  00  00 
-B0-  00  00  00  00  00  00  00  00 | 00  00  00  00  00  00  00  00 
-C0-  00  00  00  00  00  00  00  00 | 00  00  00  00  00  00  00  00 
-D0-  00  00  00  00  00  00  00  00 | 00  00  00  00  00  00  00  00 
-E0-  00  00  00  00  00  00  00  00 | 00  00  00  00  00  00  00  00 
-F0-  00  00  00  00  00  00  00  00 | 00  00  00  00  00  00  00  00 



BANK C9
------00--01--02--03--04--05--06--07-|-08--09--0A--0B--0C--0D--0E--0F-
----------------------------------------------------------------------
-00-  00  00  00  00  00  00  00  00 | 00  00  00  00  00  00  00  00 
-10-  00  00  00  00  00  00  00  00 | 00  00  00  00  00  00  00  00 
-20-  00  00  00  00  00  00  00  00 | 00  00  00  00  00  00  00  00 
-30-  00  00  00  00  00  00  00  00 | 00  00  00  00  00  00  00  00 
-40-  00  00  00  00  00  00  00  00 | 00  00  00  00  00  00  00  00 
-50-  00  00  00  00  00  00  00  00 | 00  00  00  00  00  00  00  00 
-60-  00  00  00  00  00  00  00  00 | 00  00  00  00  00  00  00  00 
-70-  00  00  00  00  00  00  00  00 | 00  00  00  00  00  00  00  00 
-80-  00  00  00  00  00  00  00  00 | 00  00  00  00  00  00  00  00 
-90-  00  00  00  00  00  00  00  00 | 00  00  00  00  00  00  00  00 
-A0-  00  00  00  00  00  00  00  00 | 00  00  00  00  00  00  00  00 
-B0-  00  00  00  00  00  00  00  00 | 00  00  00  00  00  00  00  00 
-C0-  00  00  00  00  00  00  00  00 | 00  00  00  00  00  00  00  00 
-D0-  00  00  00  00  00  00  00  00 | 00  00  00  00  00  00  00  00 
-E0-  00  00  00  00  00  00  00  00 | 00  00  00  00  00  00  00  00 
-F0-  00  00  00  00  00  00  00  00 | 00  00  00  00  00  00  00  00 



BANK CA
------00--01--02--03--04--05--06--07-|-08--09--0A--0B--0C--0D--0E--0F-
----------------------------------------------------------------------
-00-  00  00  00  00  00  00  00  00 | 00  00  00  00  00  00  00  00 
-10-  00  00  00  00  00  00  00  00 | 00  00  00  00  00  00  00  00 
-20-  00  00  00  00  00  00  00  00 | 00  00  00  00  00  00  00  00 
-30-  00  00  00  00  00  00  00  00 | 00  00  00  00  00  00  00  00 
-40-  00  00  00  00  00  00  00  00 | 00  00  00  00  00  00  00  00 
-50-  00  00  00  00  00  00  00  00 | 00  00  00  00  00  00  00  00 
-60-  00  00  00  00  00  00  00  00 | 00  00  00  00  00  00  00  00 
-70-  00  00  00  00  00  00  00  00 | 00  00  00  00  00  00  00  00 
-80-  00  00  00  00  00  00  00  00 | 00  00  00  00  00  00  00  00 
-90-  00  00  00  00  00  00  00  00 | 00  00  00  00  00  00  00  00 
-A0-  00  00  00  00  00  00  00  00 | 00  00  00  00  00  00  00  00 
-B0-  00  00  00  00  00  00  00  00 | 00  00  00  00  00  00  00  00 
-C0-  00  00  00  00  00  00  00  00 | 00  00  00  00  00  00  00  00 
-D0-  00  00  00  00  00  00  00  00 | 00  00  00  00  00  00  00  00 
-E0-  00  00  00  00  00  00  00  00 | 00  00  00  00  00  00  00  00 
-F0-  00  00  00  00  00  00  00  00 | 00  00  00  00  00  00  00  00 



BANK CB
------00--01--02--03--04--05--06--07-|-08--09--0A--0B--0C--0D--0E--0F-
----------------------------------------------------------------------
-00-  00  00  00  00  00  00  00  00 | 00  00  00  00  00  00  00  00 
-10-  00  00  00  00  00  00  00  00 | 00  00  00  00  00  00  00  00 
-20-  00  00  00  00  00  00  00  00 | 00  00  00  00  00  00  00  00 
-30-  00  00  00  00  00  00  00  00 | 00  00  00  00  00  00  00  00 
-40-  00  00  00  00  00  00  00  00 | 00  00  00  00  00  00  00  00 
-50-  00  00  00  00  00  00  00  00 | 00  00  00  00  00  00  00  00 
-60-  00  00  00  00  00  00  00  00 | 00  00  00  00  00  00  00  00 
-70-  00  00  00  00  00  00  00  00 | 00  00  00  00  00  00  00  00 
-80-  00  00  00  00  00  00  00  00 | 00  00  00  00  00  00  00  00 
-90-  00  00  00  00  00  00  00  00 | 00  00  00  00  00  00  00  00 
-A0-  00  00  00  00  00  00  00  00 | 00  00  00  00  00  00  00  00 
-B0-  00  00  00  00  00  00  00  00 | 00  00  00  00  00  00  00  00 
-C0-  00  00  00  00  00  00  00  00 | 00  00  00  00  00  00  00  00 
-D0-  00  00  00  00  00  00  00  00 | 00  00  00  00  00  00  00  00 
-E0-  00  00  00  00  00  00  00  00 | 00  00  00  00  00  00  00  00 
-F0-  00  00  00  00  00  00  00  00 | 00  00  00  00  00  00  00  00 



BANK CC
------00--01--02--03--04--05--06--07-|-08--09--0A--0B--0C--0D--0E--0F-
----------------------------------------------------------------------
-00-  00  00  00  00  00  00  00  00 | 00  00  00  00  00  00  00  00 
-10-  00  00  00  00  00  00  00  00 | 00  00  00  00  00  00  00  00 
-20-  00  00  00  00  00  00  00  00 | 00  00  00  00  00  00  00  00 
-30-  00  00  00  00  00  00  00  00 | 00  00  00  00  00  00  00  00 
-40-  00  00  00  00  00  00  00  00 | 00  00  00  00  00  00  00  00 
-50-  00  00  00  00  00  00  00  00 | 00  00  00  00  00  00  00  00 
-60-  00  00  00  00  00  00  00  00 | 00  00  00  00  00  00  00  00 
-70-  00  00  00  00  00  00  00  00 | 00  00  00  00  00  00  00  00 
-80-  00  00  00  00  00  00  00  00 | 00  00  00  00  00  00  00  00 
-90-  00  00  00  00  00  00  00  00 | 00  00  00  00  00  00  00  00 
-A0-  00  00  00  00  00  00  00  00 | 00  00  00  00  00  00  00  00 
-B0-  00  00  00  00  00  00  00  00 | 00  00  00  00  00  00  00  00 
-C0-  00  00  00  00  00  00  00  00 | 00  00  00  00  00  00  00  00 
-D0-  00  00  00  00  00  00  00  00 | 00  00  00  00  00  00  00  00 
-E0-  00  00  00  00  00  00  00  00 | 00  00  00  00  00  00  00  00 
-F0-  00  00  00  00  00  00  00  00 | 00  00  00  00  00  00  00  00 



BANK CD
------00--01--02--03--04--05--06--07-|-08--09--0A--0B--0C--0D--0E--0F-
----------------------------------------------------------------------
-00-  00  00  00  00  00  00  00  00 | 00  00  00  00  00  00  00  00 
-10-  00  00  00  00  00  00  00  00 | 00  00  00  00  00  00  00  00 
-20-  00  00  00  00  00  00  00  00 | 00  00  00  00  00  00  00  00 
-30-  00  00  00  00  00  00  00  00 | 00  00  00  00  00  00  00  00 
-40-  00  00  00  00  00  00  00  00 | 00  00  00  00  00  00  00  00 
-50-  00  00  00  00  00  00  00  00 | 00  00  00  00  00  00  00  00 
-60-  00  00  00  00  00  00  00  00 | 00  00  00  00  00  00  00  00 
-70-  00  00  00  00  00  00  00  00 | 00  00  00  00  00  00  00  00 
-80-  00  00  00  00  00  00  00  00 | 00  00  00  00  00  00  00  00 
-90-  00  00  00  00  00  00  00  00 | 00  00  00  00  00  00  00  00 
-A0-  00  00  00  00  00  00  00  00 | 00  00  00  00  00  00  00  00 
-B0-  00  00  00  00  00  00  00  00 | 00  00  00  00  00  00  00  00 
-C0-  00  00  00  00  00  00  00  00 | 00  00  00  00  00  00  00  00 
-D0-  00  00  00  00  00  00  00  00 | 00  00  00  00  00  00  00  00 
-E0-  00  00  00  00  00  00  00  00 | 00  00  00  00  00  00  00  00 
-F0-  00  00  00  00  00  00  00  00 | 00  00  00  00  00  00  00  00 



BANK CE
------00--01--02--03--04--05--06--07-|-08--09--0A--0B--0C--0D--0E--0F-
----------------------------------------------------------------------
-00-  00  00  00  00  00  00  00  00 | 00  00  00  00  00  00  00  00 
-10-  00  00  00  00  00  00  00  00 | 00  00  00  00  00  00  00  00 
-20-  00  00  00  00  00  00  00  00 | 00  00  00  00  00  00  00  00 
-30-  00  00  00  00  00  00  00  00 | 00  00  00  00  00  00  00  00 
-40-  00  00  00  00  00  00  00  00 | 00  00  00  00  00  00  00  00 
-50-  00  00  00  00  00  00  00  00 | 00  00  00  00  00  00  00  00 
-60-  00  00  00  00  00  00  00  00 | 00  00  00  00  00  00  00  00 
-70-  00  00  00  00  00  00  00  00 | 00  00  00  00  00  00  00  00 
-80-  00  00  00  00  00  00  00  00 | 00  00  00  00  00  00  00  00 
-90-  00  00  00  00  00  00  00  00 | 00  00  00  00  00  00  00  00 
-A0-  00  00  00  00  00  00  00  00 | 00  00  00  00  00  00  00  00 
-B0-  00  00  00  00  00  00  00  00 | 00  00  00  00  00  00  00  00 
-C0-  00  00  00  00  00  00  00  00 | 00  00  00  00  00  00  00  00 
-D0-  00  00  00  00  00  00  00  00 | 00  00  00  00  00  00  00  00 
-E0-  00  00  00  00  00  00  00  00 | 00  00  00  00  00  00  00  00 
-F0-  00  00  00  00  00  00  00  00 | 00  00  00  00  00  00  00  00 



BANK CF
------00--01--02--03--04--05--06--07-|-08--09--0A--0B--0C--0D--0E--0F-
----------------------------------------------------------------------
-00-  00  00  00  00  00  00  00  00 | 00  00  00  00  00  00  00  00 
-10-  00  00  00  00  00  00  00  00 | 00  00  00  00  00  00  00  00 
-20-  00  00  00  00  00  00  00  00 | 00  00  00  00  00  00  00  00 
-30-  00  00  00  00  00  00  00  00 | 00  00  00  00  00  00  00  00 
-40-  00  00  00  00  00  00  00  00 | 00  00  00  00  00  00  00  00 
-50-  00  00  00  00  00  00  00  00 | 00  00  00  00  00  00  00  00 
-60-  00  00  00  00  00  00  00  00 | 00  00  00  00  00  00  00  00 
-70-  00  00  00  00  00  00  00  00 | 00  00  00  00  00  00  00  00 
-80-  00  00  00  00  00  00  00  00 | 00  00  00  00  00  00  00  00 
-90-  00  00  00  00  00  00  00  00 | 00  00  00  00  00  00  00  00 
-A0-  00  00  00  00  00  00  00  00 | 00  00  00  00  00  00  00  00 
-B0-  00  00  00  00  00  00  00  00 | 00  00  00  00  00  00  00  00 
-C0-  00  00  00  00  00  00  00  00 | 00  00  00  00  00  00  00  00 
-D0-  00  00  00  00  00  00  00  00 | 00  00  00  00  00  00  00  00 
-E0-  00  00  00  00  00  00  00  00 | 00  00  00  00  00  00  00  00 
-F0-  00  00  00  00  00  00  00  00 | 00  00  00  00  00  00  00  00 



BANK D0
------00--01--02--03--04--05--06--07-|-08--09--0A--0B--0C--0D--0E--0F-
----------------------------------------------------------------------
-00-  00  00  00  00  00  00  00  00 | 00  00  00  00  00  00  00  00 
-10-  00  00  00  00  00  00  00  00 | 00  00  00  00  00  00  00  00 
-20-  00  00  00  00  00  00  00  00 | 00  00  00  00  00  00  00  00 
-30-  00  00  00  00  00  00  00  00 | 00  00  00  00  00  00  00  00 
-40-  00  00  00  00  00  00  00  00 | 00  00  00  00  00  00  00  00 
-50-  00  00  00  00  00  00  00  00 | 00  00  00  00  00  00  00  00 
-60-  00  00  00  00  00  00  00  00 | 00  00  00  00  00  00  00  00 
-70-  00  00  00  00  00  00  00  00 | 00  00  00  00  00  00  00  00 
-80-  00  00  00  00  00  00  00  00 | 00  00  00  00  00  00  00  00 
-90-  00  00  00  00  00  00  00  00 | 00  00  00  00  00  00  00  00 
-A0-  00  00  00  00  00  00  00  00 | 00  00  00  00  00  00  00  00 
-B0-  00  00  00  00  00  00  00  00 | 00  00  00  00  00  00  00  00 
-C0-  00  00  00  00  00  00  00  00 | 00  00  00  00  00  00  00  00 
-D0-  00  00  00  00  00  00  00  00 | 00  00  00  00  00  00  00  00 
-E0-  00  00  00  00  00  00  00  00 | 00  00  00  00  00  00  00  00 
-F0-  00  00  00  00  00  00  00  00 | 00  00  00  00  00  00  00  00 



BANK D1
------00--01--02--03--04--05--06--07-|-08--09--0A--0B--0C--0D--0E--0F-
----------------------------------------------------------------------
-00-  00  00  00  00  00  00  00  00 | 00  00  00  00  00  00  00  00 
-10-  00  00  00  00  00  00  00  00 | 00  00  00  00  00  00  00  00 
-20-  00  00  00  00  00  00  00  00 | 00  00  00  00  00  00  00  00 
-30-  00  00  00  00  00  00  00  00 | 00  00  00  00  00  00  00  00 
-40-  00  00  00  00  00  00  00  00 | 00  00  00  00  00  00  00  00 
-50-  00  00  00  00  00  00  00  00 | 00  00  00  00  00  00  00  00 
-60-  00  00  00  00  00  00  00  00 | 00  00  00  00  00  00  00  00 
-70-  00  00  00  00  00  00  00  00 | 00  00  00  00  00  00  00  00 
-80-  00  00  00  00  00  00  00  00 | 00  00  00  00  00  00  00  00 
-90-  00  00  00  00  00  00  00  00 | 00  00  00  00  00  00  00  00 
-A0-  00  00  00  00  00  00  00  00 | 00  00  00  00  00  00  00  00 
-B0-  00  00  00  00  00  00  00  00 | 00  00  00  00  00  00  00  00 
-C0-  00  00  00  00  00  00  00  00 | 00  00  00  00  00  00  00  00 
-D0-  00  00  00  00  00  00  00  00 | 00  00  00  00  00  00  00  00 
-E0-  00  00  00  00  00  00  00  00 | 00  00  00  00  00  00  00  00 
-F0-  00  00  00  00  00  00  00  00 | 00  00  00  00  00  00  00  00 



BANK D2
------00--01--02--03--04--05--06--07-|-08--09--0A--0B--0C--0D--0E--0F-
----------------------------------------------------------------------
-00-  00  00  00  00  00  00  00  00 | 00  00  00  00  00  00  00  00 
-10-  00  00  00  00  00  00  00  00 | 00  00  00  00  00  00  00  00 
-20-  00  00  00  00  00  00  00  00 | 00  00  00  00  00  00  00  00 
-30-  00  00  00  00  00  00  00  00 | 00  00  00  00  00  00  00  00 
-40-  00  00  00  00  00  00  00  00 | 00  00  00  00  00  00  00  00 
-50-  00  00  00  00  00  00  00  00 | 00  00  00  00  00  00  00  00 
-60-  00  00  00  00  00  00  00  00 | 00  00  00  00  00  00  00  00 
-70-  00  00  00  00  00  00  00  00 | 00  00  00  00  00  00  00  00 
-80-  00  00  00  00  00  00  00  00 | 00  00  00  00  00  00  00  00 
-90-  00  00  00  00  00  00  00  00 | 00  00  00  00  00  00  00  00 
-A0-  00  00  00  00  00  00  00  00 | 00  00  00  00  00  00  00  00 
-B0-  00  00  00  00  00  00  00  00 | 00  00  00  00  00  00  00  00 
-C0-  00  00  00  00  00  00  00  00 | 00  00  00  00  00  00  00  00 
-D0-  00  00  00  00  00  00  00  00 | 00  00  00  00  00  00  00  00 
-E0-  00  00  00  00  00  00  00  00 | 00  00  00  00  00  00  00  00 
-F0-  00  00  00  00  00  00  00  00 | 00  00  00  00  00  00  00  00 



BANK D3
------00--01--02--03--04--05--06--07-|-08--09--0A--0B--0C--0D--0E--0F-
----------------------------------------------------------------------
-00-  00  00  00  00  00  00  00  00 | 00  00  00  00  00  00  00  00 
-10-  00  00  00  00  00  00  00  00 | 00  00  00  00  00  00  00  00 
-20-  00  00  00  00  00  00  00  00 | 00  00  00  00  00  00  00  00 
-30-  00  00  00  00  00  00  00  00 | 00  00  00  00  00  00  00  00 
-40-  00  00  00  00  00  00  00  00 | 00  00  00  00  00  00  00  00 
-50-  00  00  00  00  00  00  00  00 | 00  00  00  00  00  00  00  00 
-60-  00  00  00  00  00  00  00  00 | 00  00  00  00  00  00  00  00 
-70-  00  00  00  00  00  00  00  00 | 00  00  00  00  00  00  00  00 
-80-  00  00  00  00  00  00  00  00 | 00  00  00  00  00  00  00  00 
-90-  00  00  00  00  00  00  00  00 | 00  00  00  00  00  00  00  00 
-A0-  00  00  00  00  00  00  00  00 | 00  00  00  00  00  00  00  00 
-B0-  00  00  00  00  00  00  00  00 | 00  00  00  00  00  00  00  00 
-C0-  00  00  00  00  00  00  00  00 | 00  00  00  00  00  00  00  00 
-D0-  00  00  00  00  00  00  00  00 | 00  00  00  00  00  00  00  00 
-E0-  00  00  00  00  00  00  00  00 | 00  00  00  00  00  00  00  00 
-F0-  00  00  00  00  00  00  00  00 | 00  00  00  00  00  00  00  00 



BANK D4
------00--01--02--03--04--05--06--07-|-08--09--0A--0B--0C--0D--0E--0F-
----------------------------------------------------------------------
-00-  00  00  00  00  00  00  00  00 | 00  00  00  00  00  00  00  00 
-10-  00  00  00  00  00  00  00  00 | 00  00  00  00  00  00  00  00 
-20-  00  00  00  00  00  00  00  00 | 00  00  00  00  00  00  00  00 
-30-  00  00  00  00  00  00  00  00 | 00  00  00  00  00  00  00  00 
-40-  00  00  00  00  00  00  00  00 | 00  00  00  00  00  00  00  00 
-50-  00  00  00  00  00  00  00  00 | 00  00  00  00  00  00  00  00 
-60-  00  00  00  00  00  00  00  00 | 00  00  00  00  00  00  00  00 
-70-  00  00  00  00  00  00  00  00 | 00  00  00  00  00  00  00  00 
-80-  00  00  00  00  00  00  00  00 | 00  00  00  00  00  00  00  00 
-90-  00  00  00  00  00  00  00  00 | 00  00  00  00  00  00  00  00 
-A0-  00  00  00  00  00  00  00  00 | 00  00  00  00  00  00  00  00 
-B0-  00  00  00  00  00  00  00  00 | 00  00  00  00  00  00  00  00 
-C0-  00  00  00  00  00  00  00  00 | 00  00  00  00  00  00  00  00 
-D0-  00  00  00  00  00  00  00  00 | 00  00  00  00  00  00  00  00 
-E0-  00  00  00  00  00  00  00  00 | 00  00  00  00  00  00  00  00 
-F0-  00  00  00  00  00  00  00  00 | 00  00  00  00  00  00  00  00 



BANK D5
------00--01--02--03--04--05--06--07-|-08--09--0A--0B--0C--0D--0E--0F-
----------------------------------------------------------------------
-00-  00  00  00  00  00  00  00  00 | 00  00  00  00  00  00  00  00 
-10-  00  00  00  00  00  00  00  00 | 00  00  00  00  00  00  00  00 
-20-  00  00  00  00  00  00  00  00 | 00  00  00  00  00  00  00  00 
-30-  00  00  00  00  00  00  00  00 | 00  00  00  00  00  00  00  00 
-40-  00  00  00  00  00  00  00  00 | 00  00  00  00  00  00  00  00 
-50-  00  00  00  00  00  00  00  00 | 00  00  00  00  00  00  00  00 
-60-  00  00  00  00  00  00  00  00 | 00  00  00  00  00  00  00  00 
-70-  00  00  00  00  00  00  00  00 | 00  00  00  00  00  00  00  00 
-80-  00  00  00  00  00  00  00  00 | 00  00  00  00  00  00  00  00 
-90-  00  00  00  00  00  00  00  00 | 00  00  00  00  00  00  00  00 
-A0-  00  00  00  00  00  00  00  00 | 00  00  00  00  00  00  00  00 
-B0-  00  00  00  00  00  00  00  00 | 00  00  00  00  00  00  00  00 
-C0-  00  00  00  00  00  00  00  00 | 00  00  00  00  00  00  00  00 
-D0-  00  00  00  00  00  00  00  00 | 00  00  00  00  00  00  00  00 
-E0-  00  00  00  00  00  00  00  00 | 00  00  00  00  00  00  00  00 
-F0-  00  00  00  00  00  00  00  00 | 00  00  00  00  00  00  00  00 



BANK D6
------00--01--02--03--04--05--06--07-|-08--09--0A--0B--0C--0D--0E--0F-
----------------------------------------------------------------------
-00-  00  00  00  00  00  00  00  00 | 00  00  00  00  00  00  00  00 
-10-  00  00  00  00  00  00  00  00 | 00  00  00  00  00  00  00  00 
-20-  00  00  00  00  00  00  00  00 | 00  00  00  00  00  00  00  00 
-30-  00  00  00  00  00  00  00  00 | 00  00  00  00  00  00  00  00 
-40-  00  00  00  00  00  00  00  00 | 00  00  00  00  00  00  00  00 
-50-  00  00  00  00  00  00  00  00 | 00  00  00  00  00  00  00  00 
-60-  00  00  00  00  00  00  00  00 | 00  00  00  00  00  00  00  00 
-70-  00  00  00  00  00  00  00  00 | 00  00  00  00  00  00  00  00 
-80-  00  00  00  00  00  00  00  00 | 00  00  00  00  00  00  00  00 
-90-  00  00  00  00  00  00  00  00 | 00  00  00  00  00  00  00  00 
-A0-  00  00  00  00  00  00  00  00 | 00  00  00  00  00  00  00  00 
-B0-  00  00  00  00  00  00  00  00 | 00  00  00  00  00  00  00  00 
-C0-  00  00  00  00  00  00  00  00 | 00  00  00  00  00  00  00  00 
-D0-  00  00  00  00  00  00  00  00 | 00  00  00  00  00  00  00  00 
-E0-  00  00  00  00  00  00  00  00 | 00  00  00  00  00  00  00  00 
-F0-  00  00  00  00  00  00  00  00 | 00  00  00  00  00  00  00  00 



BANK D7
------00--01--02--03--04--05--06--07-|-08--09--0A--0B--0C--0D--0E--0F-
----------------------------------------------------------------------
-00-  00  00  00  00  00  00  00  00 | 00  00  00  00  00  00  00  00 
-10-  00  00  00  00  00  00  00  00 | 00  00  00  00  00  00  00  00 
-20-  00  00  00  00  00  00  00  00 | 00  00  00  00  00  00  00  00 
-30-  00  00  00  00  00  00  00  00 | 00  00  00  00  00  00  00  00 
-40-  00  00  00  00  00  00  00  00 | 00  00  00  00  00  00  00  00 
-50-  00  00  00  00  00  00  00  00 | 00  00  00  00  00  00  00  00 
-60-  00  00  00  00  00  00  00  00 | 00  00  00  00  00  00  00  00 
-70-  00  00  00  00  00  00  00  00 | 00  00  00  00  00  00  00  00 
-80-  00  00  00  00  00  00  00  00 | 00  00  00  00  00  00  00  00 
-90-  00  00  00  00  00  00  00  00 | 00  00  00  00  00  00  00  00 
-A0-  00  00  00  00  00  00  00  00 | 00  00  00  00  00  00  00  00 
-B0-  00  00  00  00  00  00  00  00 | 00  00  00  00  00  00  00  00 
-C0-  00  00  00  00  00  00  00  00 | 00  00  00  00  00  00  00  00 
-D0-  00  00  00  00  00  00  00  00 | 00  00  00  00  00  00  00  00 
-E0-  00  00  00  00  00  00  00  00 | 00  00  00  00  00  00  00  00 
-F0-  00  00  00  00  00  00  00  00 | 00  00  00  00  00  00  00  00 



BANK D8
------00--01--02--03--04--05--06--07-|-08--09--0A--0B--0C--0D--0E--0F-
----------------------------------------------------------------------
-00-  00  00  00  00  00  00  00  00 | 00  00  00  00  00  00  00  00 
-10-  00  00  00  00  00  00  00  00 | 00  00  00  00  00  00  00  00 
-20-  00  00  00  00  00  00  00  00 | 00  00  00  00  00  00  00  00 
-30-  00  00  00  00  00  00  00  00 | 00  00  00  00  00  00  00  00 
-40-  00  00  00  00  00  00  00  00 | 00  00  00  00  00  00  00  00 
-50-  00  00  00  00  00  00  00  00 | 00  00  00  00  00  00  00  00 
-60-  00  00  00  00  00  00  00  00 | 00  00  00  00  00  00  00  00 
-70-  00  00  00  00  00  00  00  00 | 00  00  00  00  00  00  00  00 
-80-  00  00  00  00  00  00  00  00 | 00  00  00  00  00  00  00  00 
-90-  00  00  00  00  00  00  00  00 | 00  00  00  00  00  00  00  00 
-A0-  00  00  00  00  00  00  00  00 | 00  00  00  00  00  00  00  00 
-B0-  00  00  00  00  00  00  00  00 | 00  00  00  00  00  00  00  00 
-C0-  00  00  00  00  00  00  00  00 | 00  00  00  00  00  00  00  00 
-D0-  00  00  00  00  00  00  00  00 | 00  00  00  00  00  00  00  00 
-E0-  00  00  00  00  00  00  00  00 | 00  00  00  00  00  00  00  00 
-F0-  00  00  00  00  00  00  00  00 | 00  00  00  00  00  00  00  00 



BANK D9
------00--01--02--03--04--05--06--07-|-08--09--0A--0B--0C--0D--0E--0F-
----------------------------------------------------------------------
-00-  00  00  00  00  00  00  00  00 | 00  00  00  00  00  00  00  00 
-10-  00  00  00  00  00  00  00  00 | 00  00  00  00  00  00  00  00 
-20-  00  00  00  00  00  00  00  00 | 00  00  00  00  00  00  00  00 
-30-  00  00  00  00  00  00  00  00 | 00  00  00  00  00  00  00  00 
-40-  00  00  00  00  00  00  00  00 | 00  00  00  00  00  00  00  00 
-50-  00  00  00  00  00  00  00  00 | 00  00  00  00  00  00  00  00 
-60-  00  00  00  00  00  00  00  00 | 00  00  00  00  00  00  00  00 
-70-  00  00  00  00  00  00  00  00 | 00  00  00  00  00  00  00  00 
-80-  00  00  00  00  00  00  00  00 | 00  00  00  00  00  00  00  00 
-90-  00  00  00  00  00  00  00  00 | 00  00  00  00  00  00  00  00 
-A0-  00  00  00  00  00  00  00  00 | 00  00  00  00  00  00  00  00 
-B0-  00  00  00  00  00  00  00  00 | 00  00  00  00  00  00  00  00 
-C0-  00  00  00  00  00  00  00  00 | 00  00  00  00  00  00  00  00 
-D0-  00  00  00  00  00  00  00  00 | 00  00  00  00  00  00  00  00 
-E0-  00  00  00  00  00  00  00  00 | 00  00  00  00  00  00  00  00 
-F0-  00  00  00  00  00  00  00  00 | 00  00  00  00  00  00  00  00 



BANK DA
------00--01--02--03--04--05--06--07-|-08--09--0A--0B--0C--0D--0E--0F-
----------------------------------------------------------------------
-00-  00  00  00  00  00  00  00  00 | 00  00  00  00  00  00  00  00 
-10-  00  00  00  00  00  00  00  00 | 00  00  00  00  00  00  00  00 
-20-  00  00  00  00  00  00  00  00 | 00  00  00  00  00  00  00  00 
-30-  00  00  00  00  00  00  00  00 | 00  00  00  00  00  00  00  00 
-40-  00  00  00  00  00  00  00  00 | 00  00  00  00  00  00  00  00 
-50-  00  00  00  00  00  00  00  00 | 00  00  00  00  00  00  00  00 
-60-  00  00  00  00  00  00  00  00 | 00  00  00  00  00  00  00  00 
-70-  00  00  00  00  00  00  00  00 | 00  00  00  00  00  00  00  00 
-80-  00  00  00  00  00  00  00  00 | 00  00  00  00  00  00  00  00 
-90-  00  00  00  00  00  00  00  00 | 00  00  00  00  00  00  00  00 
-A0-  00  00  00  00  00  00  00  00 | 00  00  00  00  00  00  00  00 
-B0-  00  00  00  00  00  00  00  00 | 00  00  00  00  00  00  00  00 
-C0-  00  00  00  00  00  00  00  00 | 00  00  00  00  00  00  00  00 
-D0-  00  00  00  00  00  00  00  00 | 00  00  00  00  00  00  00  00 
-E0-  00  00  00  00  00  00  00  00 | 00  00  00  00  00  00  00  00 
-F0-  00  00  00  00  00  00  00  00 | 00  00  00  00  00  00  00  00 



BANK DB
------00--01--02--03--04--05--06--07-|-08--09--0A--0B--0C--0D--0E--0F-
----------------------------------------------------------------------
-00-  00  00  00  00  00  00  00  00 | 00  00  00  00  00  00  00  00 
-10-  00  00  00  00  00  00  00  00 | 00  00  00  00  00  00  00  00 
-20-  00  00  00  00  00  00  00  00 | 00  00  00  00  00  00  00  00 
-30-  00  00  00  00  00  00  00  00 | 00  00  00  00  00  00  00  00 
-40-  00  00  00  00  00  00  00  00 | 00  00  00  00  00  00  00  00 
-50-  00  00  00  00  00  00  00  00 | 00  00  00  00  00  00  00  00 
-60-  00  00  00  00  00  00  00  00 | 00  00  00  00  00  00  00  00 
-70-  00  00  00  00  00  00  00  00 | 00  00  00  00  00  00  00  00 
-80-  00  00  00  00  00  00  00  00 | 00  00  00  00  00  00  00  00 
-90-  00  00  00  00  00  00  00  00 | 00  00  00  00  00  00  00  00 
-A0-  00  00  00  00  00  00  00  00 | 00  00  00  00  00  00  00  00 
-B0-  00  00  00  00  00  00  00  00 | 00  00  00  00  00  00  00  00 
-C0-  00  00  00  00  00  00  00  00 | 00  00  00  00  00  00  00  00 
-D0-  00  00  00  00  00  00  00  00 | 00  00  00  00  00  00  00  00 
-E0-  00  00  00  00  00  00  00  00 | 00  00  00  00  00  00  00  00 
-F0-  00  00  00  00  00  00  00  00 | 00  00  00  00  00  00  00  00 



BANK DC
------00--01--02--03--04--05--06--07-|-08--09--0A--0B--0C--0D--0E--0F-
----------------------------------------------------------------------
-00-  00  00  00  00  00  00  00  00 | 00  00  00  00  00  00  00  00 
-10-  00  00  00  00  00  00  00  00 | 00  00  00  00  00  00  00  00 
-20-  00  00  00  00  00  00  00  00 | 00  00  00  00  00  00  00  00 
-30-  00  00  00  00  00  00  00  00 | 00  00  00  00  00  00  00  00 
-40-  00  00  00  00  00  00  00  00 | 00  00  00  00  00  00  00  00 
-50-  00  00  00  00  00  00  00  00 | 00  00  00  00  00  00  00  00 
-60-  00  00  00  00  00  00  00  00 | 00  00  00  00  00  00  00  00 
-70-  00  00  00  00  00  00  00  00 | 00  00  00  00  00  00  00  00 
-80-  00  00  00  00  00  00  00  00 | 00  00  00  00  00  00  00  00 
-90-  00  00  00  00  00  00  00  00 | 00  00  00  00  00  00  00  00 
-A0-  00  00  00  00  00  00  00  00 | 00  00  00  00  00  00  00  00 
-B0-  00  00  00  00  00  00  00  00 | 00  00  00  00  00  00  00  00 
-C0-  00  00  00  00  00  00  00  00 | 00  00  00  00  00  00  00  00 
-D0-  00  00  00  00  00  00  00  00 | 00  00  00  00  00  00  00  00 
-E0-  00  00  00  00  00  00  00  00 | 00  00  00  00  00  00  00  00 
-F0-  00  00  00  00  00  00  00  00 | 00  00  00  00  00  00  00  00 



BANK DD
------00--01--02--03--04--05--06--07-|-08--09--0A--0B--0C--0D--0E--0F-
----------------------------------------------------------------------
-00-  00  00  00  00  00  00  00  00 | 00  00  00  00  00  00  00  00 
-10-  00  00  00  00  00  00  00  00 | 00  00  00  00  00  00  00  00 
-20-  00  00  00  00  00  00  00  00 | 00  00  00  00  00  00  00  00 
-30-  00  00  00  00  00  00  00  00 | 00  00  00  00  00  00  00  00 
-40-  00  00  00  00  00  00  00  00 | 00  00  00  00  00  00  00  00 
-50-  00  00  00  00  00  00  00  00 | 00  00  00  00  00  00  00  00 
-60-  00  00  00  00  00  00  00  00 | 00  00  00  00  00  00  00  00 
-70-  00  00  00  00  00  00  00  00 | 00  00  00  00  00  00  00  00 
-80-  00  00  00  00  00  00  00  00 | 00  00  00  00  00  00  00  00 
-90-  00  00  00  00  00  00  00  00 | 00  00  00  00  00  00  00  00 
-A0-  00  00  00  00  00  00  00  00 | 00  00  00  00  00  00  00  00 
-B0-  00  00  00  00  00  00  00  00 | 00  00  00  00  00  00  00  00 
-C0-  00  00  00  00  00  00  00  00 | 00  00  00  00  00  00  00  00 
-D0-  00  00  00  00  00  00  00  00 | 00  00  00  00  00  00  00  00 
-E0-  00  00  00  00  00  00  00  00 | 00  00  00  00  00  00  00  00 
-F0-  00  00  00  00  00  00  00  00 | 00  00  00  00  00  00  00  00 



BANK DE
------00--01--02--03--04--05--06--07-|-08--09--0A--0B--0C--0D--0E--0F-
----------------------------------------------------------------------
-00-  00  00  00  00  00  00  00  00 | 00  00  00  00  00  00  00  00 
-10-  00  00  00  00  00  00  00  00 | 00  00  00  00  00  00  00  00 
-20-  00  00  00  00  00  00  00  00 | 00  00  00  00  00  00  00  00 
-30-  00  00  00  00  00  00  00  00 | 00  00  00  00  00  00  00  00 
-40-  00  00  00  00  00  00  00  00 | 00  00  00  00  00  00  00  00 
-50-  00  00  00  00  00  00  00  00 | 00  00  00  00  00  00  00  00 
-60-  00  00  00  00  00  00  00  00 | 00  00  00  00  00  00  00  00 
-70-  00  00  00  00  00  00  00  00 | 00  00  00  00  00  00  00  00 
-80-  00  00  00  00  00  00  00  00 | 00  00  00  00  00  00  00  00 
-90-  00  00  00  00  00  00  00  00 | 00  00  00  00  00  00  00  00 
-A0-  00  00  00  00  00  00  00  00 | 00  00  00  00  00  00  00  00 
-B0-  00  00  00  00  00  00  00  00 | 00  00  00  00  00  00  00  00 
-C0-  00  00  00  00  00  00  00  00 | 00  00  00  00  00  00  00  00 
-D0-  00  00  00  00  00  00  00  00 | 00  00  00  00  00  00  00  00 
-E0-  00  00  00  00  00  00  00  00 | 00  00  00  00  00  00  00  00 
-F0-  00  00  00  00  00  00  00  00 | 00  00  00  00  00  00  00  00 



BANK DF
------00--01--02--03--04--05--06--07-|-08--09--0A--0B--0C--0D--0E--0F-
----------------------------------------------------------------------
-00-  00  00  00  00  00  00  00  00 | 00  00  00  00  00  00  00  00 
-10-  00  00  00  00  00  00  00  00 | 00  00  00  00  00  00  00  00 
-20-  00  00  00  00  00  00  00  00 | 00  00  00  00  00  00  00  00 
-30-  00  00  00  00  00  00  00  00 | 00  00  00  00  00  00  00  00 
-40-  00  00  00  00  00  00  00  00 | 00  00  00  00  00  00  00  00 
-50-  00  00  00  00  00  00  00  00 | 00  00  00  00  00  00  00  00 
-60-  00  00  00  00  00  00  00  00 | 00  00  00  00  00  00  00  00 
-70-  00  00  00  00  00  00  00  00 | 00  00  00  00  00  00  00  00 
-80-  00  00  00  00  00  00  00  00 | 00  00  00  00  00  00  00  00 
-90-  00  00  00  00  00  00  00  00 | 00  00  00  00  00  00  00  00 
-A0-  00  00  00  00  00  00  00  00 | 00  00  00  00  00  00  00  00 
-B0-  00  00  00  00  00  00  00  00 | 00  00  00  00  00  00  00  00 
-C0-  00  00  00  00  00  00  00  00 | 00  00  00  00  00  00  00  00 
-D0-  00  00  00  00  00  00  00  00 | 00  00  00  00  00  00  00  00 
-E0-  00  00  00  00  00  00  00  00 | 00  00  00  00  00  00  00  00 
-F0-  00  00  00  00  00  00  00  00 | 00  00  00  00  00  00  00  00 



BANK E0
------00--01--02--03--04--05--06--07-|-08--09--0A--0B--0C--0D--0E--0F-
----------------------------------------------------------------------
-00-  00  00  00  00  00  00  00  00 | 00  00  00  00  00  00  00  00 
-10-  00  00  00  00  00  00  00  00 | 00  00  00  00  00  00  00  00 
-20-  00  00  00  00  00  00  00  00 | 00  00  00  00  00  00  00  00 
-30-  00  00  00  00  00  00  00  00 | 00  00  00  00  00  00  00  00 
-40-  00  00  00  00  00  00  00  00 | 00  00  00  00  00  00  00  00 
-50-  00  00  00  00  00  00  00  00 | 00  00  00  00  00  00  00  00 
-60-  00  00  00  00  00  00  00  00 | 00  00  00  00  00  00  00  00 
-70-  00  00  00  00  00  00  00  00 | 00  00  00  00  00  00  00  00 
-80-  00  00  00  00  00  00  00  00 | 00  00  00  00  00  00  00  00 
-90-  00  00  00  00  00  00  00  00 | 00  00  00  00  00  00  00  00 
-A0-  00  00  00  00  00  00  00  00 | 00  00  00  00  00  00  00  00 
-B0-  00  00  00  00  00  00  00  00 | 00  00  00  00  00  00  00  00 
-C0-  00  00  00  00  00  00  00  00 | 00  00  00  00  00  00  00  00 
-D0-  00  00  00  00  00  00  00  00 | 00  00  00  00  00  00  00  00 
-E0-  00  00  00  00  00  00  00  00 | 00  00  00  00  00  00  00  00 
-F0-  00  00  00  00  00  00  00  00 | 00  00  00  00  00  00  00  00 



BANK E1
------00--01--02--03--04--05--06--07-|-08--09--0A--0B--0C--0D--0E--0F-
----------------------------------------------------------------------
-00-  00  00  00  00  00  00  00  00 | 00  00  00  00  00  00  00  00 
-10-  00  00  00  00  00  00  00  00 | 00  00  00  00  00  00  00  00 
-20-  00  00  00  00  00  00  00  00 | 00  00  00  00  00  00  00  00 
-30-  00  00  00  00  00  00  00  00 | 00  00  00  00  00  00  00  00 
-40-  00  00  00  00  00  00  00  00 | 00  00  00  00  00  00  00  00 
-50-  00  00  00  00  00  00  00  00 | 00  00  00  00  00  00  00  00 
-60-  00  00  00  00  00  00  00  00 | 00  00  00  00  00  00  00  00 
-70-  00  00  00  00  00  00  00  00 | 00  00  00  00  00  00  00  00 
-80-  00  00  00  00  00  00  00  00 | 00  00  00  00  00  00  00  00 
-90-  00  00  00  00  00  00  00  00 | 00  00  00  00  00  00  00  00 
-A0-  00  00  00  00  00  00  00  00 | 00  00  00  00  00  00  00  00 
-B0-  00  00  00  00  00  00  00  00 | 00  00  00  00  00  00  00  00 
-C0-  00  00  00  00  00  00  00  00 | 00  00  00  00  00  00  00  00 
-D0-  00  00  00  00  00  00  00  00 | 00  00  00  00  00  00  00  00 
-E0-  00  00  00  00  00  00  00  00 | 00  00  00  00  00  00  00  00 
-F0-  00  00  00  00  00  00  00  00 | 00  00  00  00  00  00  00  00 



BANK E2
------00--01--02--03--04--05--06--07-|-08--09--0A--0B--0C--0D--0E--0F-
----------------------------------------------------------------------
-00-  00  00  00  00  00  00  00  00 | 00  00  00  00  00  00  00  00 
-10-  00  00  00  00  00  00  00  00 | 00  00  00  00  00  00  00  00 
-20-  00  00  00  00  00  00  00  00 | 00  00  00  00  00  00  00  00 
-30-  00  00  00  00  00  00  00  00 | 00  00  00  00  00  00  00  00 
-40-  00  00  00  00  00  00  00  00 | 00  00  00  00  00  00  00  00 
-50-  00  00  00  00  00  00  00  00 | 00  00  00  00  00  00  00  00 
-60-  00  00  00  00  00  00  00  00 | 00  00  00  00  00  00  00  00 
-70-  00  00  00  00  00  00  00  00 | 00  00  00  00  00  00  00  00 
-80-  00  00  00  00  00  00  00  00 | 00  00  00  00  00  00  00  00 
-90-  00  00  00  00  00  00  00  00 | 00  00  00  00  00  00  00  00 
-A0-  00  00  00  00  00  00  00  00 | 00  00  00  00  00  00  00  00 
-B0-  00  00  00  00  00  00  00  00 | 00  00  00  00  00  00  00  00 
-C0-  00  00  00  00  00  00  00  00 | 00  00  00  00  00  00  00  00 
-D0-  00  00  00  00  00  00  00  00 | 00  00  00  00  00  00  00  00 
-E0-  00  00  00  00  00  00  00  00 | 00  00  00  00  00  00  00  00 
-F0-  00  00  00  00  00  00  00  00 | 00  00  00  00  00  00  00  00 



BANK E3
------00--01--02--03--04--05--06--07-|-08--09--0A--0B--0C--0D--0E--0F-
----------------------------------------------------------------------
-00-  00  00  00  00  00  00  00  00 | 00  00  00  00  00  00  00  00 
-10-  00  00  00  00  00  00  00  00 | 00  00  00  00  00  00  00  00 
-20-  00  00  00  00  00  00  00  00 | 00  00  00  00  00  00  00  00 
-30-  00  00  00  00  00  00  00  00 | 00  00  00  00  00  00  00  00 
-40-  00  00  00  00  00  00  00  00 | 00  00  00  00  00  00  00  00 
-50-  00  00  00  00  00  00  00  00 | 00  00  00  00  00  00  00  00 
-60-  00  00  00  00  00  00  00  00 | 00  00  00  00  00  00  00  00 
-70-  00  00  00  00  00  00  00  00 | 00  00  00  00  00  00  00  00 
-80-  00  00  00  00  00  00  00  00 | 00  00  00  00  00  00  00  00 
-90-  00  00  00  00  00  00  00  00 | 00  00  00  00  00  00  00  00 
-A0-  00  00  00  00  00  00  00  00 | 00  00  00  00  00  00  00  00 
-B0-  00  00  00  00  00  00  00  00 | 00  00  00  00  00  00  00  00 
-C0-  00  00  00  00  00  00  00  00 | 00  00  00  00  00  00  00  00 
-D0-  00  00  00  00  00  00  00  00 | 00  00  00  00  00  00  00  00 
-E0-  00  00  00  00  00  00  00  00 | 00  00  00  00  00  00  00  00 
-F0-  00  00  00  00  00  00  00  00 | 00  00  00  00  00  00  00  00 



BANK E4
------00--01--02--03--04--05--06--07-|-08--09--0A--0B--0C--0D--0E--0F-
----------------------------------------------------------------------
-00-  00  00  00  00  00  00  00  00 | 00  00  00  00  00  00  00  00 
-10-  00  00  00  00  00  00  00  00 | 00  00  00  00  00  00  00  00 
-20-  00  00  00  00  00  00  00  00 | 00  00  00  00  00  00  00  00 
-30-  00  00  00  00  00  00  00  00 | 00  00  00  00  00  00  00  00 
-40-  00  00  00  00  00  00  00  00 | 00  00  00  00  00  00  00  00 
-50-  00  00  00  00  00  00  00  00 | 00  00  00  00  00  00  00  00 
-60-  00  00  00  00  00  00  00  00 | 00  00  00  00  00  00  00  00 
-70-  00  00  00  00  00  00  00  00 | 00  00  00  00  00  00  00  00 
-80-  00  00  00  00  00  00  00  00 | 00  00  00  00  00  00  00  00 
-90-  00  00  00  00  00  00  00  00 | 00  00  00  00  00  00  00  00 
-A0-  00  00  00  00  00  00  00  00 | 00  00  00  00  00  00  00  00 
-B0-  00  00  00  00  00  00  00  00 | 00  00  00  00  00  00  00  00 
-C0-  00  00  00  00  00  00  00  00 | 00  00  00  00  00  00  00  00 
-D0-  00  00  00  00  00  00  00  00 | 00  00  00  00  00  00  00  00 
-E0-  00  00  00  00  00  00  00  00 | 00  00  00  00  00  00  00  00 
-F0-  00  00  00  00  00  00  00  00 | 00  00  00  00  00  00  00  00 



BANK E5
------00--01--02--03--04--05--06--07-|-08--09--0A--0B--0C--0D--0E--0F-
----------------------------------------------------------------------
-00-  00  00  00  00  00  00  00  00 | 00  00  00  00  00  00  00  00 
-10-  00  00  00  00  00  00  00  00 | 00  00  00  00  00  00  00  00 
-20-  00  00  00  00  00  00  00  00 | 00  00  00  00  00  00  00  00 
-30-  00  00  00  00  00  00  00  00 | 00  00  00  00  00  00  00  00 
-40-  00  00  00  00  00  00  00  00 | 00  00  00  00  00  00  00  00 
-50-  00  00  00  00  00  00  00  00 | 00  00  00  00  00  00  00  00 
-60-  00  00  00  00  00  00  00  00 | 00  00  00  00  00  00  00  00 
-70-  00  00  00  00  00  00  00  00 | 00  00  00  00  00  00  00  00 
-80-  00  00  00  00  00  00  00  00 | 00  00  00  00  00  00  00  00 
-90-  00  00  00  00  00  00  00  00 | 00  00  00  00  00  00  00  00 
-A0-  00  00  00  00  00  00  00  00 | 00  00  00  00  00  00  00  00 
-B0-  00  00  00  00  00  00  00  00 | 00  00  00  00  00  00  00  00 
-C0-  00  00  00  00  00  00  00  00 | 00  00  00  00  00  00  00  00 
-D0-  00  00  00  00  00  00  00  00 | 00  00  00  00  00  00  00  00 
-E0-  00  00  00  00  00  00  00  00 | 00  00  00  00  00  00  00  00 
-F0-  00  00  00  00  00  00  00  00 | 00  00  00  00  00  00  00  00 



BANK E6
------00--01--02--03--04--05--06--07-|-08--09--0A--0B--0C--0D--0E--0F-
----------------------------------------------------------------------
-00-  00  00  00  00  00  00  00  00 | 00  00  00  00  00  00  00  00 
-10-  00  00  00  00  00  00  00  00 | 00  00  00  00  00  00  00  00 
-20-  00  00  00  00  00  00  00  00 | 00  00  00  00  00  00  00  00 
-30-  00  00  00  00  00  00  00  00 | 00  00  00  00  00  00  00  00 
-40-  00  00  00  00  00  00  00  00 | 00  00  00  00  00  00  00  00 
-50-  00  00  00  00  00  00  00  00 | 00  00  00  00  00  00  00  00 
-60-  00  00  00  00  00  00  00  00 | 00  00  00  00  00  00  00  00 
-70-  00  00  00  00  00  00  00  00 | 00  00  00  00  00  00  00  00 
-80-  00  00  00  00  00  00  00  00 | 00  00  00  00  00  00  00  00 
-90-  00  00  00  00  00  00  00  00 | 00  00  00  00  00  00  00  00 
-A0-  00  00  00  00  00  00  00  00 | 00  00  00  00  00  00  00  00 
-B0-  00  00  00  00  00  00  00  00 | 00  00  00  00  00  00  00  00 
-C0-  00  00  00  00  00  00  00  00 | 00  00  00  00  00  00  00  00 
-D0-  00  00  00  00  00  00  00  00 | 00  00  00  00  00  00  00  00 
-E0-  00  00  00  00  00  00  00  00 | 00  00  00  00  00  00  00  00 
-F0-  00  00  00  00  00  00  00  00 | 00  00  00  00  00  00  00  00 



BANK E7
------00--01--02--03--04--05--06--07-|-08--09--0A--0B--0C--0D--0E--0F-
----------------------------------------------------------------------
-00-  00  00  00  00  00  00  00  00 | 00  00  00  00  00  00  00  00 
-10-  00  00  00  00  00  00  00  00 | 00  00  00  00  00  00  00  00 
-20-  00  00  00  00  00  00  00  00 | 00  00  00  00  00  00  00  00 
-30-  00  00  00  00  00  00  00  00 | 00  00  00  00  00  00  00  00 
-40-  00  00  00  00  00  00  00  00 | 00  00  00  00  00  00  00  00 
-50-  00  00  00  00  00  00  00  00 | 00  00  00  00  00  00  00  00 
-60-  00  00  00  00  00  00  00  00 | 00  00  00  00  00  00  00  00 
-70-  00  00  00  00  00  00  00  00 | 00  00  00  00  00  00  00  00 
-80-  00  00  00  00  00  00  00  00 | 00  00  00  00  00  00  00  00 
-90-  00  00  00  00  00  00  00  00 | 00  00  00  00  00  00  00  00 
-A0-  00  00  00  00  00  00  00  00 | 00  00  00  00  00  00  00  00 
-B0-  00  00  00  00  00  00  00  00 | 00  00  00  00  00  00  00  00 
-C0-  00  00  00  00  00  00  00  00 | 00  00  00  00  00  00  00  00 
-D0-  00  00  00  00  00  00  00  00 | 00  00  00  00  00  00  00  00 
-E0-  00  00  00  00  00  00  00  00 | 00  00  00  00  00  00  00  00 
-F0-  00  00  00  00  00  00  00  00 | 00  00  00  00  00  00  00  00 



BANK E8
------00--01--02--03--04--05--06--07-|-08--09--0A--0B--0C--0D--0E--0F-
----------------------------------------------------------------------
-00-  00  00  00  00  00  00  00  00 | 00  00  00  00  00  00  00  00 
-10-  00  00  00  00  00  00  00  00 | 00  00  00  00  00  00  00  00 
-20-  00  00  00  00  00  00  00  00 | 00  00  00  00  00  00  00  00 
-30-  00  00  00  00  00  00  00  00 | 00  00  00  00  00  00  00  00 
-40-  00  00  00  00  00  00  00  00 | 00  00  00  00  00  00  00  00 
-50-  00  00  00  00  00  00  00  00 | 00  00  00  00  00  00  00  00 
-60-  00  00  00  00  00  00  00  00 | 00  00  00  00  00  00  00  00 
-70-  00  00  00  00  00  00  00  00 | 00  00  00  00  00  00  00  00 
-80-  00  00  00  00  00  00  00  00 | 00  00  00  00  00  00  00  00 
-90-  00  00  00  00  00  00  00  00 | 00  00  00  00  00  00  00  00 
-A0-  00  00  00  00  00  00  00  00 | 00  00  00  00  00  00  00  00 
-B0-  00  00  00  00  00  00  00  00 | 00  00  00  00  00  00  00  00 
-C0-  00  00  00  00  00  00  00  00 | 00  00  00  00  00  00  00  00 
-D0-  00  00  00  00  00  00  00  00 | 00  00  00  00  00  00  00  00 
-E0-  00  00  00  00  00  00  00  00 | 00  00  00  00  00  00  00  00 
-F0-  00  00  00  00  00  00  00  00 | 00  00  00  00  00  00  00  00 



BANK E9
------00--01--02--03--04--05--06--07-|-08--09--0A--0B--0C--0D--0E--0F-
----------------------------------------------------------------------
-00-  00  00  00  00  00  00  00  00 | 00  00  00  00  00  00  00  00 
-10-  00  00  00  00  00  00  00  00 | 00  00  00  00  00  00  00  00 
-20-  00  00  00  00  00  00  00  00 | 00  00  00  00  00  00  00  00 
-30-  00  00  00  00  00  00  00  00 | 00  00  00  00  00  00  00  00 
-40-  00  00  00  00  00  00  00  00 | 00  00  00  00  00  00  00  00 
-50-  00  00  00  00  00  00  00  00 | 00  00  00  00  00  00  00  00 
-60-  00  00  00  00  00  00  00  00 | 00  00  00  00  00  00  00  00 
-70-  00  00  00  00  00  00  00  00 | 00  00  00  00  00  00  00  00 
-80-  00  00  00  00  00  00  00  00 | 00  00  00  00  00  00  00  00 
-90-  00  00  00  00  00  00  00  00 | 00  00  00  00  00  00  00  00 
-A0-  00  00  00  00  00  00  00  00 | 00  00  00  00  00  00  00  00 
-B0-  00  00  00  00  00  00  00  00 | 00  00  00  00  00  00  00  00 
-C0-  00  00  00  00  00  00  00  00 | 00  00  00  00  00  00  00  00 
-D0-  00  00  00  00  00  00  00  00 | 00  00  00  00  00  00  00  00 
-E0-  00  00  00  00  00  00  00  00 | 00  00  00  00  00  00  00  00 
-F0-  00  00  00  00  00  00  00  00 | 00  00  00  00  00  00  00  00 



BANK EA
------00--01--02--03--04--05--06--07-|-08--09--0A--0B--0C--0D--0E--0F-
----------------------------------------------------------------------
-00-  00  00  00  00  00  00  00  00 | 00  00  00  00  00  00  00  00 
-10-  00  00  00  00  00  00  00  00 | 00  00  00  00  00  00  00  00 
-20-  00  00  00  00  00  00  00  00 | 00  00  00  00  00  00  00  00 
-30-  00  00  00  00  00  00  00  00 | 00  00  00  00  00  00  00  00 
-40-  00  00  00  00  00  00  00  00 | 00  00  00  00  00  00  00  00 
-50-  00  00  00  00  00  00  00  00 | 00  00  00  00  00  00  00  00 
-60-  00  00  00  00  00  00  00  00 | 00  00  00  00  00  00  00  00 
-70-  00  00  00  00  00  00  00  00 | 00  00  00  00  00  00  00  00 
-80-  00  00  00  00  00  00  00  00 | 00  00  00  00  00  00  00  00 
-90-  00  00  00  00  00  00  00  00 | 00  00  00  00  00  00  00  00 
-A0-  00  00  00  00  00  00  00  00 | 00  00  00  00  00  00  00  00 
-B0-  00  00  00  00  00  00  00  00 | 00  00  00  00  00  00  00  00 
-C0-  00  00  00  00  00  00  00  00 | 00  00  00  00  00  00  00  00 
-D0-  00  00  00  00  00  00  00  00 | 00  00  00  00  00  00  00  00 
-E0-  00  00  00  00  00  00  00  00 | 00  00  00  00  00  00  00  00 
-F0-  00  00  00  00  00  00  00  00 | 00  00  00  00  00  00  00  00 



BANK EB
------00--01--02--03--04--05--06--07-|-08--09--0A--0B--0C--0D--0E--0F-
----------------------------------------------------------------------
-00-  00  00  00  00  00  00  00  00 | 00  00  00  00  00  00  00  00 
-10-  00  00  00  00  00  00  00  00 | 00  00  00  00  00  00  00  00 
-20-  00  00  00  00  00  00  00  00 | 00  00  00  00  00  00  00  00 
-30-  00  00  00  00  00  00  00  00 | 00  00  00  00  00  00  00  00 
-40-  00  00  00  00  00  00  00  00 | 00  00  00  00  00  00  00  00 
-50-  00  00  00  00  00  00  00  00 | 00  00  00  00  00  00  00  00 
-60-  00  00  00  00  00  00  00  00 | 00  00  00  00  00  00  00  00 
-70-  00  00  00  00  00  00  00  00 | 00  00  00  00  00  00  00  00 
-80-  00  00  00  00  00  00  00  00 | 00  00  00  00  00  00  00  00 
-90-  00  00  00  00  00  00  00  00 | 00  00  00  00  00  00  00  00 
-A0-  00  00  00  00  00  00  00  00 | 00  00  00  00  00  00  00  00 
-B0-  00  00  00  00  00  00  00  00 | 00  00  00  00  00  00  00  00 
-C0-  00  00  00  00  00  00  00  00 | 00  00  00  00  00  00  00  00 
-D0-  00  00  00  00  00  00  00  00 | 00  00  00  00  00  00  00  00 
-E0-  00  00  00  00  00  00  00  00 | 00  00  00  00  00  00  00  00 
-F0-  00  00  00  00  00  00  00  00 | 00  00  00  00  00  00  00  00 



BANK EC
------00--01--02--03--04--05--06--07-|-08--09--0A--0B--0C--0D--0E--0F-
----------------------------------------------------------------------
-00-  00  00  00  00  00  00  00  00 | 00  00  00  00  00  00  00  00 
-10-  00  00  00  00  00  00  00  00 | 00  00  00  00  00  00  00  00 
-20-  00  00  00  00  00  00  00  00 | 00  00  00  00  00  00  00  00 
-30-  00  00  00  00  00  00  00  00 | 00  00  00  00  00  00  00  00 
-40-  00  00  00  00  00  00  00  00 | 00  00  00  00  00  00  00  00 
-50-  00  00  00  00  00  00  00  00 | 00  00  00  00  00  00  00  00 
-60-  00  00  00  00  00  00  00  00 | 00  00  00  00  00  00  00  00 
-70-  00  00  00  00  00  00  00  00 | 00  00  00  00  00  00  00  00 
-80-  00  00  00  00  00  00  00  00 | 00  00  00  00  00  00  00  00 
-90-  00  00  00  00  00  00  00  00 | 00  00  00  00  00  00  00  00 
-A0-  00  00  00  00  00  00  00  00 | 00  00  00  00  00  00  00  00 
-B0-  00  00  00  00  00  00  00  00 | 00  00  00  00  00  00  00  00 
-C0-  00  00  00  00  00  00  00  00 | 00  00  00  00  00  00  00  00 
-D0-  00  00  00  00  00  00  00  00 | 00  00  00  00  00  00  00  00 
-E0-  00  00  00  00  00  00  00  00 | 00  00  00  00  00  00  00  00 
-F0-  00  00  00  00  00  00  00  00 | 00  00  00  00  00  00  00  00 



BANK ED
------00--01--02--03--04--05--06--07-|-08--09--0A--0B--0C--0D--0E--0F-
----------------------------------------------------------------------
-00-  00  00  00  00  00  00  00  00 | 00  00  00  00  00  00  00  00 
-10-  00  00  00  00  00  00  00  00 | 00  00  00  00  00  00  00  00 
-20-  00  00  00  00  00  00  00  00 | 00  00  00  00  00  00  00  00 
-30-  00  00  00  00  00  00  00  00 | 00  00  00  00  00  00  00  00 
-40-  00  00  00  00  00  00  00  00 | 00  00  00  00  00  00  00  00 
-50-  00  00  00  00  00  00  00  00 | 00  00  00  00  00  00  00  00 
-60-  00  00  00  00  00  00  00  00 | 00  00  00  00  00  00  00  00 
-70-  00  00  00  00  00  00  00  00 | 00  00  00  00  00  00  00  00 
-80-  00  00  00  00  00  00  00  00 | 00  00  00  00  00  00  00  00 
-90-  00  00  00  00  00  00  00  00 | 00  00  00  00  00  00  00  00 
-A0-  00  00  00  00  00  00  00  00 | 00  00  00  00  00  00  00  00 
-B0-  00  00  00  00  00  00  00  00 | 00  00  00  00  00  00  00  00 
-C0-  00  00  00  00  00  00  00  00 | 00  00  00  00  00  00  00  00 
-D0-  00  00  00  00  00  00  00  00 | 00  00  00  00  00  00  00  00 
-E0-  00  00  00  00  00  00  00  00 | 00  00  00  00  00  00  00  00 
-F0-  00  00  00  00  00  00  00  00 | 00  00  00  00  00  00  00  00 



BANK EE
------00--01--02--03--04--05--06--07-|-08--09--0A--0B--0C--0D--0E--0F-
----------------------------------------------------------------------
-00-  00  00  00  00  00  00  00  00 | 00  00  00  00  00  00  00  00 
-10-  00  00  00  00  00  00  00  00 | 00  00  00  00  00  00  00  00 
-20-  00  00  00  00  00  00  00  00 | 00  00  00  00  00  00  00  00 
-30-  00  00  00  00  00  00  00  00 | 00  00  00  00  00  00  00  00 
-40-  00  00  00  00  00  00  00  00 | 00  00  00  00  00  00  00  00 
-50-  00  00  00  00  00  00  00  00 | 00  00  00  00  00  00  00  00 
-60-  00  00  00  00  00  00  00  00 | 00  00  00  00  00  00  00  00 
-70-  00  00  00  00  00  00  00  00 | 00  00  00  00  00  00  00  00 
-80-  00  00  00  00  00  00  00  00 | 00  00  00  00  00  00  00  00 
-90-  00  00  00  00  00  00  00  00 | 00  00  00  00  00  00  00  00 
-A0-  00  00  00  00  00  00  00  00 | 00  00  00  00  00  00  00  00 
-B0-  00  00  00  00  00  00  00  00 | 00  00  00  00  00  00  00  00 
-C0-  00  00  00  00  00  00  00  00 | 00  00  00  00  00  00  00  00 
-D0-  00  00  00  00  00  00  00  00 | 00  00  00  00  00  00  00  00 
-E0-  00  00  00  00  00  00  00  00 | 00  00  00  00  00  00  00  00 
-F0-  00  00  00  00  00  00  00  00 | 00  00  00  00  00  00  00  00 



BANK EF
------00--01--02--03--04--05--06--07-|-08--09--0A--0B--0C--0D--0E--0F-
----------------------------------------------------------------------
-00-  00  00  00  00  00  00  00  00 | 00  00  00  00  00  00  00  00 
-10-  00  00  00  00  00  00  00  00 | 00  00  00  00  00  00  00  00 
-20-  00  00  00  00  00  00  00  00 | 00  00  00  00  00  00  00  00 
-30-  00  00  00  00  00  00  00  00 | 00  00  00  00  00  00  00  00 
-40-  00  00  00  00  00  00  00  00 | 00  00  00  00  00  00  00  00 
-50-  00  00  00  00  00  00  00  00 | 00  00  00  00  00  00  00  00 
-60-  00  00  00  00  00  00  00  00 | 00  00  00  00  00  00  00  00 
-70-  00  00  00  00  00  00  00  00 | 00  00  00  00  00  00  00  00 
-80-  00  00  00  00  00  00  00  00 | 00  00  00  00  00  00  00  00 
-90-  00  00  00  00  00  00  00  00 | 00  00  00  00  00  00  00  00 
-A0-  00  00  00  00  00  00  00  00 | 00  00  00  00  00  00  00  00 
-B0-  00  00  00  00  00  00  00  00 | 00  00  00  00  00  00  00  00 
-C0-  00  00  00  00  00  00  00  00 | 00  00  00  00  00  00  00  00 
-D0-  00  00  00  00  00  00  00  00 | 00  00  00  00  00  00  00  00 
-E0-  00  00  00  00  00  00  00  00 | 00  00  00  00  00  00  00  00 
-F0-  00  00  00  00  00  00  00  00 | 00  00  00  00  00  00  00  00 



BANK F0
------00--01--02--03--04--05--06--07-|-08--09--0A--0B--0C--0D--0E--0F-
----------------------------------------------------------------------
-00-  00  00  00  00  00  00  00  00 | 00  00  00  00  00  00  00  00 
-10-  00  00  00  00  00  00  00  00 | 00  00  00  00  00  00  00  00 
-20-  00  00  00  00  00  00  00  00 | 00  00  00  00  00  00  00  00 
-30-  00  00  00  00  00  00  00  00 | 00  00  00  00  00  00  00  00 
-40-  00  00  00  00  00  00  00  00 | 00  00  00  00  00  00  00  00 
-50-  00  00  00  00  00  00  00  00 | 00  00  00  00  00  00  00  00 
-60-  00  00  00  00  00  00  00  00 | 00  00  00  00  00  00  00  00 
-70-  00  00  00  00  00  00  00  00 | 00  00  00  00  00  00  00  00 
-80-  00  00  00  00  00  00  00  00 | 00  00  00  00  00  00  00  00 
-90-  00  00  00  00  00  00  00  00 | 00  00  00  00  00  00  00  00 
-A0-  00  00  00  00  00  00  00  00 | 00  00  00  00  00  00  00  00 
-B0-  00  00  00  00  00  00  00  00 | 00  00  00  00  00  00  00  00 
-C0-  00  00  00  00  00  00  00  00 | 00  00  00  00  00  00  00  00 
-D0-  00  00  00  00  00  00  00  00 | 00  00  00  00  00  00  00  00 
-E0-  00  00  00  00  00  00  00  00 | 00  00  00  00  00  00  00  00 
-F0-  00  00  00  00  00  00  00  00 | 00  00  00  00  00  00  00  00 



BANK F1
------00--01--02--03--04--05--06--07-|-08--09--0A--0B--0C--0D--0E--0F-
----------------------------------------------------------------------
-00-  00  00  00  00  00  00  00  00 | 00  00  00  00  00  00  00  00 
-10-  00  00  00  00  00  00  00  00 | 00  00  00  00  00  00  00  00 
-20-  00  00  00  00  00  00  00  00 | 00  00  00  00  00  00  00  00 
-30-  00  00  00  00  00  00  00  00 | 00  00  00  00  00  00  00  00 
-40-  00  00  00  00  00  00  00  00 | 00  00  00  00  00  00  00  00 
-50-  00  00  00  00  00  00  00  00 | 00  00  00  00  00  00  00  00 
-60-  00  00  00  00  00  00  00  00 | 00  00  00  00  00  00  00  00 
-70-  00  00  00  00  00  00  00  00 | 00  00  00  00  00  00  00  00 
-80-  00  00  00  00  00  00  00  00 | 00  00  00  00  00  00  00  00 
-90-  00  00  00  00  00  00  00  00 | 00  00  00  00  00  00  00  00 
-A0-  00  00  00  00  00  00  00  00 | 00  00  00  00  00  00  00  00 
-B0-  00  00  00  00  00  00  00  00 | 00  00  00  00  00  00  00  00 
-C0-  00  00  00  00  00  00  00  00 | 00  00  00  00  00  00  00  00 
-D0-  00  00  00  00  00  00  00  00 | 00  00  00  00  00  00  00  00 
-E0-  00  00  00  00  00  00  00  00 | 00  00  00  00  00  00  00  00 
-F0-  00  00  00  00  00  00  00  00 | 00  00  00  00  00  00  00  00 



BANK F2
------00--01--02--03--04--05--06--07-|-08--09--0A--0B--0C--0D--0E--0F-
----------------------------------------------------------------------
-00-  00  00  00  00  00  00  00  00 | 00  00  00  00  00  00  00  00 
-10-  00  00  00  00  00  00  00  00 | 00  00  00  00  00  00  00  00 
-20-  00  00  00  00  00  00  00  00 | 00  00  00  00  00  00  00  00 
-30-  00  00  00  00  00  00  00  00 | 00  00  00  00  00  00  00  00 
-40-  00  00  00  00  00  00  00  00 | 00  00  00  00  00  00  00  00 
-50-  00  00  00  00  00  00  00  00 | 00  00  00  00  00  00  00  00 
-60-  00  00  00  00  00  00  00  00 | 00  00  00  00  00  00  00  00 
-70-  00  00  00  00  00  00  00  00 | 00  00  00  00  00  00  00  00 
-80-  00  00  00  00  00  00  00  00 | 00  00  00  00  00  00  00  00 
-90-  00  00  00  00  00  00  00  00 | 00  00  00  00  00  00  00  00 
-A0-  00  00  00  00  00  00  00  00 | 00  00  00  00  00  00  00  00 
-B0-  00  00  00  00  00  00  00  00 | 00  00  00  00  00  00  00  00 
-C0-  00  00  00  00  00  00  00  00 | 00  00  00  00  00  00  00  00 
-D0-  00  00  00  00  00  00  00  00 | 00  00  00  00  00  00  00  00 
-E0-  00  00  00  00  00  00  00  00 | 00  00  00  00  00  00  00  00 
-F0-  00  00  00  00  00  00  00  00 | 00  00  00  00  00  00  00  00 



BANK F3
------00--01--02--03--04--05--06--07-|-08--09--0A--0B--0C--0D--0E--0F-
----------------------------------------------------------------------
-00-  00  00  00  00  00  00  00  00 | 00  00  00  00  00  00  00  00 
-10-  00  00  00  00  00  00  00  00 | 00  00  00  00  00  00  00  00 
-20-  00  00  00  00  00  00  00  00 | 00  00  00  00  00  00  00  00 
-30-  00  00  00  00  00  00  00  00 | 00  00  00  00  00  00  00  00 
-40-  00  00  00  00  00  00  00  00 | 00  00  00  00  00  00  00  00 
-50-  00  00  00  00  00  00  00  00 | 00  00  00  00  00  00  00  00 
-60-  00  00  00  00  00  00  00  00 | 00  00  00  00  00  00  00  00 
-70-  00  00  00  00  00  00  00  00 | 00  00  00  00  00  00  00  00 
-80-  00  00  00  00  00  00  00  00 | 00  00  00  00  00  00  00  00 
-90-  00  00  00  00  00  00  00  00 | 00  00  00  00  00  00  00  00 
-A0-  00  00  00  00  00  00  00  00 | 00  00  00  00  00  00  00  00 
-B0-  00  00  00  00  00  00  00  00 | 00  00  00  00  00  00  00  00 
-C0-  00  00  00  00  00  00  00  00 | 00  00  00  00  00  00  00  00 
-D0-  00  00  00  00  00  00  00  00 | 00  00  00  00  00  00  00  00 
-E0-  00  00  00  00  00  00  00  00 | 00  00  00  00  00  00  00  00 
-F0-  00  00  00  00  00  00  00  00 | 00  00  00  00  00  00  00  00 



BANK F4
------00--01--02--03--04--05--06--07-|-08--09--0A--0B--0C--0D--0E--0F-
----------------------------------------------------------------------
-00-  00  00  00  00  00  00  00  00 | 00  00  00  00  00  00  00  00 
-10-  00  00  00  00  00  00  00  00 | 00  00  00  00  00  00  00  00 
-20-  00  00  00  00  00  00  00  00 | 00  00  00  00  00  00  00  00 
-30-  00  00  00  00  00  00  00  00 | 00  00  00  00  00  00  00  00 
-40-  00  00  00  00  00  00  00  00 | 00  00  00  00  00  00  00  00 
-50-  00  00  00  00  00  00  00  00 | 00  00  00  00  00  00  00  00 
-60-  00  00  00  00  00  00  00  00 | 00  00  00  00  00  00  00  00 
-70-  00  00  00  00  00  00  00  00 | 00  00  00  00  00  00  00  00 
-80-  00  00  00  00  00  00  00  00 | 00  00  00  00  00  00  00  00 
-90-  00  00  00  00  00  00  00  00 | 00  00  00  00  00  00  00  00 
-A0-  00  00  00  00  00  00  00  00 | 00  00  00  00  00  00  00  00 
-B0-  00  00  00  00  00  00  00  00 | 00  00  00  00  00  00  00  00 
-C0-  00  00  00  00  00  00  00  00 | 00  00  00  00  00  00  00  00 
-D0-  00  00  00  00  00  00  00  00 | 00  00  00  00  00  00  00  00 
-E0-  00  00  00  00  00  00  00  00 | 00  00  00  00  00  00  00  00 
-F0-  00  00  00  00  00  00  00  00 | 00  00  00  00  00  00  00  00 



BANK F5
------00--01--02--03--04--05--06--07-|-08--09--0A--0B--0C--0D--0E--0F-
----------------------------------------------------------------------
-00-  00  00  00  00  00  00  00  00 | 00  00  00  00  00  00  00  00 
-10-  00  00  00  00  00  00  00  00 | 00  00  00  00  00  00  00  00 
-20-  00  00  00  00  00  00  00  00 | 00  00  00  00  00  00  00  00 
-30-  00  00  00  00  00  00  00  00 | 00  00  00  00  00  00  00  00 
-40-  00  00  00  00  00  00  00  00 | 00  00  00  00  00  00  00  00 
-50-  00  00  00  00  00  00  00  00 | 00  00  00  00  00  00  00  00 
-60-  00  00  00  00  00  00  00  00 | 00  00  00  00  00  00  00  00 
-70-  00  00  00  00  00  00  00  00 | 00  00  00  00  00  00  00  00 
-80-  00  00  00  00  00  00  00  00 | 00  00  00  00  00  00  00  00 
-90-  00  00  00  00  00  00  00  00 | 00  00  00  00  00  00  00  00 
-A0-  00  00  00  00  00  00  00  00 | 00  00  00  00  00  00  00  00 
-B0-  00  00  00  00  00  00  00  00 | 00  00  00  00  00  00  00  00 
-C0-  00  00  00  00  00  00  00  00 | 00  00  00  00  00  00  00  00 
-D0-  00  00  00  00  00  00  00  00 | 00  00  00  00  00  00  00  00 
-E0-  00  00  00  00  00  00  00  00 | 00  00  00  00  00  00  00  00 
-F0-  00  00  00  00  00  00  00  00 | 00  00  00  00  00  00  00  00 



BANK F6
------00--01--02--03--04--05--06--07-|-08--09--0A--0B--0C--0D--0E--0F-
----------------------------------------------------------------------
-00-  00  00  00  00  00  00  00  00 | 00  00  00  00  00  00  00  00 
-10-  00  00  00  00  00  00  00  00 | 00  00  00  00  00  00  00  00 
-20-  00  00  00  00  00  00  00  00 | 00  00  00  00  00  00  00  00 
-30-  00  00  00  00  00  00  00  00 | 00  00  00  00  00  00  00  00 
-40-  00  00  00  00  00  00  00  00 | 00  00  00  00  00  00  00  00 
-50-  00  00  00  00  00  00  00  00 | 00  00  00  00  00  00  00  00 
-60-  00  00  00  00  00  00  00  00 | 00  00  00  00  00  00  00  00 
-70-  00  00  00  00  00  00  00  00 | 00  00  00  00  00  00  00  00 
-80-  00  00  00  00  00  00  00  00 | 00  00  00  00  00  00  00  00 
-90-  00  00  00  00  00  00  00  00 | 00  00  00  00  00  00  00  00 
-A0-  00  00  00  00  00  00  00  00 | 00  00  00  00  00  00  00  00 
-B0-  00  00  00  00  00  00  00  00 | 00  00  00  00  00  00  00  00 
-C0-  00  00  00  00  00  00  00  00 | 00  00  00  00  00  00  00  00 
-D0-  00  00  00  00  00  00  00  00 | 00  00  00  00  00  00  00  00 
-E0-  00  00  00  00  00  00  00  00 | 00  00  00  00  00  00  00  00 
-F0-  00  00  00  00  00  00  00  00 | 00  00  00  00  00  00  00  00 



BANK F7
------00--01--02--03--04--05--06--07-|-08--09--0A--0B--0C--0D--0E--0F-
----------------------------------------------------------------------
-00-  00  00  00  00  00  00  00  00 | 00  00  00  00  00  00  00  00 
-10-  00  00  00  00  00  00  00  00 | 00  00  00  00  00  00  00  00 
-20-  00  00  00  00  00  00  00  00 | 00  00  00  00  00  00  00  00 
-30-  00  00  00  00  00  00  00  00 | 00  00  00  00  00  00  00  00 
-40-  00  00  00  00  00  00  00  00 | 00  00  00  00  00  00  00  00 
-50-  00  00  00  00  00  00  00  00 | 00  00  00  00  00  00  00  00 
-60-  00  00  00  00  00  00  00  00 | 00  00  00  00  00  00  00  00 
-70-  00  00  00  00  00  00  00  00 | 00  00  00  00  00  00  00  00 
-80-  00  00  00  00  00  00  00  00 | 00  00  00  00  00  00  00  00 
-90-  00  00  00  00  00  00  00  00 | 00  00  00  00  00  00  00  00 
-A0-  00  00  00  00  00  00  00  00 | 00  00  00  00  00  00  00  00 
-B0-  00  00  00  00  00  00  00  00 | 00  00  00  00  00  00  00  00 
-C0-  00  00  00  00  00  00  00  00 | 00  00  00  00  00  00  00  00 
-D0-  00  00  00  00  00  00  00  00 | 00  00  00  00  00  00  00  00 
-E0-  00  00  00  00  00  00  00  00 | 00  00  00  00  00  00  00  00 
-F0-  00  00  00  00  00  00  00  00 | 00  00  00  00  00  00  00  00 



BANK F8
------00--01--02--03--04--05--06--07-|-08--09--0A--0B--0C--0D--0E--0F-
----------------------------------------------------------------------
-00-  00  00  00  00  00  00  00  00 | 00  00  00  00  00  00  00  00 
-10-  00  00  00  00  00  00  00  00 | 00  00  00  00  00  00  00  00 
-20-  00  00  00  00  00  00  00  00 | 00  00  00  00  00  00  00  00 
-30-  00  00  00  00  00  00  00  00 | 00  00  00  00  00  00  00  00 
-40-  00  00  00  00  00  00  00  00 | 00  00  00  00  00  00  00  00 
-50-  00  00  00  00  00  00  00  00 | 00  00  00  00  00  00  00  00 
-60-  00  00  00  00  00  00  00  00 | 00  00  00  00  00  00  00  00 
-70-  00  00  00  00  00  00  00  00 | 00  00  00  00  00  00  00  00 
-80-  00  00  00  00  00  00  00  00 | 00  00  00  00  00  00  00  00 
-90-  00  00  00  00  00  00  00  00 | 00  00  00  00  00  00  00  00 
-A0-  00  00  00  00  00  00  00  00 | 00  00  00  00  00  00  00  00 
-B0-  00  00  00  00  00  00  00  00 | 00  00  00  00  00  00  00  00 
-C0-  00  00  00  00  00  00  00  00 | 00  00  00  00  00  00  00  00 
-D0-  00  00  00  00  00  00  00  00 | 00  00  00  00  00  00  00  00 
-E0-  00  00  00  00  00  00  00  00 | 00  00  00  00  00  00  00  00 
-F0-  00  00  00  00  00  00  00  00 | 00  00  00  00  00  00  00  00 



BANK F9
------00--01--02--03--04--05--06--07-|-08--09--0A--0B--0C--0D--0E--0F-
----------------------------------------------------------------------
-00-  00  00  00  00  00  00  00  00 | 00  00  00  00  00  00  00  00 
-10-  00  00  00  00  00  00  00  00 | 00  00  00  00  00  00  00  00 
-20-  00  00  00  00  00  00  00  00 | 00  00  00  00  00  00  00  00 
-30-  00  00  00  00  00  00  00  00 | 00  00  00  00  00  00  00  00 
-40-  00  00  00  00  00  00  00  00 | 00  00  00  00  00  00  00  00 
-50-  00  00  00  00  00  00  00  00 | 00  00  00  00  00  00  00  00 
-60-  00  00  00  00  00  00  00  00 | 00  00  00  00  00  00  00  00 
-70-  00  00  00  00  00  00  00  00 | 00  00  00  00  00  00  00  00 
-80-  00  00  00  00  00  00  00  00 | 00  00  00  00  00  00  00  00 
-90-  00  00  00  00  00  00  00  00 | 00  00  00  00  00  00  00  00 
-A0-  00  00  00  00  00  00  00  00 | 00  00  00  00  00  00  00  00 
-B0-  00  00  00  00  00  00  00  00 | 00  00  00  00  00  00  00  00 
-C0-  00  00  00  00  00  00  00  00 | 00  00  00  00  00  00  00  00 
-D0-  00  00  00  00  00  00  00  00 | 00  00  00  00  00  00  00  00 
-E0-  00  00  00  00  00  00  00  00 | 00  00  00  00  00  00  00  00 
-F0-  00  00  00  00  00  00  00  00 | 00  00  00  00  00  00  00  00 



BANK FA
------00--01--02--03--04--05--06--07-|-08--09--0A--0B--0C--0D--0E--0F-
----------------------------------------------------------------------
-00-  00  00  00  00  00  00  00  00 | 00  00  00  00  00  00  00  00 
-10-  00  00  00  00  00  00  00  00 | 00  00  00  00  00  00  00  00 
-20-  00  00  00  00  00  00  00  00 | 00  00  00  00  00  00  00  00 
-30-  00  00  00  00  00  00  00  00 | 00  00  00  00  00  00  00  00 
-40-  00  00  00  00  00  00  00  00 | 00  00  00  00  00  00  00  00 
-50-  00  00  00  00  00  00  00  00 | 00  00  00  00  00  00  00  00 
-60-  00  00  00  00  00  00  00  00 | 00  00  00  00  00  00  00  00 
-70-  00  00  00  00  00  00  00  00 | 00  00  00  00  00  00  00  00 
-80-  00  00  00  00  00  00  00  00 | 00  00  00  00  00  00  00  00 
-90-  00  00  00  00  00  00  00  00 | 00  00  00  00  00  00  00  00 
-A0-  00  00  00  00  00  00  00  00 | 00  00  00  00  00  00  00  00 
-B0-  00  00  00  00  00  00  00  00 | 00  00  00  00  00  00  00  00 
-C0-  00  00  00  00  00  00  00  00 | 00  00  00  00  00  00  00  00 
-D0-  00  00  00  00  00  00  00  00 | 00  00  00  00  00  00  00  00 
-E0-  00  00  00  00  00  00  00  00 | 00  00  00  00  00  00  00  00 
-F0-  00  00  00  00  00  00  00  00 | 00  00  00  00  00  00  00  00 



BANK FB
------00--01--02--03--04--05--06--07-|-08--09--0A--0B--0C--0D--0E--0F-
----------------------------------------------------------------------
-00-  00  00  00  00  00  00  00  00 | 00  00  00  00  00  00  00  00 
-10-  00  00  00  00  00  00  00  00 | 00  00  00  00  00  00  00  00 
-20-  00  00  00  00  00  00  00  00 | 00  00  00  00  00  00  00  00 
-30-  00  00  00  00  00  00  00  00 | 00  00  00  00  00  00  00  00 
-40-  00  00  00  00  00  00  00  00 | 00  00  00  00  00  00  00  00 
-50-  00  00  00  00  00  00  00  00 | 00  00  00  00  00  00  00  00 
-60-  00  00  00  00  00  00  00  00 | 00  00  00  00  00  00  00  00 
-70-  00  00  00  00  00  00  00  00 | 00  00  00  00  00  00  00  00 
-80-  00  00  00  00  00  00  00  00 | 00  00  00  00  00  00  00  00 
-90-  00  00  00  00  00  00  00  00 | 00  00  00  00  00  00  00  00 
-A0-  00  00  00  00  00  00  00  00 | 00  00  00  00  00  00  00  00 
-B0-  00  00  00  00  00  00  00  00 | 00  00  00  00  00  00  00  00 
-C0-  00  00  00  00  00  00  00  00 | 00  00  00  00  00  00  00  00 
-D0-  00  00  00  00  00  00  00  00 | 00  00  00  00  00  00  00  00 
-E0-  00  00  00  00  00  00  00  00 | 00  00  00  00  00  00  00  00 
-F0-  00  00  00  00  00  00  00  00 | 00  00  00  00  00  00  00  00 



BANK FC
------00--01--02--03--04--05--06--07-|-08--09--0A--0B--0C--0D--0E--0F-
----------------------------------------------------------------------
-00-  00  00  00  00  00  00  00  00 | 00  00  00  00  00  00  00  00 
-10-  00  00  00  00  00  00  00  00 | 00  00  00  00  00  00  00  00 
-20-  00  00  00  00  00  00  00  00 | 00  00  00  00  00  00  00  00 
-30-  00  00  00  00  00  00  00  00 | 00  00  00  00  00  00  00  00 
-40-  00  00  00  00  00  00  00  00 | 00  00  00  00  00  00  00  00 
-50-  00  00  00  00  00  00  00  00 | 00  00  00  00  00  00  00  00 
-60-  00  00  00  00  00  00  00  00 | 00  00  00  00  00  00  00  00 
-70-  00  00  00  00  00  00  00  00 | 00  00  00  00  00  00  00  00 
-80-  00  00  00  00  00  00  00  00 | 00  00  00  00  00  00  00  00 
-90-  00  00  00  00  00  00  00  00 | 00  00  00  00  00  00  00  00 
-A0-  00  00  00  00  00  00  00  00 | 00  00  00  00  00  00  00  00 
-B0-  00  00  00  00  00  00  00  00 | 00  00  00  00  00  00  00  00 
-C0-  00  00  00  00  00  00  00  00 | 00  00  00  00  00  00  00  00 
-D0-  00  00  00  00  00  00  00  00 | 00  00  00  00  00  00  00  00 
-E0-  00  00  00  00  00  00  00  00 | 00  00  00  00  00  00  00  00 
-F0-  00  00  00  00  00  00  00  00 | 00  00  00  00  00  00  00  00 



BANK FD
------00--01--02--03--04--05--06--07-|-08--09--0A--0B--0C--0D--0E--0F-
----------------------------------------------------------------------
-00-  00  00  00  00  00  00  00  00 | 00  00  00  00  00  00  00  00 
-10-  00  00  00  00  00  00  00  00 | 00  00  00  00  00  00  00  00 
-20-  00  00  00  00  00  00  00  00 | 00  00  00  00  00  00  00  00 
-30-  00  00  00  00  00  00  00  00 | 00  00  00  00  00  00  00  00 
-40-  00  00  00  00  00  00  00  00 | 00  00  00  00  00  00  00  00 
-50-  00  00  00  00  00  00  00  00 | 00  00  00  00  00  00  00  00 
-60-  00  00  00  00  00  00  00  00 | 00  00  00  00  00  00  00  00 
-70-  00  00  00  00  00  00  00  00 | 00  00  00  00  00  00  00  00 
-80-  00  00  00  00  00  00  00  00 | 00  00  00  00  00  00  00  00 
-90-  00  00  00  00  00  00  00  00 | 00  00  00  00  00  00  00  00 
-A0-  00  00  00  00  00  00  00  00 | 00  00  00  00  00  00  00  00 
-B0-  00  00  00  00  00  00  00  00 | 00  00  00  00  00  00  00  00 
-C0-  00  00  00  00  00  00  00  00 | 00  00  00  00  00  00  00  00 
-D0-  00  00  00  00  00  00  00  00 | 00  00  00  00  00  00  00  00 
-E0-  00  00  00  00  00  00  00  00 | 00  00  00  00  00  00  00  00 
-F0-  00  00  00  00  00  00  00  00 | 00  00  00  00  00  00  00  00 



BANK FE
------00--01--02--03--04--05--06--07-|-08--09--0A--0B--0C--0D--0E--0F-
----------------------------------------------------------------------
-00-  00  00  00  00  00  00  00  00 | 00  00  00  00  00  00  00  00 
-10-  00  00  00  00  00  00  00  00 | 00  00  00  00  00  00  00  00 
-20-  00  00  00  00  00  00  00  00 | 00  00  00  00  00  00  00  00 
-30-  00  00  00  00  00  00  00  00 | 00  00  00  00  00  00  00  00 
-40-  00  00  00  00  00  00  00  00 | 00  00  00  00  00  00  00  00 
-50-  00  00  00  00  00  00  00  00 | 00  00  00  00  00  00  00  00 
-60-  00  00  00  00  00  00  00  00 | 00  00  00  00  00  00  00  00 
-70-  00  00  00  00  00  00  00  00 | 00  00  00  00  00  00  00  00 
-80-  00  00  00  00  00  00  00  00 | 00  00  00  00  00  00  00  00 
-90-  00  00  00  00  00  00  00  00 | 00  00  00  00  00  00  00  00 
-A0-  00  00  00  00  00  00  00  00 | 00  00  00  00  00  00  00  00 
-B0-  00  00  00  00  00  00  00  00 | 00  00  00  00  00  00  00  00 
-C0-  00  00  00  00  00  00  00  00 | 00  00  00  00  00  00  00  00 
-D0-  00  00  00  00  00  00  00  00 | 00  00  00  00  00  00  00  00 
-E0-  00  00  00  00  00  00  00  00 | 00  00  00  00  00  00  00  00 
-F0-  00  00  00  00  00  00  00  00 | 00  00  00  00  00  00  00  00 



BANK FF
------00--01--02--03--04--05--06--07-|-08--09--0A--0B--0C--0D--0E--0F-
----------------------------------------------------------------------
-00-  00  00  00  00  00  00  00  00 | 00  00  00  00  00  00  00  00 
-10-  00  00  00  00  00  00  00  00 | 00  00  00  00  00  00  00  00 
-20-  00  00  00  00  00  00  00  00 | 00  00  00  00  00  00  00  00 
-30-  00  00  00  00  00  00  00  00 | 00  00  00  00  00  00  00  00 
-40-  00  00  00  00  00  00  00  00 | 00  00  00  00  00  00  00  00 
-50-  00  00  00  00  00  00  00  00 | 00  00  00  00  00  00  00  00 
-60-  00  00  00  00  00  00  00  00 | 00  00  00  00  00  00  00  00 
-70-  00  00  00  00  00  00  00  00 | 00  00  00  00  00  00  00  00 
-80-  00  00  00  00  00  00  00  00 | 00  00  00  00  00  00  00  00 
-90-  00  00  00  00  00  00  00  00 | 00  00  00  00  00  00  00  00 
-A0-  00  00  00  00  00  00  00  00 | 00  00  00  00  00  00  00  00 
-B0-  00  00  00  00  00  00  00  00 | 00  00  00  00  00  00  00  00 
-C0-  00  00  00  00  00  00  00  00 | 00  00  00  00  00  00  00  00 
-D0-  00  00  00  00  00  00  00  00 | 00  00  00  00  00  00  00  00 
-E0-  00  00  00  00  00  00  00  00 | 00  00  00  00  00  00  00  00 
-F0-  00  00  00  00  00  00  00  00 | 00  00  00  00  00  00  00  00 



BANK 100
------00--01--02--03--04--05--06--07-|-08--09--0A--0B--0C--0D--0E--0F-
----------------------------------------------------------------------
-00-  00  00  00  00  00  00  00  00 | 00  00  00  00  00  00  00  00 
-10-  00  00  00  00  00  00  00  00 | 00  00  00  00  00  00  00  00 
-20-  00  00  00  00  00  00  00  00 | 00  00  00  00  00  00  00  00 
-30-  00  00  00  00  00  00  00  00 | 00  00  00  00  00  00  00  00 
-40-  00  00  00  00  00  00  00  00 | 00  00  00  00  00  00  00  00 
-50-  00  00  00  00  00  00  00  00 | 00  00  00  00  00  00  00  00 
-60-  00  00  00  00  00  00  00  00 | 00  00  00  00  00  00  00  00 
-70-  00  00  00  00  00  00  00  00 | 00  00  00  00  00  00  00  00 
-80-  00  00  00  00  00  00  00  00 | 00  00  00  00  00  00  00  00 
-90-  00  00  00  00  00  00  00  00 | 00  00  00  00  00  00  00  00 
-A0-  00  00  00  00  00  00  00  00 | 00  00  00  00  00  00  00  00 
-B0-  00  00  00  00  00  00  00  00 | 00  00  00  00  00  00  00  00 
-C0-  00  00  00  00  00  00  00  00 | 00  00  00  00  00  00  00  00 
-D0-  00  00  00  00  00  00  00  00 | 00  00  00  00  00  00  00  00 
-E0-  00  00  00  00  00  00  00  00 | 00  00  00  00  00  00  00  00 
-F0-  00  00  00  00  00  00  00  00 | 00  00  00  00  00  00  00  00 



BANK 101
------00--01--02--03--04--05--06--07-|-08--09--0A--0B--0C--0D--0E--0F-
----------------------------------------------------------------------
-00-  00  00  00  00  00  00  00  00 | 00  00  00  00  00  00  00  00 
-10-  00  00  00  00  00  00  00  00 | 00  00  00  00  00  00  00  00 
-20-  00  00  00  00  00  00  00  00 | 00  00  00  00  00  00  00  00 
-30-  00  00  00  00  00  00  00  00 | 00  00  00  00  00  00  00  00 
-40-  00  00  00  00  00  00  00  00 | 00  00  00  00  00  00  00  00 
-50-  00  00  00  00  00  00  00  00 | 00  00  00  00  00  00  00  00 
-60-  00  00  00  00  00  00  00  00 | 00  00  00  00  00  00  00  00 
-70-  00  00  00  00  00  00  00  00 | 00  00  00  00  00  00  00  00 
-80-  00  00  00  00  00  00  00  00 | 00  00  00  00  00  00  00  00 
-90-  00  00  00  00  00  00  00  00 | 00  00  00  00  00  00  00  00 
-A0-  00  00  00  00  00  00  00  00 | 00  00  00  00  00  00  00  00 
-B0-  00  00  00  00  00  00  00  00 | 00  00  00  00  00  00  00  00 
-C0-  00  00  00  00  00  00  00  00 | 00  00  00  00  00  00  00  00 
-D0-  00  00  00  00  00  00  00  00 | 00  00  00  00  00  00  00  00 
-E0-  00  00  00  00  00  00  00  00 | 00  00  00  00  00  00  00  00 
-F0-  00  00  00  00  00  00  00  00 | 00  00  00  00  00  00  00  00 



BANK 102
------00--01--02--03--04--05--06--07-|-08--09--0A--0B--0C--0D--0E--0F-
----------------------------------------------------------------------
-00-  00  00  00  00  00  00  00  00 | 00  00  00  00  00  00  00  00 
-10-  00  00  00  00  00  00  00  00 | 00  00  00  00  00  00  00  00 
-20-  00  00  00  00  00  00  00  00 | 00  00  00  00  00  00  00  00 
-30-  00  00  00  00  00  00  00  00 | 00  00  00  00  00  00  00  00 
-40-  00  00  00  00  00  00  00  00 | 00  00  00  00  00  00  00  00 
-50-  00  00  00  00  00  00  00  00 | 00  00  00  00  00  00  00  00 
-60-  00  00  00  00  00  00  00  00 | 00  00  00  00  00  00  00  00 
-70-  00  00  00  00  00  00  00  00 | 00  00  00  00  00  00  00  00 
-80-  00  00  00  00  00  00  00  00 | 00  00  00  00  00  00  00  00 
-90-  00  00  00  00  00  00  00  00 | 00  00  00  00  00  00  00  00 
-A0-  00  00  00  00  00  00  00  00 | 00  00  00  00  00  00  00  00 
-B0-  00  00  00  00  00  00  00  00 | 00  00  00  00  00  00  00  00 
-C0-  00  00  00  00  00  00  00  00 | 00  00  00  00  00  00  00  00 
-D0-  00  00  00  00  00  00  00  00 | 00  00  00  00  00  00  00  00 
-E0-  00  00  00  00  00  00  00  00 | 00  00  00  00  00  00  00  00 
-F0-  00  00  00  00  00  00  00  00 | 00  00  00  00  00  00  00  00 



BANK 103
------00--01--02--03--04--05--06--07-|-08--09--0A--0B--0C--0D--0E--0F-
----------------------------------------------------------------------
-00-  00  00  00  00  00  00  00  00 | 00  00  00  00  00  00  00  00 
-10-  00  00  00  00  00  00  00  00 | 00  00  00  00  00  00  00  00 
-20-  00  00  00  00  00  00  00  00 | 00  00  00  00  00  00  00  00 
-30-  00  00  00  00  00  00  00  00 | 00  00  00  00  00  00  00  00 
-40-  00  00  00  00  00  00  00  00 | 00  00  00  00  00  00  00  00 
-50-  00  00  00  00  00  00  00  00 | 00  00  00  00  00  00  00  00 
-60-  00  00  00  00  00  00  00  00 | 00  00  00  00  00  00  00  00 
-70-  00  00  00  00  00  00  00  00 | 00  00  00  00  00  00  00  00 
-80-  00  00  00  00  00  00  00  00 | 00  00  00  00  00  00  00  00 
-90-  00  00  00  00  00  00  00  00 | 00  00  00  00  00  00  00  00 
-A0-  00  00  00  00  00  00  00  00 | 00  00  00  00  00  00  00  00 
-B0-  00  00  00  00  00  00  00  00 | 00  00  00  00  00  00  00  00 
-C0-  00  00  00  00  00  00  00  00 | 00  00  00  00  00  00  00  00 
-D0-  00  00  00  00  00  00  00  00 | 00  00  00  00  00  00  00  00 
-E0-  00  00  00  00  00  00  00  00 | 00  00  00  00  00  00  00  00 
-F0-  00  00  00  00  00  00  00  00 | 00  00  00  00  00  00  00  00 



BANK 104
------00--01--02--03--04--05--06--07-|-08--09--0A--0B--0C--0D--0E--0F-
----------------------------------------------------------------------
-00-  00  00  00  00  00  00  00  00 | 00  00  00  00  00  00  00  00 
-10-  00  00  00  00  00  00  00  00 | 00  00  00  00  00  00  00  00 
-20-  00  00  00  00  00  00  00  00 | 00  00  00  00  00  00  00  00 
-30-  00  00  00  00  00  00  00  00 | 00  00  00  00  00  00  00  00 
-40-  00  00  00  00  00  00  00  00 | 00  00  00  00  00  00  00  00 
-50-  00  00  00  00  00  00  00  00 | 00  00  00  00  00  00  00  00 
-60-  00  00  00  00  00  00  00  00 | 00  00  00  00  00  00  00  00 
-70-  00  00  00  00  00  00  00  00 | 00  00  00  00  00  00  00  00 
-80-  00  00  00  00  00  00  00  00 | 00  00  00  00  00  00  00  00 
-90-  00  00  00  00  00  00  00  00 | 00  00  00  00  00  00  00  00 
-A0-  00  00  00  00  00  00  00  00 | 00  00  00  00  00  00  00  00 
-B0-  00  00  00  00  00  00  00  00 | 00  00  00  00  00  00  00  00 
-C0-  00  00  00  00  00  00  00  00 | 00  00  00  00  00  00  00  00 
-D0-  00  00  00  00  00  00  00  00 | 00  00  00  00  00  00  00  00 
-E0-  00  00  00  00  00  00  00  00 | 00  00  00  00  00  00  00  00 
-F0-  00  00  00  00  00  00  00  00 | 00  00  00  00  00  00  00  00 



BANK 105
------00--01--02--03--04--05--06--07-|-08--09--0A--0B--0C--0D--0E--0F-
----------------------------------------------------------------------
-00-  00  00  00  00  00  00  00  00 | 00  00  00  00  00  00  00  00 
-10-  00  00  00  00  00  00  00  00 | 00  00  00  00  00  00  00  00 
-20-  00  00  00  00  00  00  00  00 | 00  00  00  00  00  00  00  00 
-30-  00  00  00  00  00  00  00  00 | 00  00  00  00  00  00  00  00 
-40-  00  00  00  00  00  00  00  00 | 00  00  00  00  00  00  00  00 
-50-  00  00  00  00  00  00  00  00 | 00  00  00  00  00  00  00  00 
-60-  00  00  00  00  00  00  00  00 | 00  00  00  00  00  00  00  00 
-70-  00  00  00  00  00  00  00  00 | 00  00  00  00  00  00  00  00 
-80-  00  00  00  00  00  00  00  00 | 00  00  00  00  00  00  00  00 
-90-  00  00  00  00  00  00  00  00 | 00  00  00  00  00  00  00  00 
-A0-  00  00  00  00  00  00  00  00 | 00  00  00  00  00  00  00  00 
-B0-  00  00  00  00  00  00  00  00 | 00  00  00  00  00  00  00  00 
-C0-  00  00  00  00  00  00  00  00 | 00  00  00  00  00  00  00  00 
-D0-  00  00  00  00  00  00  00  00 | 00  00  00  00  00  00  00  00 
-E0-  00  00  00  00  00  00  00  00 | 00  00  00  00  00  00  00  00 
-F0-  00  00  00  00  00  00  00  00 | 00  00  00  00  00  00  00  00 



BANK 106
------00--01--02--03--04--05--06--07-|-08--09--0A--0B--0C--0D--0E--0F-
----------------------------------------------------------------------
-00-  00  00  00  00  00  00  00  00 | 00  00  00  00  00  00  00  00 
-10-  00  00  00  00  00  00  00  00 | 00  00  00  00  00  00  00  00 
-20-  00  00  00  00  00  00  00  00 | 00  00  00  00  00  00  00  00 
-30-  00  00  00  00  00  00  00  00 | 00  00  00  00  00  00  00  00 
-40-  00  00  00  00  00  00  00  00 | 00  00  00  00  00  00  00  00 
-50-  00  00  00  00  00  00  00  00 | 00  00  00  00  00  00  00  00 
-60-  00  00  00  00  00  00  00  00 | 00  00  00  00  00  00  00  00 
-70-  00  00  00  00  00  00  00  00 | 00  00  00  00  00  00  00  00 
-80-  00  00  00  00  00  00  00  00 | 00  00  00  00  00  00  00  00 
-90-  00  00  00  00  00  00  00  00 | 00  00  00  00  00  00  00  00 
-A0-  00  00  00  00  00  00  00  00 | 00  00  00  00  00  00  00  00 
-B0-  00  00  00  00  00  00  00  00 | 00  00  00  00  00  00  00  00 
-C0-  00  00  00  00  00  00  00  00 | 00  00  00  00  00  00  00  00 
-D0-  00  00  00  00  00  00  00  00 | 00  00  00  00  00  00  00  00 
-E0-  00  00  00  00  00  00  00  00 | 00  00  00  00  00  00  00  00 
-F0-  00  00  00  00  00  00  00  00 | 00  00  00  00  00  00  00  00 



BANK 107
------00--01--02--03--04--05--06--07-|-08--09--0A--0B--0C--0D--0E--0F-
----------------------------------------------------------------------
-00-  00  00  00  00  00  00  00  00 | 00  00  00  00  00  00  00  00 
-10-  00  00  00  00  00  00  00  00 | 00  00  00  00  00  00  00  00 
-20-  00  00  00  00  00  00  00  00 | 00  00  00  00  00  00  00  00 
-30-  00  00  00  00  00  00  00  00 | 00  00  00  00  00  00  00  00 
-40-  00  00  00  00  00  00  00  00 | 00  00  00  00  00  00  00  00 
-50-  00  00  00  00  00  00  00  00 | 00  00  00  00  00  00  00  00 
-60-  00  00  00  00  00  00  00  00 | 00  00  00  00  00  00  00  00 
-70-  00  00  00  00  00  00  00  00 | 00  00  00  00  00  00  00  00 
-80-  00  00  00  00  00  00  00  00 | 00  00  00  00  00  00  00  00 
-90-  00  00  00  00  00  00  00  00 | 00  00  00  00  00  00  00  00 
-A0-  00  00  00  00  00  00  00  00 | 00  00  00  00  00  00  00  00 
-B0-  00  00  00  00  00  00  00  00 | 00  00  00  00  00  00  00  00 
-C0-  00  00  00  00  00  00  00  00 | 00  00  00  00  00  00  00  00 
-D0-  00  00  00  00  00  00  00  00 | 00  00  00  00  00  00  00  00 
-E0-  00  00  00  00  00  00  00  00 | 00  00  00  00  00  00  00  00 
-F0-  00  00  00  00  00  00  00  00 | 00  00  00  00  00  00  00  00 



BANK 108
------00--01--02--03--04--05--06--07-|-08--09--0A--0B--0C--0D--0E--0F-
----------------------------------------------------------------------
-00-  00  00  00  00  00  00  00  00 | 00  00  00  00  00  00  00  00 
-10-  00  00  00  00  00  00  00  00 | 00  00  00  00  00  00  00  00 
-20-  00  00  00  00  00  00  00  00 | 00  00  00  00  00  00  00  00 
-30-  00  00  00  00  00  00  00  00 | 00  00  00  00  00  00  00  00 
-40-  00  00  00  00  00  00  00  00 | 00  00  00  00  00  00  00  00 
-50-  00  00  00  00  00  00  00  00 | 00  00  00  00  00  00  00  00 
-60-  00  00  00  00  00  00  00  00 | 00  00  00  00  00  00  00  00 
-70-  00  00  00  00  00  00  00  00 | 00  00  00  00  00  00  00  00 
-80-  00  00  00  00  00  00  00  00 | 00  00  00  00  00  00  00  00 
-90-  00  00  00  00  00  00  00  00 | 00  00  00  00  00  00  00  00 
-A0-  00  00  00  00  00  00  00  00 | 00  00  00  00  00  00  00  00 
-B0-  00  00  00  00  00  00  00  00 | 00  00  00  00  00  00  00  00 
-C0-  00  00  00  00  00  00  00  00 | 00  00  00  00  00  00  00  00 
-D0-  00  00  00  00  00  00  00  00 | 00  00  00  00  00  00  00  00 
-E0-  00  00  00  00  00  00  00  00 | 00  00  00  00  00  00  00  00 
-F0-  00  00  00  00  00  00  00  00 | 00  00  00  00  00  00  00  00 



BANK 109
------00--01--02--03--04--05--06--07-|-08--09--0A--0B--0C--0D--0E--0F-
----------------------------------------------------------------------
-00-  00  00  00  00  00  00  00  00 | 00  00  00  00  00  00  00  00 
-10-  00  00  00  00  00  00  00  00 | 00  00  00  00  00  00  00  00 
-20-  00  00  00  00  00  00  00  00 | 00  00  00  00  00  00  00  00 
-30-  00  00  00  00  00  00  00  00 | 00  00  00  00  00  00  00  00 
-40-  00  00  00  00  00  00  00  00 | 00  00  00  00  00  00  00  00 
-50-  00  00  00  00  00  00  00  00 | 00  00  00  00  00  00  00  00 
-60-  00  00  00  00  00  00  00  00 | 00  00  00  00  00  00  00  00 
-70-  00  00  00  00  00  00  00  00 | 00  00  00  00  00  00  00  00 
-80-  00  00  00  00  00  00  00  00 | 00  00  00  00  00  00  00  00 
-90-  00  00  00  00  00  00  00  00 | 00  00  00  00  00  00  00  00 
-A0-  00  00  00  00  00  00  00  00 | 00  00  00  00  00  00  00  00 
-B0-  00  00  00  00  00  00  00  00 | 00  00  00  00  00  00  00  00 
-C0-  00  00  00  00  00  00  00  00 | 00  00  00  00  00  00  00  00 
-D0-  00  00  00  00  00  00  00  00 | 00  00  00  00  00  00  00  00 
-E0-  00  00  00  00  00  00  00  00 | 00  00  00  00  00  00  00  00 
-F0-  00  00  00  00  00  00  00  00 | 00  00  00  00  00  00  00  00 



BANK 10A
------00--01--02--03--04--05--06--07-|-08--09--0A--0B--0C--0D--0E--0F-
----------------------------------------------------------------------
-00-  00  00  00  00  00  00  00  00 | 00  00  00  00  00  00  00  00 
-10-  00  00  00  00  00  00  00  00 | 00  00  00  00  00  00  00  00 
-20-  00  00  00  00  00  00  00  00 | 00  00  00  00  00  00  00  00 
-30-  00  00  00  00  00  00  00  00 | 00  00  00  00  00  00  00  00 
-40-  00  00  00  00  00  00  00  00 | 00  00  00  00  00  00  00  00 
-50-  00  00  00  00  00  00  00  00 | 00  00  00  00  00  00  00  00 
-60-  00  00  00  00  00  00  00  00 | 00  00  00  00  00  00  00  00 
-70-  00  00  00  00  00  00  00  00 | 00  00  00  00  00  00  00  00 
-80-  00  00  00  00  00  00  00  00 | 00  00  00  00  00  00  00  00 
-90-  00  00  00  00  00  00  00  00 | 00  00  00  00  00  00  00  00 
-A0-  00  00  00  00  00  00  00  00 | 00  00  00  00  00  00  00  00 
-B0-  00  00  00  00  00  00  00  00 | 00  00  00  00  00  00  00  00 
-C0-  00  00  00  00  00  00  00  00 | 00  00  00  00  00  00  00  00 
-D0-  00  00  00  00  00  00  00  00 | 00  00  00  00  00  00  00  00 
-E0-  00  00  00  00  00  00  00  00 | 00  00  00  00  00  00  00  00 
-F0-  00  00  00  00  00  00  00  00 | 00  00  00  00  00  00  00  00 



BANK 10B
------00--01--02--03--04--05--06--07-|-08--09--0A--0B--0C--0D--0E--0F-
----------------------------------------------------------------------
-00-  00  00  00  00  00  00  00  00 | 00  00  00  00  00  00  00  00 
-10-  00  00  00  00  00  00  00  00 | 00  00  00  00  00  00  00  00 
-20-  00  00  00  00  00  00  00  00 | 00  00  00  00  00  00  00  00 
-30-  00  00  00  00  00  00  00  00 | 00  00  00  00  00  00  00  00 
-40-  00  00  00  00  00  00  00  00 | 00  00  00  00  00  00  00  00 
-50-  00  00  00  00  00  00  00  00 | 00  00  00  00  00  00  00  00 
-60-  00  00  00  00  00  00  00  00 | 00  00  00  00  00  00  00  00 
-70-  00  00  00  00  00  00  00  00 | 00  00  00  00  00  00  00  00 
-80-  00  00  00  00  00  00  00  00 | 00  00  00  00  00  00  00  00 
-90-  00  00  00  00  00  00  00  00 | 00  00  00  00  00  00  00  00 
-A0-  00  00  00  00  00  00  00  00 | 00  00  00  00  00  00  00  00 
-B0-  00  00  00  00  00  00  00  00 | 00  00  00  00  00  00  00  00 
-C0-  00  00  00  00  00  00  00  00 | 00  00  00  00  00  00  00  00 
-D0-  00  00  00  00  00  00  00  00 | 00  00  00  00  00  00  00  00 
-E0-  00  00  00  00  00  00  00  00 | 00  00  00  00  00  00  00  00 
-F0-  00  00  00  00  00  00  00  00 | 00  00  00  00  00  00  00  00 



BANK 10C
------00--01--02--03--04--05--06--07-|-08--09--0A--0B--0C--0D--0E--0F-
----------------------------------------------------------------------
-00-  00  00  00  00  00  00  00  00 | 00  00  00  00  00  00  00  00 
-10-  00  00  00  00  00  00  00  00 | 00  00  00  00  00  00  00  00 
-20-  00  00  00  00  00  00  00  00 | 00  00  00  00  00  00  00  00 
-30-  00  00  00  00  00  00  00  00 | 00  00  00  00  00  00  00  00 
-40-  00  00  00  00  00  00  00  00 | 00  00  00  00  00  00  00  00 
-50-  00  00  00  00  00  00  00  00 | 00  00  00  00  00  00  00  00 
-60-  00  00  00  00  00  00  00  00 | 00  00  00  00  00  00  00  00 
-70-  00  00  00  00  00  00  00  00 | 00  00  00  00  00  00  00  00 
-80-  00  00  00  00  00  00  00  00 | 00  00  00  00  00  00  00  00 
-90-  00  00  00  00  00  00  00  00 | 00  00  00  00  00  00  00  00 
-A0-  00  00  00  00  00  00  00  00 | 00  00  00  00  00  00  00  00 
-B0-  00  00  00  00  00  00  00  00 | 00  00  00  00  00  00  00  00 
-C0-  00  00  00  00  00  00  00  00 | 00  00  00  00  00  00  00  00 
-D0-  00  00  00  00  00  00  00  00 | 00  00  00  00  00  00  00  00 
-E0-  00  00  00  00  00  00  00  00 | 00  00  00  00  00  00  00  00 
-F0-  00  00  00  00  00  00  00  00 | 00  00  00  00  00  00  00  00 



BANK 10D
------00--01--02--03--04--05--06--07-|-08--09--0A--0B--0C--0D--0E--0F-
----------------------------------------------------------------------
-00-  00  00  00  00  00  00  00  00 | 00  00  00  00  00  00  00  00 
-10-  00  00  00  00  00  00  00  00 | 00  00  00  00  00  00  00  00 
-20-  00  00  00  00  00  00  00  00 | 00  00  00  00  00  00  00  00 
-30-  00  00  00  00  00  00  00  00 | 00  00  00  00  00  00  00  00 
-40-  00  00  00  00  00  00  00  00 | 00  00  00  00  00  00  00  00 
-50-  00  00  00  00  00  00  00  00 | 00  00  00  00  00  00  00  00 
-60-  00  00  00  00  00  00  00  00 | 00  00  00  00  00  00  00  00 
-70-  00  00  00  00  00  00  00  00 | 00  00  00  00  00  00  00  00 
-80-  00  00  00  00  00  00  00  00 | 00  00  00  00  00  00  00  00 
-90-  00  00  00  00  00  00  00  00 | 00  00  00  00  00  00  00  00 
-A0-  00  00  00  00  00  00  00  00 | 00  00  00  00  00  00  00  00 
-B0-  00  00  00  00  00  00  00  00 | 00  00  00  00  00  00  00  00 
-C0-  00  00  00  00  00  00  00  00 | 00  00  00  00  00  00  00  00 
-D0-  00  00  00  00  00  00  00  00 | 00  00  00  00  00  00  00  00 
-E0-  00  00  00  00  00  00  00  00 | 00  00  00  00  00  00  00  00 
-F0-  00  00  00  00  00  00  00  00 | 00  00  00  00  00  00  00  00 



BANK 10E
------00--01--02--03--04--05--06--07-|-08--09--0A--0B--0C--0D--0E--0F-
----------------------------------------------------------------------
-00-  00  00  00  00  00  00  00  00 | 00  00  00  00  00  00  00  00 
-10-  00  00  00  00  00  00  00  00 | 00  00  00  00  00  00  00  00 
-20-  00  00  00  00  00  00  00  00 | 00  00  00  00  00  00  00  00 
-30-  00  00  00  00  00  00  00  00 | 00  00  00  00  00  00  00  00 
-40-  00  00  00  00  00  00  00  00 | 00  00  00  00  00  00  00  00 
-50-  00  00  00  00  00  00  00  00 | 00  00  00  00  00  00  00  00 
-60-  00  00  00  00  00  00  00  00 | 00  00  00  00  00  00  00  00 
-70-  00  00  00  00  00  00  00  00 | 00  00  00  00  00  00  00  00 
-80-  00  00  00  00  00  00  00  00 | 00  00  00  00  00  00  00  00 
-90-  00  00  00  00  00  00  00  00 | 00  00  00  00  00  00  00  00 
-A0-  00  00  00  00  00  00  00  00 | 00  00  00  00  00  00  00  00 
-B0-  00  00  00  00  00  00  00  00 | 00  00  00  00  00  00  00  00 
-C0-  00  00  00  00  00  00  00  00 | 00  00  00  00  00  00  00  00 
-D0-  00  00  00  00  00  00  00  00 | 00  00  00  00  00  00  00  00 
-E0-  00  00  00  00  00  00  00  00 | 00  00  00  00  00  00  00  00 
-F0-  00  00  00  00  00  00  00  00 | 00  00  00  00  00  00  00  00 



BANK 10F
------00--01--02--03--04--05--06--07-|-08--09--0A--0B--0C--0D--0E--0F-
----------------------------------------------------------------------
-00-  00  00  00  00  00  00  00  00 | 00  00  00  00  00  00  00  00 
-10-  00  00  00  00  00  00  00  00 | 00  00  00  00  00  00  00  00 
-20-  00  00  00  00  00  00  00  00 | 00  00  00  00  00  00  00  00 
-30-  00  00  00  00  00  00  00  00 | 00  00  00  00  00  00  00  00 
-40-  00  00  00  00  00  00  00  00 | 00  00  00  00  00  00  00  00 
-50-  00  00  00  00  00  00  00  00 | 00  00  00  00  00  00  00  00 
-60-  00  00  00  00  00  00  00  00 | 00  00  00  00  00  00  00  00 
-70-  00  00  00  00  00  00  00  00 | 00  00  00  00  00  00  00  00 
-80-  00  00  00  00  00  00  00  00 | 00  00  00  00  00  00  00  00 
-90-  00  00  00  00  00  00  00  00 | 00  00  00  00  00  00  00  00 
-A0-  00  00  00  00  00  00  00  00 | 00  00  00  00  00  00  00  00 
-B0-  00  00  00  00  00  00  00  00 | 00  00  00  00  00  00  00  00 
-C0-  00  00  00  00  00  00  00  00 | 00  00  00  00  00  00  00  00 
-D0-  00  00  00  00  00  00  00  00 | 00  00  00  00  00  00  00  00 
-E0-  00  00  00  00  00  00  00  00 | 00  00  00  00  00  00  00  00 
-F0-  00  00  00  00  00  00  00  00 | 00  00  00  00  00  00  00  00 



BANK 110
------00--01--02--03--04--05--06--07-|-08--09--0A--0B--0C--0D--0E--0F-
----------------------------------------------------------------------
-00-  00  00  00  00  00  00  00  00 | 00  00  00  00  00  00  00  00 
-10-  00  00  00  00  00  00  00  00 | 00  00  00  00  00  00  00  00 
-20-  00  00  00  00  00  00  00  00 | 00  00  00  00  00  00  00  00 
-30-  00  00  00  00  00  00  00  00 | 00  00  00  00  00  00  00  00 
-40-  00  00  00  00  00  00  00  00 | 00  00  00  00  00  00  00  00 
-50-  00  00  00  00  00  00  00  00 | 00  00  00  00  00  00  00  00 
-60-  00  00  00  00  00  00  00  00 | 00  00  00  00  00  00  00  00 
-70-  00  00  00  00  00  00  00  00 | 00  00  00  00  00  00  00  00 
-80-  00  00  00  00  00  00  00  00 | 00  00  00  00  00  00  00  00 
-90-  00  00  00  00  00  00  00  00 | 00  00  00  00  00  00  00  00 
-A0-  00  00  00  00  00  00  00  00 | 00  00  00  00  00  00  00  00 
-B0-  00  00  00  00  00  00  00  00 | 00  00  00  00  00  00  00  00 
-C0-  00  00  00  00  00  00  00  00 | 00  00  00  00  00  00  00  00 
-D0-  00  00  00  00  00  00  00  00 | 00  00  00  00  00  00  00  00 
-E0-  00  00  00  00  00  00  00  00 | 00  00  00  00  00  00  00  00 
-F0-  00  00  00  00  00  00  00  00 | 00  00  00  00  00  00  00  00 



BANK 111
------00--01--02--03--04--05--06--07-|-08--09--0A--0B--0C--0D--0E--0F-
----------------------------------------------------------------------
-00-  00  00  00  00  00  00  00  00 | 00  00  00  00  00  00  00  00 
-10-  00  00  00  00  00  00  00  00 | 00  00  00  00  00  00  00  00 
-20-  00  00  00  00  00  00  00  00 | 00  00  00  00  00  00  00  00 
-30-  00  00  00  00  00  00  00  00 | 00  00  00  00  00  00  00  00 
-40-  00  00  00  00  00  00  00  00 | 00  00  00  00  00  00  00  00 
-50-  00  00  00  00  00  00  00  00 | 00  00  00  00  00  00  00  00 
-60-  00  00  00  00  00  00  00  00 | 00  00  00  00  00  00  00  00 
-70-  00  00  00  00  00  00  00  00 | 00  00  00  00  00  00  00  00 
-80-  00  00  00  00  00  00  00  00 | 00  00  00  00  00  00  00  00 
-90-  00  00  00  00  00  00  00  00 | 00  00  00  00  00  00  00  00 
-A0-  00  00  00  00  00  00  00  00 | 00  00  00  00  00  00  00  00 
-B0-  00  00  00  00  00  00  00  00 | 00  00  00  00  00  00  00  00 
-C0-  00  00  00  00  00  00  00  00 | 00  00  00  00  00  00  00  00 
-D0-  00  00  00  00  00  00  00  00 | 00  00  00  00  00  00  00  00 
-E0-  00  00  00  00  00  00  00  00 | 00  00  00  00  00  00  00  00 
-F0-  00  00  00  00  00  00  00  00 | 00  00  00  00  00  00  00  00 



BANK 112
------00--01--02--03--04--05--06--07-|-08--09--0A--0B--0C--0D--0E--0F-
----------------------------------------------------------------------
-00-  00  00  00  00  00  00  00  00 | 00  00  00  00  00  00  00  00 
-10-  00  00  00  00  00  00  00  00 | 00  00  00  00  00  00  00  00 
-20-  00  00  00  00  00  00  00  00 | 00  00  00  00  00  00  00  00 
-30-  00  00  00  00  00  00  00  00 | 00  00  00  00  00  00  00  00 
-40-  00  00  00  00  00  00  00  00 | 00  00  00  00  00  00  00  00 
-50-  00  00  00  00  00  00  00  00 | 00  00  00  00  00  00  00  00 
-60-  00  00  00  00  00  00  00  00 | 00  00  00  00  00  00  00  00 
-70-  00  00  00  00  00  00  00  00 | 00  00  00  00  00  00  00  00 
-80-  00  00  00  00  00  00  00  00 | 00  00  00  00  00  00  00  00 
-90-  00  00  00  00  00  00  00  00 | 00  00  00  00  00  00  00  00 
-A0-  00  00  00  00  00  00  00  00 | 00  00  00  00  00  00  00  00 
-B0-  00  00  00  00  00  00  00  00 | 00  00  00  00  00  00  00  00 
-C0-  00  00  00  00  00  00  00  00 | 00  00  00  00  00  00  00  00 
-D0-  00  00  00  00  00  00  00  00 | 00  00  00  00  00  00  00  00 
-E0-  00  00  00  00  00  00  00  00 | 00  00  00  00  00  00  00  00 
-F0-  00  00  00  00  00  00  00  00 | 00  00  00  00  00  00  00  00 



BANK 113
------00--01--02--03--04--05--06--07-|-08--09--0A--0B--0C--0D--0E--0F-
----------------------------------------------------------------------
-00-  00  00  00  00  00  00  00  00 | 00  00  00  00  00  00  00  00 
-10-  00  00  00  00  00  00  00  00 | 00  00  00  00  00  00  00  00 
-20-  00  00  00  00  00  00  00  00 | 00  00  00  00  00  00  00  00 
-30-  00  00  00  00  00  00  00  00 | 00  00  00  00  00  00  00  00 
-40-  00  00  00  00  00  00  00  00 | 00  00  00  00  00  00  00  00 
-50-  00  00  00  00  00  00  00  00 | 00  00  00  00  00  00  00  00 
-60-  00  00  00  00  00  00  00  00 | 00  00  00  00  00  00  00  00 
-70-  00  00  00  00  00  00  00  00 | 00  00  00  00  00  00  00  00 
-80-  00  00  00  00  00  00  00  00 | 00  00  00  00  00  00  00  00 
-90-  00  00  00  00  00  00  00  00 | 00  00  00  00  00  00  00  00 
-A0-  00  00  00  00  00  00  00  00 | 00  00  00  00  00  00  00  00 
-B0-  00  00  00  00  00  00  00  00 | 00  00  00  00  00  00  00  00 
-C0-  00  00  00  00  00  00  00  00 | 00  00  00  00  00  00  00  00 
-D0-  00  00  00  00  00  00  00  00 | 00  00  00  00  00  00  00  00 
-E0-  00  00  00  00  00  00  00  00 | 00  00  00  00  00  00  00  00 
-F0-  00  00  00  00  00  00  00  00 | 00  00  00  00  00  00  00  00 



BANK 114
------00--01--02--03--04--05--06--07-|-08--09--0A--0B--0C--0D--0E--0F-
----------------------------------------------------------------------
-00-  00  00  00  00  00  00  00  00 | 00  00  00  00  00  00  00  00 
-10-  00  00  00  00  00  00  00  00 | 00  00  00  00  00  00  00  00 
-20-  00  00  00  00  00  00  00  00 | 00  00  00  00  00  00  00  00 
-30-  00  00  00  00  00  00  00  00 | 00  00  00  00  00  00  00  00 
-40-  00  00  00  00  00  00  00  00 | 00  00  00  00  00  00  00  00 
-50-  00  00  00  00  00  00  00  00 | 00  00  00  00  00  00  00  00 
-60-  00  00  00  00  00  00  00  00 | 00  00  00  00  00  00  00  00 
-70-  00  00  00  00  00  00  00  00 | 00  00  00  00  00  00  00  00 
-80-  00  00  00  00  00  00  00  00 | 00  00  00  00  00  00  00  00 
-90-  00  00  00  00  00  00  00  00 | 00  00  00  00  00  00  00  00 
-A0-  00  00  00  00  00  00  00  00 | 00  00  00  00  00  00  00  00 
-B0-  00  00  00  00  00  00  00  00 | 00  00  00  00  00  00  00  00 
-C0-  00  00  00  00  00  00  00  00 | 00  00  00  00  00  00  00  00 
-D0-  00  00  00  00  00  00  00  00 | 00  00  00  00  00  00  00  00 
-E0-  00  00  00  00  00  00  00  00 | 00  00  00  00  00  00  00  00 
-F0-  00  00  00  00  00  00  00  00 | 00  00  00  00  00  00  00  00 



BANK 115
------00--01--02--03--04--05--06--07-|-08--09--0A--0B--0C--0D--0E--0F-
----------------------------------------------------------------------
-00-  00  00  00  00  00  00  00  00 | 00  00  00  00  00  00  00  00 
-10-  00  00  00  00  00  00  00  00 | 00  00  00  00  00  00  00  00 
-20-  00  00  00  00  00  00  00  00 | 00  00  00  00  00  00  00  00 
-30-  00  00  00  00  00  00  00  00 | 00  00  00  00  00  00  00  00 
-40-  00  00  00  00  00  00  00  00 | 00  00  00  00  00  00  00  00 
-50-  00  00  00  00  00  00  00  00 | 00  00  00  00  00  00  00  00 
-60-  00  00  00  00  00  00  00  00 | 00  00  00  00  00  00  00  00 
-70-  00  00  00  00  00  00  00  00 | 00  00  00  00  00  00  00  00 
-80-  00  00  00  00  00  00  00  00 | 00  00  00  00  00  00  00  00 
-90-  00  00  00  00  00  00  00  00 | 00  00  00  00  00  00  00  00 
-A0-  00  00  00  00  00  00  00  00 | 00  00  00  00  00  00  00  00 
-B0-  00  00  00  00  00  00  00  00 | 00  00  00  00  00  00  00  00 
-C0-  00  00  00  00  00  00  00  00 | 00  00  00  00  00  00  00  00 
-D0-  00  00  00  00  00  00  00  00 | 00  00  00  00  00  00  00  00 
-E0-  00  00  00  00  00  00  00  00 | 00  00  00  00  00  00  00  00 
-F0-  00  00  00  00  00  00  00  00 | 00  00  00  00  00  00  00  00 



BANK 116
------00--01--02--03--04--05--06--07-|-08--09--0A--0B--0C--0D--0E--0F-
----------------------------------------------------------------------
-00-  00  00  00  00  00  00  00  00 | 00  00  00  00  00  00  00  00 
-10-  00  00  00  00  00  00  00  00 | 00  00  00  00  00  00  00  00 
-20-  00  00  00  00  00  00  00  00 | 00  00  00  00  00  00  00  00 
-30-  00  00  00  00  00  00  00  00 | 00  00  00  00  00  00  00  00 
-40-  00  00  00  00  00  00  00  00 | 00  00  00  00  00  00  00  00 
-50-  00  00  00  00  00  00  00  00 | 00  00  00  00  00  00  00  00 
-60-  00  00  00  00  00  00  00  00 | 00  00  00  00  00  00  00  00 
-70-  00  00  00  00  00  00  00  00 | 00  00  00  00  00  00  00  00 
-80-  00  00  00  00  00  00  00  00 | 00  00  00  00  00  00  00  00 
-90-  00  00  00  00  00  00  00  00 | 00  00  00  00  00  00  00  00 
-A0-  00  00  00  00  00  00  00  00 | 00  00  00  00  00  00  00  00 
-B0-  00  00  00  00  00  00  00  00 | 00  00  00  00  00  00  00  00 
-C0-  00  00  00  00  00  00  00  00 | 00  00  00  00  00  00  00  00 
-D0-  00  00  00  00  00  00  00  00 | 00  00  00  00  00  00  00  00 
-E0-  00  00  00  00  00  00  00  00 | 00  00  00  00  00  00  00  00 
-F0-  00  00  00  00  00  00  00  00 | 00  00  00  00  00  00  00  00 



BANK 117
------00--01--02--03--04--05--06--07-|-08--09--0A--0B--0C--0D--0E--0F-
----------------------------------------------------------------------
-00-  00  00  00  00  00  00  00  00 | 00  00  00  00  00  00  00  00 
-10-  00  00  00  00  00  00  00  00 | 00  00  00  00  00  00  00  00 
-20-  00  00  00  00  00  00  00  00 | 00  00  00  00  00  00  00  00 
-30-  00  00  00  00  00  00  00  00 | 00  00  00  00  00  00  00  00 
-40-  00  00  00  00  00  00  00  00 | 00  00  00  00  00  00  00  00 
-50-  00  00  00  00  00  00  00  00 | 00  00  00  00  00  00  00  00 
-60-  00  00  00  00  00  00  00  00 | 00  00  00  00  00  00  00  00 
-70-  00  00  00  00  00  00  00  00 | 00  00  00  00  00  00  00  00 
-80-  00  00  00  00  00  00  00  00 | 00  00  00  00  00  00  00  00 
-90-  00  00  00  00  00  00  00  00 | 00  00  00  00  00  00  00  00 
-A0-  00  00  00  00  00  00  00  00 | 00  00  00  00  00  00  00  00 
-B0-  00  00  00  00  00  00  00  00 | 00  00  00  00  00  00  00  00 
-C0-  00  00  00  00  00  00  00  00 | 00  00  00  00  00  00  00  00 
-D0-  00  00  00  00  00  00  00  00 | 00  00  00  00  00  00  00  00 
-E0-  00  00  00  00  00  00  00  00 | 00  00  00  00  00  00  00  00 
-F0-  00  00  00  00  00  00  00  00 | 00  00  00  00  00  00  00  00 



BANK 118
------00--01--02--03--04--05--06--07-|-08--09--0A--0B--0C--0D--0E--0F-
----------------------------------------------------------------------
-00-  00  00  00  00  00  00  00  00 | 00  00  00  00  00  00  00  00 
-10-  00  00  00  00  00  00  00  00 | 00  00  00  00  00  00  00  00 
-20-  00  00  00  00  00  00  00  00 | 00  00  00  00  00  00  00  00 
-30-  00  00  00  00  00  00  00  00 | 00  00  00  00  00  00  00  00 
-40-  00  00  00  00  00  00  00  00 | 00  00  00  00  00  00  00  00 
-50-  00  00  00  00  00  00  00  00 | 00  00  00  00  00  00  00  00 
-60-  00  00  00  00  00  00  00  00 | 00  00  00  00  00  00  00  00 
-70-  00  00  00  00  00  00  00  00 | 00  00  00  00  00  00  00  00 
-80-  00  00  00  00  00  00  00  00 | 00  00  00  00  00  00  00  00 
-90-  00  00  00  00  00  00  00  00 | 00  00  00  00  00  00  00  00 
-A0-  00  00  00  00  00  00  00  00 | 00  00  00  00  00  00  00  00 
-B0-  00  00  00  00  00  00  00  00 | 00  00  00  00  00  00  00  00 
-C0-  00  00  00  00  00  00  00  00 | 00  00  00  00  00  00  00  00 
-D0-  00  00  00  00  00  00  00  00 | 00  00  00  00  00  00  00  00 
-E0-  00  00  00  00  00  00  00  00 | 00  00  00  00  00  00  00  00 
-F0-  00  00  00  00  00  00  00  00 | 00  00  00  00  00  00  00  00 



BANK 119
------00--01--02--03--04--05--06--07-|-08--09--0A--0B--0C--0D--0E--0F-
----------------------------------------------------------------------
-00-  00  00  00  00  00  00  00  00 | 00  00  00  00  00  00  00  00 
-10-  00  00  00  00  00  00  00  00 | 00  00  00  00  00  00  00  00 
-20-  00  00  00  00  00  00  00  00 | 00  00  00  00  00  00  00  00 
-30-  00  00  00  00  00  00  00  00 | 00  00  00  00  00  00  00  00 
-40-  00  00  00  00  00  00  00  00 | 00  00  00  00  00  00  00  00 
-50-  00  00  00  00  00  00  00  00 | 00  00  00  00  00  00  00  00 
-60-  00  00  00  00  00  00  00  00 | 00  00  00  00  00  00  00  00 
-70-  00  00  00  00  00  00  00  00 | 00  00  00  00  00  00  00  00 
-80-  00  00  00  00  00  00  00  00 | 00  00  00  00  00  00  00  00 
-90-  00  00  00  00  00  00  00  00 | 00  00  00  00  00  00  00  00 
-A0-  00  00  00  00  00  00  00  00 | 00  00  00  00  00  00  00  00 
-B0-  00  00  00  00  00  00  00  00 | 00  00  00  00  00  00  00  00 
-C0-  00  00  00  00  00  00  00  00 | 00  00  00  00  00  00  00  00 
-D0-  00  00  00  00  00  00  00  00 | 00  00  00  00  00  00  00  00 
-E0-  00  00  00  00  00  00  00  00 | 00  00  00  00  00  00  00  00 
-F0-  00  00  00  00  00  00  00  00 | 00  00  00  00  00  00  00  00 



BANK 11A
------00--01--02--03--04--05--06--07-|-08--09--0A--0B--0C--0D--0E--0F-
----------------------------------------------------------------------
-00-  00  00  00  00  00  00  00  00 | 00  00  00  00  00  00  00  00 
-10-  00  00  00  00  00  00  00  00 | 00  00  00  00  00  00  00  00 
-20-  00  00  00  00  00  00  00  00 | 00  00  00  00  00  00  00  00 
-30-  00  00  00  00  00  00  00  00 | 00  00  00  00  00  00  00  00 
-40-  00  00  00  00  00  00  00  00 | 00  00  00  00  00  00  00  00 
-50-  00  00  00  00  00  00  00  00 | 00  00  00  00  00  00  00  00 
-60-  00  00  00  00  00  00  00  00 | 00  00  00  00  00  00  00  00 
-70-  00  00  00  00  00  00  00  00 | 00  00  00  00  00  00  00  00 
-80-  00  00  00  00  00  00  00  00 | 00  00  00  00  00  00  00  00 
-90-  00  00  00  00  00  00  00  00 | 00  00  00  00  00  00  00  00 
-A0-  00  00  00  00  00  00  00  00 | 00  00  00  00  00  00  00  00 
-B0-  00  00  00  00  00  00  00  00 | 00  00  00  00  00  00  00  00 
-C0-  00  00  00  00  00  00  00  00 | 00  00  00  00  00  00  00  00 
-D0-  00  00  00  00  00  00  00  00 | 00  00  00  00  00  00  00  00 
-E0-  00  00  00  00  00  00  00  00 | 00  00  00  00  00  00  00  00 
-F0-  00  00  00  00  00  00  00  00 | 00  00  00  00  00  00  00  00 



BANK 11B
------00--01--02--03--04--05--06--07-|-08--09--0A--0B--0C--0D--0E--0F-
----------------------------------------------------------------------
-00-  00  00  00  00  00  00  00  00 | 00  00  00  00  00  00  00  00 
-10-  00  00  00  00  00  00  00  00 | 00  00  00  00  00  00  00  00 
-20-  00  00  00  00  00  00  00  00 | 00  00  00  00  00  00  00  00 
-30-  00  00  00  00  00  00  00  00 | 00  00  00  00  00  00  00  00 
-40-  00  00  00  00  00  00  00  00 | 00  00  00  00  00  00  00  00 
-50-  00  00  00  00  00  00  00  00 | 00  00  00  00  00  00  00  00 
-60-  00  00  00  00  00  00  00  00 | 00  00  00  00  00  00  00  00 
-70-  00  00  00  00  00  00  00  00 | 00  00  00  00  00  00  00  00 
-80-  00  00  00  00  00  00  00  00 | 00  00  00  00  00  00  00  00 
-90-  00  00  00  00  00  00  00  00 | 00  00  00  00  00  00  00  00 
-A0-  00  00  00  00  00  00  00  00 | 00  00  00  00  00  00  00  00 
-B0-  00  00  00  00  00  00  00  00 | 00  00  00  00  00  00  00  00 
-C0-  00  00  00  00  00  00  00  00 | 00  00  00  00  00  00  00  00 
-D0-  00  00  00  00  00  00  00  00 | 00  00  00  00  00  00  00  00 
-E0-  00  00  00  00  00  00  00  00 | 00  00  00  00  00  00  00  00 
-F0-  00  00  00  00  00  00  00  00 | 00  00  00  00  00  00  00  00 



BANK 11C
------00--01--02--03--04--05--06--07-|-08--09--0A--0B--0C--0D--0E--0F-
----------------------------------------------------------------------
-00-  00  00  00  00  00  00  00  00 | 00  00  00  00  00  00  00  00 
-10-  00  00  00  00  00  00  00  00 | 00  00  00  00  00  00  00  00 
-20-  00  00  00  00  00  00  00  00 | 00  00  00  00  00  00  00  00 
-30-  00  00  00  00  00  00  00  00 | 00  00  00  00  00  00  00  00 
-40-  00  00  00  00  00  00  00  00 | 00  00  00  00  00  00  00  00 
-50-  00  00  00  00  00  00  00  00 | 00  00  00  00  00  00  00  00 
-60-  00  00  00  00  00  00  00  00 | 00  00  00  00  00  00  00  00 
-70-  00  00  00  00  00  00  00  00 | 00  00  00  00  00  00  00  00 
-80-  00  00  00  00  00  00  00  00 | 00  00  00  00  00  00  00  00 
-90-  00  00  00  00  00  00  00  00 | 00  00  00  00  00  00  00  00 
-A0-  00  00  00  00  00  00  00  00 | 00  00  00  00  00  00  00  00 
-B0-  00  00  00  00  00  00  00  00 | 00  00  00  00  00  00  00  00 
-C0-  00  00  00  00  00  00  00  00 | 00  00  00  00  00  00  00  00 
-D0-  00  00  00  00  00  00  00  00 | 00  00  00  00  00  00  00  00 
-E0-  00  00  00  00  00  00  00  00 | 00  00  00  00  00  00  00  00 
-F0-  00  00  00  00  00  00  00  00 | 00  00  00  00  00  00  00  00 



BANK 11D
------00--01--02--03--04--05--06--07-|-08--09--0A--0B--0C--0D--0E--0F-
----------------------------------------------------------------------
-00-  00  00  00  00  00  00  00  00 | 00  00  00  00  00  00  00  00 
-10-  00  00  00  00  00  00  00  00 | 00  00  00  00  00  00  00  00 
-20-  00  00  00  00  00  00  00  00 | 00  00  00  00  00  00  00  00 
-30-  00  00  00  00  00  00  00  00 | 00  00  00  00  00  00  00  00 
-40-  00  00  00  00  00  00  00  00 | 00  00  00  00  00  00  00  00 
-50-  00  00  00  00  00  00  00  00 | 00  00  00  00  00  00  00  00 
-60-  00  00  00  00  00  00  00  00 | 00  00  00  00  00  00  00  00 
-70-  00  00  00  00  00  00  00  00 | 00  00  00  00  00  00  00  00 
-80-  00  00  00  00  00  00  00  00 | 00  00  00  00  00  00  00  00 
-90-  00  00  00  00  00  00  00  00 | 00  00  00  00  00  00  00  00 
-A0-  00  00  00  00  00  00  00  00 | 00  00  00  00  00  00  00  00 
-B0-  00  00  00  00  00  00  00  00 | 00  00  00  00  00  00  00  00 
-C0-  00  00  00  00  00  00  00  00 | 00  00  00  00  00  00  00  00 
-D0-  00  00  00  00  00  00  00  00 | 00  00  00  00  00  00  00  00 
-E0-  00  00  00  00  00  00  00  00 | 00  00  00  00  00  00  00  00 
-F0-  00  00  00  00  00  00  00  00 | 00  00  00  00  00  00  00  00 



BANK 11E
------00--01--02--03--04--05--06--07-|-08--09--0A--0B--0C--0D--0E--0F-
----------------------------------------------------------------------
-00-  00  00  00  00  00  00  00  00 | 00  00  00  00  00  00  00  00 
-10-  00  00  00  00  00  00  00  00 | 00  00  00  00  00  00  00  00 
-20-  00  00  00  00  00  00  00  00 | 00  00  00  00  00  00  00  00 
-30-  00  00  00  00  00  00  00  00 | 00  00  00  00  00  00  00  00 
-40-  00  00  00  00  00  00  00  00 | 00  00  00  00  00  00  00  00 
-50-  00  00  00  00  00  00  00  00 | 00  00  00  00  00  00  00  00 
-60-  00  00  00  00  00  00  00  00 | 00  00  00  00  00  00  00  00 
-70-  00  00  00  00  00  00  00  00 | 00  00  00  00  00  00  00  00 
-80-  00  00  00  00  00  00  00  00 | 00  00  00  00  00  00  00  00 
-90-  00  00  00  00  00  00  00  00 | 00  00  00  00  00  00  00  00 
-A0-  00  00  00  00  00  00  00  00 | 00  00  00  00  00  00  00  00 
-B0-  00  00  00  00  00  00  00  00 | 00  00  00  00  00  00  00  00 
-C0-  00  00  00  00  00  00  00  00 | 00  00  00  00  00  00  00  00 
-D0-  00  00  00  00  00  00  00  00 | 00  00  00  00  00  00  00  00 
-E0-  00  00  00  00  00  00  00  00 | 00  00  00  00  00  00  00  00 
-F0-  00  00  00  00  00  00  00  00 | 00  00  00  00  00  00  00  00 



BANK 11F
------00--01--02--03--04--05--06--07-|-08--09--0A--0B--0C--0D--0E--0F-
----------------------------------------------------------------------
-00-  00  00  00  00  00  00  00  00 | 00  00  00  00  00  00  00  00 
-10-  00  00  00  00  00  00  00  00 | 00  00  00  00  00  00  00  00 
-20-  00  00  00  00  00  00  00  00 | 00  00  00  00  00  00  00  00 
-30-  00  00  00  00  00  00  00  00 | 00  00  00  00  00  00  00  00 
-40-  00  00  00  00  00  00  00  00 | 00  00  00  00  00  00  00  00 
-50-  00  00  00  00  00  00  00  00 | 00  00  00  00  00  00  00  00 
-60-  00  00  00  00  00  00  00  00 | 00  00  00  00  00  00  00  00 
-70-  00  00  00  00  00  00  00  00 | 00  00  00  00  00  00  00  00 
-80-  00  00  00  00  00  00  00  00 | 00  00  00  00  00  00  00  00 
-90-  00  00  00  00  00  00  00  00 | 00  00  00  00  00  00  00  00 
-A0-  00  00  00  00  00  00  00  00 | 00  00  00  00  00  00  00  00 
-B0-  00  00  00  00  00  00  00  00 | 00  00  00  00  00  00  00  00 
-C0-  00  00  00  00  00  00  00  00 | 00  00  00  00  00  00  00  00 
-D0-  00  00  00  00  00  00  00  00 | 00  00  00  00  00  00  00  00 
-E0-  00  00  00  00  00  00  00  00 | 00  00  00  00  00  00  00  00 
-F0-  00  00  00  00  00  00  00  00 | 00  00  00  00  00  00  00  00 



BANK 120
------00--01--02--03--04--05--06--07-|-08--09--0A--0B--0C--0D--0E--0F-
----------------------------------------------------------------------
-00-  00  00  00  00  00  00  00  00 | 00  00  00  00  00  00  00  00 
-10-  00  00  00  00  00  00  00  00 | 00  00  00  00  00  00  00  00 
-20-  00  00  00  00  00  00  00  00 | 00  00  00  00  00  00  00  00 
-30-  00  00  00  00  00  00  00  00 | 00  00  00  00  00  00  00  00 
-40-  00  00  00  00  00  00  00  00 | 00  00  00  00  00  00  00  00 
-50-  00  00  00  00  00  00  00  00 | 00  00  00  00  00  00  00  00 
-60-  00  00  00  00  00  00  00  00 | 00  00  00  00  00  00  00  00 
-70-  00  00  00  00  00  00  00  00 | 00  00  00  00  00  00  00  00 
-80-  00  00  00  00  00  00  00  00 | 00  00  00  00  00  00  00  00 
-90-  00  00  00  00  00  00  00  00 | 00  00  00  00  00  00  00  00 
-A0-  00  00  00  00  00  00  00  00 | 00  00  00  00  00  00  00  00 
-B0-  00  00  00  00  00  00  00  00 | 00  00  00  00  00  00  00  00 
-C0-  00  00  00  00  00  00  00  00 | 00  00  00  00  00  00  00  00 
-D0-  00  00  00  00  00  00  00  00 | 00  00  00  00  00  00  00  00 
-E0-  00  00  00  00  00  00  00  00 | 00  00  00  00  00  00  00  00 
-F0-  00  00  00  00  00  00  00  00 | 00  00  00  00  00  00  00  00 



BANK 121
------00--01--02--03--04--05--06--07-|-08--09--0A--0B--0C--0D--0E--0F-
----------------------------------------------------------------------
-00-  00  00  00  00  00  00  00  00 | 00  00  00  00  00  00  00  00 
-10-  00  00  00  00  00  00  00  00 | 00  00  00  00  00  00  00  00 
-20-  00  00  00  00  00  00  00  00 | 00  00  00  00  00  00  00  00 
-30-  00  00  00  00  00  00  00  00 | 00  00  00  00  00  00  00  00 
-40-  00  00  00  00  00  00  00  00 | 00  00  00  00  00  00  00  00 
-50-  00  00  00  00  00  00  00  00 | 00  00  00  00  00  00  00  00 
-60-  00  00  00  00  00  00  00  00 | 00  00  00  00  00  00  00  00 
-70-  00  00  00  00  00  00  00  00 | 00  00  00  00  00  00  00  00 
-80-  00  00  00  00  00  00  00  00 | 00  00  00  00  00  00  00  00 
-90-  00  00  00  00  00  00  00  00 | 00  00  00  00  00  00  00  00 
-A0-  00  00  00  00  00  00  00  00 | 00  00  00  00  00  00  00  00 
-B0-  00  00  00  00  00  00  00  00 | 00  00  00  00  00  00  00  00 
-C0-  00  00  00  00  00  00  00  00 | 00  00  00  00  00  00  00  00 
-D0-  00  00  00  00  00  00  00  00 | 00  00  00  00  00  00  00  00 
-E0-  00  00  00  00  00  00  00  00 | 00  00  00  00  00  00  00  00 
-F0-  00  00  00  00  00  00  00  00 | 00  00  00  00  00  00  00  00 



BANK 122
------00--01--02--03--04--05--06--07-|-08--09--0A--0B--0C--0D--0E--0F-
----------------------------------------------------------------------
-00-  00  00  00  00  00  00  00  00 | 00  00  00  00  00  00  00  00 
-10-  00  00  00  00  00  00  00  00 | 00  00  00  00  00  00  00  00 
-20-  00  00  00  00  00  00  00  00 | 00  00  00  00  00  00  00  00 
-30-  00  00  00  00  00  00  00  00 | 00  00  00  00  00  00  00  00 
-40-  00  00  00  00  00  00  00  00 | 00  00  00  00  00  00  00  00 
-50-  00  00  00  00  00  00  00  00 | 00  00  00  00  00  00  00  00 
-60-  00  00  00  00  00  00  00  00 | 00  00  00  00  00  00  00  00 
-70-  00  00  00  00  00  00  00  00 | 00  00  00  00  00  00  00  00 
-80-  00  00  00  00  00  00  00  00 | 00  00  00  00  00  00  00  00 
-90-  00  00  00  00  00  00  00  00 | 00  00  00  00  00  00  00  00 
-A0-  00  00  00  00  00  00  00  00 | 00  00  00  00  00  00  00  00 
-B0-  00  00  00  00  00  00  00  00 | 00  00  00  00  00  00  00  00 
-C0-  00  00  00  00  00  00  00  00 | 00  00  00  00  00  00  00  00 
-D0-  00  00  00  00  00  00  00  00 | 00  00  00  00  00  00  00  00 
-E0-  00  00  00  00  00  00  00  00 | 00  00  00  00  00  00  00  00 
-F0-  00  00  00  00  00  00  00  00 | 00  00  00  00  00  00  00  00 



BANK 123
------00--01--02--03--04--05--06--07-|-08--09--0A--0B--0C--0D--0E--0F-
----------------------------------------------------------------------
-00-  00  00  00  00  00  00  00  00 | 00  00  00  00  00  00  00  00 
-10-  00  00  00  00  00  00  00  00 | 00  00  00  00  00  00  00  00 
-20-  00  00  00  00  00  00  00  00 | 00  00  00  00  00  00  00  00 
-30-  00  00  00  00  00  00  00  00 | 00  00  00  00  00  00  00  00 
-40-  00  00  00  00  00  00  00  00 | 00  00  00  00  00  00  00  00 
-50-  00  00  00  00  00  00  00  00 | 00  00  00  00  00  00  00  00 
-60-  00  00  00  00  00  00  00  00 | 00  00  00  00  00  00  00  00 
-70-  00  00  00  00  00  00  00  00 | 00  00  00  00  00  00  00  00 
-80-  00  00  00  00  00  00  00  00 | 00  00  00  00  00  00  00  00 
-90-  00  00  00  00  00  00  00  00 | 00  00  00  00  00  00  00  00 
-A0-  00  00  00  00  00  00  00  00 | 00  00  00  00  00  00  00  00 
-B0-  00  00  00  00  00  00  00  00 | 00  00  00  00  00  00  00  00 
-C0-  00  00  00  00  00  00  00  00 | 00  00  00  00  00  00  00  00 
-D0-  00  00  00  00  00  00  00  00 | 00  00  00  00  00  00  00  00 
-E0-  00  00  00  00  00  00  00  00 | 00  00  00  00  00  00  00  00 
-F0-  00  00  00  00  00  00  00  00 | 00  00  00  00  00  00  00  00 



BANK 124
------00--01--02--03--04--05--06--07-|-08--09--0A--0B--0C--0D--0E--0F-
----------------------------------------------------------------------
-00-  00  00  00  00  00  00  00  00 | 00  00  00  00  00  00  00  00 
-10-  00  00  00  00  00  00  00  00 | 00  00  00  00  00  00  00  00 
-20-  00  00  00  00  00  00  00  00 | 00  00  00  00  00  00  00  00 
-30-  00  00  00  00  00  00  00  00 | 00  00  00  00  00  00  00  00 
-40-  00  00  00  00  00  00  00  00 | 00  00  00  00  00  00  00  00 
-50-  00  00  00  00  00  00  00  00 | 00  00  00  00  00  00  00  00 
-60-  00  00  00  00  00  00  00  00 | 00  00  00  00  00  00  00  00 
-70-  00  00  00  00  00  00  00  00 | 00  00  00  00  00  00  00  00 
-80-  00  00  00  00  00  00  00  00 | 00  00  00  00  00  00  00  00 
-90-  00  00  00  00  00  00  00  00 | 00  00  00  00  00  00  00  00 
-A0-  00  00  00  00  00  00  00  00 | 00  00  00  00  00  00  00  00 
-B0-  00  00  00  00  00  00  00  00 | 00  00  00  00  00  00  00  00 
-C0-  00  00  00  00  00  00  00  00 | 00  00  00  00  00  00  00  00 
-D0-  00  00  00  00  00  00  00  00 | 00  00  00  00  00  00  00  00 
-E0-  00  00  00  00  00  00  00  00 | 00  00  00  00  00  00  00  00 
-F0-  00  00  00  00  00  00  00  00 | 00  00  00  00  00  00  00  00 



BANK 125
------00--01--02--03--04--05--06--07-|-08--09--0A--0B--0C--0D--0E--0F-
----------------------------------------------------------------------
-00-  00  00  00  00  00  00  00  00 | 00  00  00  00  00  00  00  00 
-10-  00  00  00  00  00  00  00  00 | 00  00  00  00  00  00  00  00 
-20-  00  00  00  00  00  00  00  00 | 00  00  00  00  00  00  00  00 
-30-  00  00  00  00  00  00  00  00 | 00  00  00  00  00  00  00  00 
-40-  00  00  00  00  00  00  00  00 | 00  00  00  00  00  00  00  00 
-50-  00  00  00  00  00  00  00  00 | 00  00  00  00  00  00  00  00 
-60-  00  00  00  00  00  00  00  00 | 00  00  00  00  00  00  00  00 
-70-  00  00  00  00  00  00  00  00 | 00  00  00  00  00  00  00  00 
-80-  00  00  00  00  00  00  00  00 | 00  00  00  00  00  00  00  00 
-90-  00  00  00  00  00  00  00  00 | 00  00  00  00  00  00  00  00 
-A0-  00  00  00  00  00  00  00  00 | 00  00  00  00  00  00  00  00 
-B0-  00  00  00  00  00  00  00  00 | 00  00  00  00  00  00  00  00 
-C0-  00  00  00  00  00  00  00  00 | 00  00  00  00  00  00  00  00 
-D0-  00  00  00  00  00  00  00  00 | 00  00  00  00  00  00  00  00 
-E0-  00  00  00  00  00  00  00  00 | 00  00  00  00  00  00  00  00 
-F0-  00  00  00  00  00  00  00  00 | 00  00  00  00  00  00  00  00 



BANK 126
------00--01--02--03--04--05--06--07-|-08--09--0A--0B--0C--0D--0E--0F-
----------------------------------------------------------------------
-00-  00  00  00  00  00  00  00  00 | 00  00  00  00  00  00  00  00 
-10-  00  00  00  00  00  00  00  00 | 00  00  00  00  00  00  00  00 
-20-  00  00  00  00  00  00  00  00 | 00  00  00  00  00  00  00  00 
-30-  00  00  00  00  00  00  00  00 | 00  00  00  00  00  00  00  00 
-40-  00  00  00  00  00  00  00  00 | 00  00  00  00  00  00  00  00 
-50-  00  00  00  00  00  00  00  00 | 00  00  00  00  00  00  00  00 
-60-  00  00  00  00  00  00  00  00 | 00  00  00  00  00  00  00  00 
-70-  00  00  00  00  00  00  00  00 | 00  00  00  00  00  00  00  00 
-80-  00  00  00  00  00  00  00  00 | 00  00  00  00  00  00  00  00 
-90-  00  00  00  00  00  00  00  00 | 00  00  00  00  00  00  00  00 
-A0-  00  00  00  00  00  00  00  00 | 00  00  00  00  00  00  00  00 
-B0-  00  00  00  00  00  00  00  00 | 00  00  00  00  00  00  00  00 
-C0-  00  00  00  00  00  00  00  00 | 00  00  00  00  00  00  00  00 
-D0-  00  00  00  00  00  00  00  00 | 00  00  00  00  00  00  00  00 
-E0-  00  00  00  00  00  00  00  00 | 00  00  00  00  00  00  00  00 
-F0-  00  00  00  00  00  00  00  00 | 00  00  00  00  00  00  00  00 



BANK 127
------00--01--02--03--04--05--06--07-|-08--09--0A--0B--0C--0D--0E--0F-
----------------------------------------------------------------------
-00-  00  00  00  00  00  00  00  00 | 00  00  00  00  00  00  00  00 
-10-  00  00  00  00  00  00  00  00 | 00  00  00  00  00  00  00  00 
-20-  00  00  00  00  00  00  00  00 | 00  00  00  00  00  00  00  00 
-30-  00  00  00  00  00  00  00  00 | 00  00  00  00  00  00  00  00 
-40-  00  00  00  00  00  00  00  00 | 00  00  00  00  00  00  00  00 
-50-  00  00  00  00  00  00  00  00 | 00  00  00  00  00  00  00  00 
-60-  00  00  00  00  00  00  00  00 | 00  00  00  00  00  00  00  00 
-70-  00  00  00  00  00  00  00  00 | 00  00  00  00  00  00  00  00 
-80-  00  00  00  00  00  00  00  00 | 00  00  00  00  00  00  00  00 
-90-  00  00  00  00  00  00  00  00 | 00  00  00  00  00  00  00  00 
-A0-  00  00  00  00  00  00  00  00 | 00  00  00  00  00  00  00  00 
-B0-  00  00  00  00  00  00  00  00 | 00  00  00  00  00  00  00  00 
-C0-  00  00  00  00  00  00  00  00 | 00  00  00  00  00  00  00  00 
-D0-  00  00  00  00  00  00  00  00 | 00  00  00  00  00  00  00  00 
-E0-  00  00  00  00  00  00  00  00 | 00  00  00  00  00  00  00  00 
-F0-  00  00  00  00  00  00  00  00 | 00  00  00  00  00  00  00  00 



BANK 128
------00--01--02--03--04--05--06--07-|-08--09--0A--0B--0C--0D--0E--0F-
----------------------------------------------------------------------
-00-  00  00  00  00  00  00  00  00 | 00  00  00  00  00  00  00  00 
-10-  00  00  00  00  00  00  00  00 | 00  00  00  00  00  00  00  00 
-20-  00  00  00  00  00  00  00  00 | 00  00  00  00  00  00  00  00 
-30-  00  00  00  00  00  00  00  00 | 00  00  00  00  00  00  00  00 
-40-  00  00  00  00  00  00  00  00 | 00  00  00  00  00  00  00  00 
-50-  00  00  00  00  00  00  00  00 | 00  00  00  00  00  00  00  00 
-60-  00  00  00  00  00  00  00  00 | 00  00  00  00  00  00  00  00 
-70-  00  00  00  00  00  00  00  00 | 00  00  00  00  00  00  00  00 
-80-  00  00  00  00  00  00  00  00 | 00  00  00  00  00  00  00  00 
-90-  00  00  00  00  00  00  00  00 | 00  00  00  00  00  00  00  00 
-A0-  00  00  00  00  00  00  00  00 | 00  00  00  00  00  00  00  00 
-B0-  00  00  00  00  00  00  00  00 | 00  00  00  00  00  00  00  00 
-C0-  00  00  00  00  00  00  00  00 | 00  00  00  00  00  00  00  00 
-D0-  00  00  00  00  00  00  00  00 | 00  00  00  00  00  00  00  00 
-E0-  00  00  00  00  00  00  00  00 | 00  00  00  00  00  00  00  00 
-F0-  00  00  00  00  00  00  00  00 | 00  00  00  00  00  00  00  00 



BANK 129
------00--01--02--03--04--05--06--07-|-08--09--0A--0B--0C--0D--0E--0F-
----------------------------------------------------------------------
-00-  00  00  00  00  00  00  00  00 | 00  00  00  00  00  00  00  00 
-10-  00  00  00  00  00  00  00  00 | 00  00  00  00  00  00  00  00 
-20-  00  00  00  00  00  00  00  00 | 00  00  00  00  00  00  00  00 
-30-  00  00  00  00  00  00  00  00 | 00  00  00  00  00  00  00  00 
-40-  00  00  00  00  00  00  00  00 | 00  00  00  00  00  00  00  00 
-50-  00  00  00  00  00  00  00  00 | 00  00  00  00  00  00  00  00 
-60-  00  00  00  00  00  00  00  00 | 00  00  00  00  00  00  00  00 
-70-  00  00  00  00  00  00  00  00 | 00  00  00  00  00  00  00  00 
-80-  00  00  00  00  00  00  00  00 | 00  00  00  00  00  00  00  00 
-90-  00  00  00  00  00  00  00  00 | 00  00  00  00  00  00  00  00 
-A0-  00  00  00  00  00  00  00  00 | 00  00  00  00  00  00  00  00 
-B0-  00  00  00  00  00  00  00  00 | 00  00  00  00  00  00  00  00 
-C0-  00  00  00  00  00  00  00  00 | 00  00  00  00  00  00  00  00 
-D0-  00  00  00  00  00  00  00  00 | 00  00  00  00  00  00  00  00 
-E0-  00  00  00  00  00  00  00  00 | 00  00  00  00  00  00  00  00 
-F0-  00  00  00  00  00  00  00  00 | 00  00  00  00  00  00  00  00 



BANK 12A
------00--01--02--03--04--05--06--07-|-08--09--0A--0B--0C--0D--0E--0F-
----------------------------------------------------------------------
-00-  00  00  00  00  00  00  00  00 | 00  00  00  00  00  00  00  00 
-10-  00  00  00  00  00  00  00  00 | 00  00  00  00  00  00  00  00 
-20-  00  00  00  00  00  00  00  00 | 00  00  00  00  00  00  00  00 
-30-  00  00  00  00  00  00  00  00 | 00  00  00  00  00  00  00  00 
-40-  00  00  00  00  00  00  00  00 | 00  00  00  00  00  00  00  00 
-50-  00  00  00  00  00  00  00  00 | 00  00  00  00  00  00  00  00 
-60-  00  00  00  00  00  00  00  00 | 00  00  00  00  00  00  00  00 
-70-  00  00  00  00  00  00  00  00 | 00  00  00  00  00  00  00  00 
-80-  00  00  00  00  00  00  00  00 | 00  00  00  00  00  00  00  00 
-90-  00  00  00  00  00  00  00  00 | 00  00  00  00  00  00  00  00 
-A0-  00  00  00  00  00  00  00  00 | 00  00  00  00  00  00  00  00 
-B0-  00  00  00  00  00  00  00  00 | 00  00  00  00  00  00  00  00 
-C0-  00  00  00  00  00  00  00  00 | 00  00  00  00  00  00  00  00 
-D0-  00  00  00  00  00  00  00  00 | 00  00  00  00  00  00  00  00 
-E0-  00  00  00  00  00  00  00  00 | 00  00  00  00  00  00  00  00 
-F0-  00  00  00  00  00  00  00  00 | 00  00  00  00  00  00  00  00 



BANK 12B
------00--01--02--03--04--05--06--07-|-08--09--0A--0B--0C--0D--0E--0F-
----------------------------------------------------------------------
-00-  00  00  00  00  00  00  00  00 | 00  00  00  00  00  00  00  00 
-10-  00  00  00  00  00  00  00  00 | 00  00  00  00  00  00  00  00 
-20-  00  00  00  00  00  00  00  00 | 00  00  00  00  00  00  00  00 
-30-  00  00  00  00  00  00  00  00 | 00  00  00  00  00  00  00  00 
-40-  00  00  00  00  00  00  00  00 | 00  00  00  00  00  00  00  00 
-50-  00  00  00  00  00  00  00  00 | 00  00  00  00  00  00  00  00 
-60-  00  00  00  00  00  00  00  00 | 00  00  00  00  00  00  00  00 
-70-  00  00  00  00  00  00  00  00 | 00  00  00  00  00  00  00  00 
-80-  00  00  00  00  00  00  00  00 | 00  00  00  00  00  00  00  00 
-90-  00  00  00  00  00  00  00  00 | 00  00  00  00  00  00  00  00 
-A0-  00  00  00  00  00  00  00  00 | 00  00  00  00  00  00  00  00 
-B0-  00  00  00  00  00  00  00  00 | 00  00  00  00  00  00  00  00 
-C0-  00  00  00  00  00  00  00  00 | 00  00  00  00  00  00  00  00 
-D0-  00  00  00  00  00  00  00  00 | 00  00  00  00  00  00  00  00 
-E0-  00  00  00  00  00  00  00  00 | 00  00  00  00  00  00  00  00 
-F0-  00  00  00  00  00  00  00  00 | 00  00  00  00  00  00  00  00 



BANK 12C
------00--01--02--03--04--05--06--07-|-08--09--0A--0B--0C--0D--0E--0F-
----------------------------------------------------------------------
-00-  00  00  00  00  00  00  00  00 | 00  00  00  00  00  00  00  00 
-10-  00  00  00  00  00  00  00  00 | 00  00  00  00  00  00  00  00 
-20-  00  00  00  00  00  00  00  00 | 00  00  00  00  00  00  00  00 
-30-  00  00  00  00  00  00  00  00 | 00  00  00  00  00  00  00  00 
-40-  00  00  00  00  00  00  00  00 | 00  00  00  00  00  00  00  00 
-50-  00  00  00  00  00  00  00  00 | 00  00  00  00  00  00  00  00 
-60-  00  00  00  00  00  00  00  00 | 00  00  00  00  00  00  00  00 
-70-  00  00  00  00  00  00  00  00 | 00  00  00  00  00  00  00  00 
-80-  00  00  00  00  00  00  00  00 | 00  00  00  00  00  00  00  00 
-90-  00  00  00  00  00  00  00  00 | 00  00  00  00  00  00  00  00 
-A0-  00  00  00  00  00  00  00  00 | 00  00  00  00  00  00  00  00 
-B0-  00  00  00  00  00  00  00  00 | 00  00  00  00  00  00  00  00 
-C0-  00  00  00  00  00  00  00  00 | 00  00  00  00  00  00  00  00 
-D0-  00  00  00  00  00  00  00  00 | 00  00  00  00  00  00  00  00 
-E0-  00  00  00  00  00  00  00  00 | 00  00  00  00  00  00  00  00 
-F0-  00  00  00  00  00  00  00  00 | 00  00  00  00  00  00  00  00 



BANK 12D
------00--01--02--03--04--05--06--07-|-08--09--0A--0B--0C--0D--0E--0F-
----------------------------------------------------------------------
-00-  00  00  00  00  00  00  00  00 | 00  00  00  00  00  00  00  00 
-10-  00  00  00  00  00  00  00  00 | 00  00  00  00  00  00  00  00 
-20-  00  00  00  00  00  00  00  00 | 00  00  00  00  00  00  00  00 
-30-  00  00  00  00  00  00  00  00 | 00  00  00  00  00  00  00  00 
-40-  00  00  00  00  00  00  00  00 | 00  00  00  00  00  00  00  00 
-50-  00  00  00  00  00  00  00  00 | 00  00  00  00  00  00  00  00 
-60-  00  00  00  00  00  00  00  00 | 00  00  00  00  00  00  00  00 
-70-  00  00  00  00  00  00  00  00 | 00  00  00  00  00  00  00  00 
-80-  00  00  00  00  00  00  00  00 | 00  00  00  00  00  00  00  00 
-90-  00  00  00  00  00  00  00  00 | 00  00  00  00  00  00  00  00 
-A0-  00  00  00  00  00  00  00  00 | 00  00  00  00  00  00  00  00 
-B0-  00  00  00  00  00  00  00  00 | 00  00  00  00  00  00  00  00 
-C0-  00  00  00  00  00  00  00  00 | 00  00  00  00  00  00  00  00 
-D0-  00  00  00  00  00  00  00  00 | 00  00  00  00  00  00  00  00 
-E0-  00  00  00  00  00  00  00  00 | 00  00  00  00  00  00  00  00 
-F0-  00  00  00  00  00  00  00  00 | 00  00  00  00  00  00  00  00 



BANK 12E
------00--01--02--03--04--05--06--07-|-08--09--0A--0B--0C--0D--0E--0F-
----------------------------------------------------------------------
-00-  00  00  00  00  00  00  00  00 | 00  00  00  00  00  00  00  00 
-10-  00  00  00  00  00  00  00  00 | 00  00  00  00  00  00  00  00 
-20-  00  00  00  00  00  00  00  00 | 00  00  00  00  00  00  00  00 
-30-  00  00  00  00  00  00  00  00 | 00  00  00  00  00  00  00  00 
-40-  00  00  00  00  00  00  00  00 | 00  00  00  00  00  00  00  00 
-50-  00  00  00  00  00  00  00  00 | 00  00  00  00  00  00  00  00 
-60-  00  00  00  00  00  00  00  00 | 00  00  00  00  00  00  00  00 
-70-  00  00  00  00  00  00  00  00 | 00  00  00  00  00  00  00  00 
-80-  00  00  00  00  00  00  00  00 | 00  00  00  00  00  00  00  00 
-90-  00  00  00  00  00  00  00  00 | 00  00  00  00  00  00  00  00 
-A0-  00  00  00  00  00  00  00  00 | 00  00  00  00  00  00  00  00 
-B0-  00  00  00  00  00  00  00  00 | 00  00  00  00  00  00  00  00 
-C0-  00  00  00  00  00  00  00  00 | 00  00  00  00  00  00  00  00 
-D0-  00  00  00  00  00  00  00  00 | 00  00  00  00  00  00  00  00 
-E0-  00  00  00  00  00  00  00  00 | 00  00  00  00  00  00  00  00 
-F0-  00  00  00  00  00  00  00  00 | 00  00  00  00  00  00  00  00 



BANK 12F
------00--01--02--03--04--05--06--07-|-08--09--0A--0B--0C--0D--0E--0F-
----------------------------------------------------------------------
-00-  00  00  00  00  00  00  00  00 | 00  00  00  00  00  00  00  00 
-10-  00  00  00  00  00  00  00  00 | 00  00  00  00  00  00  00  00 
-20-  00  00  00  00  00  00  00  00 | 00  00  00  00  00  00  00  00 
-30-  00  00  00  00  00  00  00  00 | 00  00  00  00  00  00  00  00 
-40-  00  00  00  00  00  00  00  00 | 00  00  00  00  00  00  00  00 
-50-  00  00  00  00  00  00  00  00 | 00  00  00  00  00  00  00  00 
-60-  00  00  00  00  00  00  00  00 | 00  00  00  00  00  00  00  00 
-70-  00  00  00  00  00  00  00  00 | 00  00  00  00  00  00  00  00 
-80-  00  00  00  00  00  00  00  00 | 00  00  00  00  00  00  00  00 
-90-  00  00  00  00  00  00  00  00 | 00  00  00  00  00  00  00  00 
-A0-  00  00  00  00  00  00  00  00 | 00  00  00  00  00  00  00  00 
-B0-  00  00  00  00  00  00  00  00 | 00  00  00  00  00  00  00  00 
-C0-  00  00  00  00  00  00  00  00 | 00  00  00  00  00  00  00  00 
-D0-  00  00  00  00  00  00  00  00 | 00  00  00  00  00  00  00  00 
-E0-  00  00  00  00  00  00  00  00 | 00  00  00  00  00  00  00  00 
-F0-  00  00  00  00  00  00  00  00 | 00  00  00  00  00  00  00  00 



BANK 130
------00--01--02--03--04--05--06--07-|-08--09--0A--0B--0C--0D--0E--0F-
----------------------------------------------------------------------
-00-  00  00  00  00  00  00  00  00 | 00  00  00  00  00  00  00  00 
-10-  00  00  00  00  00  00  00  00 | 00  00  00  00  00  00  00  00 
-20-  00  00  00  00  00  00  00  00 | 00  00  00  00  00  00  00  00 
-30-  00  00  00  00  00  00  00  00 | 00  00  00  00  00  00  00  00 
-40-  00  00  00  00  00  00  00  00 | 00  00  00  00  00  00  00  00 
-50-  00  00  00  00  00  00  00  00 | 00  00  00  00  00  00  00  00 
-60-  00  00  00  00  00  00  00  00 | 00  00  00  00  00  00  00  00 
-70-  00  00  00  00  00  00  00  00 | 00  00  00  00  00  00  00  00 
-80-  00  00  00  00  00  00  00  00 | 00  00  00  00  00  00  00  00 
-90-  00  00  00  00  00  00  00  00 | 00  00  00  00  00  00  00  00 
-A0-  00  00  00  00  00  00  00  00 | 00  00  00  00  00  00  00  00 
-B0-  00  00  00  00  00  00  00  00 | 00  00  00  00  00  00  00  00 
-C0-  00  00  00  00  00  00  00  00 | 00  00  00  00  00  00  00  00 
-D0-  00  00  00  00  00  00  00  00 | 00  00  00  00  00  00  00  00 
-E0-  00  00  00  00  00  00  00  00 | 00  00  00  00  00  00  00  00 
-F0-  00  00  00  00  00  00  00  00 | 00  00  00  00  00  00  00  00 



BANK 131
------00--01--02--03--04--05--06--07-|-08--09--0A--0B--0C--0D--0E--0F-
----------------------------------------------------------------------
-00-  00  00  00  00  00  00  00  00 | 00  00  00  00  00  00  00  00 
-10-  00  00  00  00  00  00  00  00 | 00  00  00  00  00  00  00  00 
-20-  00  00  00  00  00  00  00  00 | 00  00  00  00  00  00  00  00 
-30-  00  00  00  00  00  00  00  00 | 00  00  00  00  00  00  00  00 
-40-  00  00  00  00  00  00  00  00 | 00  00  00  00  00  00  00  00 
-50-  00  00  00  00  00  00  00  00 | 00  00  00  00  00  00  00  00 
-60-  00  00  00  00  00  00  00  00 | 00  00  00  00  00  00  00  00 
-70-  00  00  00  00  00  00  00  00 | 00  00  00  00  00  00  00  00 
-80-  00  00  00  00  00  00  00  00 | 00  00  00  00  00  00  00  00 
-90-  00  00  00  00  00  00  00  00 | 00  00  00  00  00  00  00  00 
-A0-  00  00  00  00  00  00  00  00 | 00  00  00  00  00  00  00  00 
-B0-  00  00  00  00  00  00  00  00 | 00  00  00  00  00  00  00  00 
-C0-  00  00  00  00  00  00  00  00 | 00  00  00  00  00  00  00  00 
-D0-  00  00  00  00  00  00  00  00 | 00  00  00  00  00  00  00  00 
-E0-  00  00  00  00  00  00  00  00 | 00  00  00  00  00  00  00  00 
-F0-  00  00  00  00  00  00  00  00 | 00  00  00  00  00  00  00  00 



BANK 132
------00--01--02--03--04--05--06--07-|-08--09--0A--0B--0C--0D--0E--0F-
----------------------------------------------------------------------
-00-  00  00  00  00  00  00  00  00 | 00  00  00  00  00  00  00  00 
-10-  00  00  00  00  00  00  00  00 | 00  00  00  00  00  00  00  00 
-20-  00  00  00  00  00  00  00  00 | 00  00  00  00  00  00  00  00 
-30-  00  00  00  00  00  00  00  00 | 00  00  00  00  00  00  00  00 
-40-  00  00  00  00  00  00  00  00 | 00  00  00  00  00  00  00  00 
-50-  00  00  00  00  00  00  00  00 | 00  00  00  00  00  00  00  00 
-60-  00  00  00  00  00  00  00  00 | 00  00  00  00  00  00  00  00 
-70-  00  00  00  00  00  00  00  00 | 00  00  00  00  00  00  00  00 
-80-  00  00  00  00  00  00  00  00 | 00  00  00  00  00  00  00  00 
-90-  00  00  00  00  00  00  00  00 | 00  00  00  00  00  00  00  00 
-A0-  00  00  00  00  00  00  00  00 | 00  00  00  00  00  00  00  00 
-B0-  00  00  00  00  00  00  00  00 | 00  00  00  00  00  00  00  00 
-C0-  00  00  00  00  00  00  00  00 | 00  00  00  00  00  00  00  00 
-D0-  00  00  00  00  00  00  00  00 | 00  00  00  00  00  00  00  00 
-E0-  00  00  00  00  00  00  00  00 | 00  00  00  00  00  00  00  00 
-F0-  00  00  00  00  00  00  00  00 | 00  00  00  00  00  00  00  00 



BANK 133
------00--01--02--03--04--05--06--07-|-08--09--0A--0B--0C--0D--0E--0F-
----------------------------------------------------------------------
-00-  00  00  00  00  00  00  00  00 | 00  00  00  00  00  00  00  00 
-10-  00  00  00  00  00  00  00  00 | 00  00  00  00  00  00  00  00 
-20-  00  00  00  00  00  00  00  00 | 00  00  00  00  00  00  00  00 
-30-  00  00  00  00  00  00  00  00 | 00  00  00  00  00  00  00  00 
-40-  00  00  00  00  00  00  00  00 | 00  00  00  00  00  00  00  00 
-50-  00  00  00  00  00  00  00  00 | 00  00  00  00  00  00  00  00 
-60-  00  00  00  00  00  00  00  00 | 00  00  00  00  00  00  00  00 
-70-  00  00  00  00  00  00  00  00 | 00  00  00  00  00  00  00  00 
-80-  00  00  00  00  00  00  00  00 | 00  00  00  00  00  00  00  00 
-90-  00  00  00  00  00  00  00  00 | 00  00  00  00  00  00  00  00 
-A0-  00  00  00  00  00  00  00  00 | 00  00  00  00  00  00  00  00 
-B0-  00  00  00  00  00  00  00  00 | 00  00  00  00  00  00  00  00 
-C0-  00  00  00  00  00  00  00  00 | 00  00  00  00  00  00  00  00 
-D0-  00  00  00  00  00  00  00  00 | 00  00  00  00  00  00  00  00 
-E0-  00  00  00  00  00  00  00  00 | 00  00  00  00  00  00  00  00 
-F0-  00  00  00  00  00  00  00  00 | 00  00  00  00  00  00  00  00 



BANK 134
------00--01--02--03--04--05--06--07-|-08--09--0A--0B--0C--0D--0E--0F-
----------------------------------------------------------------------
-00-  00  00  00  00  00  00  00  00 | 00  00  00  00  00  00  00  00 
-10-  00  00  00  00  00  00  00  00 | 00  00  00  00  00  00  00  00 
-20-  00  00  00  00  00  00  00  00 | 00  00  00  00  00  00  00  00 
-30-  00  00  00  00  00  00  00  00 | 00  00  00  00  00  00  00  00 
-40-  00  00  00  00  00  00  00  00 | 00  00  00  00  00  00  00  00 
-50-  00  00  00  00  00  00  00  00 | 00  00  00  00  00  00  00  00 
-60-  00  00  00  00  00  00  00  00 | 00  00  00  00  00  00  00  00 
-70-  00  00  00  00  00  00  00  00 | 00  00  00  00  00  00  00  00 
-80-  00  00  00  00  00  00  00  00 | 00  00  00  00  00  00  00  00 
-90-  00  00  00  00  00  00  00  00 | 00  00  00  00  00  00  00  00 
-A0-  00  00  00  00  00  00  00  00 | 00  00  00  00  00  00  00  00 
-B0-  00  00  00  00  00  00  00  00 | 00  00  00  00  00  00  00  00 
-C0-  00  00  00  00  00  00  00  00 | 00  00  00  00  00  00  00  00 
-D0-  00  00  00  00  00  00  00  00 | 00  00  00  00  00  00  00  00 
-E0-  00  00  00  00  00  00  00  00 | 00  00  00  00  00  00  00  00 
-F0-  00  00  00  00  00  00  00  00 | 00  00  00  00  00  00  00  00 



BANK 135
------00--01--02--03--04--05--06--07-|-08--09--0A--0B--0C--0D--0E--0F-
----------------------------------------------------------------------
-00-  00  00  00  00  00  00  00  00 | 00  00  00  00  00  00  00  00 
-10-  00  00  00  00  00  00  00  00 | 00  00  00  00  00  00  00  00 
-20-  00  00  00  00  00  00  00  00 | 00  00  00  00  00  00  00  00 
-30-  00  00  00  00  00  00  00  00 | 00  00  00  00  00  00  00  00 
-40-  00  00  00  00  00  00  00  00 | 00  00  00  00  00  00  00  00 
-50-  00  00  00  00  00  00  00  00 | 00  00  00  00  00  00  00  00 
-60-  00  00  00  00  00  00  00  00 | 00  00  00  00  00  00  00  00 
-70-  00  00  00  00  00  00  00  00 | 00  00  00  00  00  00  00  00 
-80-  00  00  00  00  00  00  00  00 | 00  00  00  00  00  00  00  00 
-90-  00  00  00  00  00  00  00  00 | 00  00  00  00  00  00  00  00 
-A0-  00  00  00  00  00  00  00  00 | 00  00  00  00  00  00  00  00 
-B0-  00  00  00  00  00  00  00  00 | 00  00  00  00  00  00  00  00 
-C0-  00  00  00  00  00  00  00  00 | 00  00  00  00  00  00  00  00 
-D0-  00  00  00  00  00  00  00  00 | 00  00  00  00  00  00  00  00 
-E0-  00  00  00  00  00  00  00  00 | 00  00  00  00  00  00  00  00 
-F0-  00  00  00  00  00  00  00  00 | 00  00  00  00  00  00  00  00 



BANK 136
------00--01--02--03--04--05--06--07-|-08--09--0A--0B--0C--0D--0E--0F-
----------------------------------------------------------------------
-00-  00  00  00  00  00  00  00  00 | 00  00  00  00  00  00  00  00 
-10-  00  00  00  00  00  00  00  00 | 00  00  00  00  00  00  00  00 
-20-  00  00  00  00  00  00  00  00 | 00  00  00  00  00  00  00  00 
-30-  00  00  00  00  00  00  00  00 | 00  00  00  00  00  00  00  00 
-40-  00  00  00  00  00  00  00  00 | 00  00  00  00  00  00  00  00 
-50-  00  00  00  00  00  00  00  00 | 00  00  00  00  00  00  00  00 
-60-  00  00  00  00  00  00  00  00 | 00  00  00  00  00  00  00  00 
-70-  00  00  00  00  00  00  00  00 | 00  00  00  00  00  00  00  00 
-80-  00  00  00  00  00  00  00  00 | 00  00  00  00  00  00  00  00 
-90-  00  00  00  00  00  00  00  00 | 00  00  00  00  00  00  00  00 
-A0-  00  00  00  00  00  00  00  00 | 00  00  00  00  00  00  00  00 
-B0-  00  00  00  00  00  00  00  00 | 00  00  00  00  00  00  00  00 
-C0-  00  00  00  00  00  00  00  00 | 00  00  00  00  00  00  00  00 
-D0-  00  00  00  00  00  00  00  00 | 00  00  00  00  00  00  00  00 
-E0-  00  00  00  00  00  00  00  00 | 00  00  00  00  00  00  00  00 
-F0-  00  00  00  00  00  00  00  00 | 00  00  00  00  00  00  00  00 



BANK 137
------00--01--02--03--04--05--06--07-|-08--09--0A--0B--0C--0D--0E--0F-
----------------------------------------------------------------------
-00-  00  00  00  00  00  00  00  00 | 00  00  00  00  00  00  00  00 
-10-  00  00  00  00  00  00  00  00 | 00  00  00  00  00  00  00  00 
-20-  00  00  00  00  00  00  00  00 | 00  00  00  00  00  00  00  00 
-30-  00  00  00  00  00  00  00  00 | 00  00  00  00  00  00  00  00 
-40-  00  00  00  00  00  00  00  00 | 00  00  00  00  00  00  00  00 
-50-  00  00  00  00  00  00  00  00 | 00  00  00  00  00  00  00  00 
-60-  00  00  00  00  00  00  00  00 | 00  00  00  00  00  00  00  00 
-70-  00  00  00  00  00  00  00  00 | 00  00  00  00  00  00  00  00 
-80-  00  00  00  00  00  00  00  00 | 00  00  00  00  00  00  00  00 
-90-  00  00  00  00  00  00  00  00 | 00  00  00  00  00  00  00  00 
-A0-  00  00  00  00  00  00  00  00 | 00  00  00  00  00  00  00  00 
-B0-  00  00  00  00  00  00  00  00 | 00  00  00  00  00  00  00  00 
-C0-  00  00  00  00  00  00  00  00 | 00  00  00  00  00  00  00  00 
-D0-  00  00  00  00  00  00  00  00 | 00  00  00  00  00  00  00  00 
-E0-  00  00  00  00  00  00  00  00 | 00  00  00  00  00  00  00  00 
-F0-  00  00  00  00  00  00  00  00 | 00  00  00  00  00  00  00  00 



BANK 138
------00--01--02--03--04--05--06--07-|-08--09--0A--0B--0C--0D--0E--0F-
----------------------------------------------------------------------
-00-  00  00  00  00  00  00  00  00 | 00  00  00  00  00  00  00  00 
-10-  00  00  00  00  00  00  00  00 | 00  00  00  00  00  00  00  00 
-20-  00  00  00  00  00  00  00  00 | 00  00  00  00  00  00  00  00 
-30-  00  00  00  00  00  00  00  00 | 00  00  00  00  00  00  00  00 
-40-  00  00  00  00  00  00  00  00 | 00  00  00  00  00  00  00  00 
-50-  00  00  00  00  00  00  00  00 | 00  00  00  00  00  00  00  00 
-60-  00  00  00  00  00  00  00  00 | 00  00  00  00  00  00  00  00 
-70-  00  00  00  00  00  00  00  00 | 00  00  00  00  00  00  00  00 
-80-  00  00  00  00  00  00  00  00 | 00  00  00  00  00  00  00  00 
-90-  00  00  00  00  00  00  00  00 | 00  00  00  00  00  00  00  00 
-A0-  00  00  00  00  00  00  00  00 | 00  00  00  00  00  00  00  00 
-B0-  00  00  00  00  00  00  00  00 | 00  00  00  00  00  00  00  00 
-C0-  00  00  00  00  00  00  00  00 | 00  00  00  00  00  00  00  00 
-D0-  00  00  00  00  00  00  00  00 | 00  00  00  00  00  00  00  00 
-E0-  00  00  00  00  00  00  00  00 | 00  00  00  00  00  00  00  00 
-F0-  00  00  00  00  00  00  00  00 | 00  00  00  00  00  00  00  00 



BANK 139
------00--01--02--03--04--05--06--07-|-08--09--0A--0B--0C--0D--0E--0F-
----------------------------------------------------------------------
-00-  00  00  00  00  00  00  00  00 | 00  00  00  00  00  00  00  00 
-10-  00  00  00  00  00  00  00  00 | 00  00  00  00  00  00  00  00 
-20-  00  00  00  00  00  00  00  00 | 00  00  00  00  00  00  00  00 
-30-  00  00  00  00  00  00  00  00 | 00  00  00  00  00  00  00  00 
-40-  00  00  00  00  00  00  00  00 | 00  00  00  00  00  00  00  00 
-50-  00  00  00  00  00  00  00  00 | 00  00  00  00  00  00  00  00 
-60-  00  00  00  00  00  00  00  00 | 00  00  00  00  00  00  00  00 
-70-  00  00  00  00  00  00  00  00 | 00  00  00  00  00  00  00  00 
-80-  00  00  00  00  00  00  00  00 | 00  00  00  00  00  00  00  00 
-90-  00  00  00  00  00  00  00  00 | 00  00  00  00  00  00  00  00 
-A0-  00  00  00  00  00  00  00  00 | 00  00  00  00  00  00  00  00 
-B0-  00  00  00  00  00  00  00  00 | 00  00  00  00  00  00  00  00 
-C0-  00  00  00  00  00  00  00  00 | 00  00  00  00  00  00  00  00 
-D0-  00  00  00  00  00  00  00  00 | 00  00  00  00  00  00  00  00 
-E0-  00  00  00  00  00  00  00  00 | 00  00  00  00  00  00  00  00 
-F0-  00  00  00  00  00  00  00  00 | 00  00  00  00  00  00  00  00 



BANK 13A
------00--01--02--03--04--05--06--07-|-08--09--0A--0B--0C--0D--0E--0F-
----------------------------------------------------------------------
-00-  00  00  00  00  00  00  00  00 | 00  00  00  00  00  00  00  00 
-10-  00  00  00  00  00  00  00  00 | 00  00  00  00  00  00  00  00 
-20-  00  00  00  00  00  00  00  00 | 00  00  00  00  00  00  00  00 
-30-  00  00  00  00  00  00  00  00 | 00  00  00  00  00  00  00  00 
-40-  00  00  00  00  00  00  00  00 | 00  00  00  00  00  00  00  00 
-50-  00  00  00  00  00  00  00  00 | 00  00  00  00  00  00  00  00 
-60-  00  00  00  00  00  00  00  00 | 00  00  00  00  00  00  00  00 
-70-  00  00  00  00  00  00  00  00 | 00  00  00  00  00  00  00  00 
-80-  00  00  00  00  00  00  00  00 | 00  00  00  00  00  00  00  00 
-90-  00  00  00  00  00  00  00  00 | 00  00  00  00  00  00  00  00 
-A0-  00  00  00  00  00  00  00  00 | 00  00  00  00  00  00  00  00 
-B0-  00  00  00  00  00  00  00  00 | 00  00  00  00  00  00  00  00 
-C0-  00  00  00  00  00  00  00  00 | 00  00  00  00  00  00  00  00 
-D0-  00  00  00  00  00  00  00  00 | 00  00  00  00  00  00  00  00 
-E0-  00  00  00  00  00  00  00  00 | 00  00  00  00  00  00  00  00 
-F0-  00  00  00  00  00  00  00  00 | 00  00  00  00  00  00  00  00 



BANK 13B
------00--01--02--03--04--05--06--07-|-08--09--0A--0B--0C--0D--0E--0F-
----------------------------------------------------------------------
-00-  00  00  00  00  00  00  00  00 | 00  00  00  00  00  00  00  00 
-10-  00  00  00  00  00  00  00  00 | 00  00  00  00  00  00  00  00 
-20-  00  00  00  00  00  00  00  00 | 00  00  00  00  00  00  00  00 
-30-  00  00  00  00  00  00  00  00 | 00  00  00  00  00  00  00  00 
-40-  00  00  00  00  00  00  00  00 | 00  00  00  00  00  00  00  00 
-50-  00  00  00  00  00  00  00  00 | 00  00  00  00  00  00  00  00 
-60-  00  00  00  00  00  00  00  00 | 00  00  00  00  00  00  00  00 
-70-  00  00  00  00  00  00  00  00 | 00  00  00  00  00  00  00  00 
-80-  00  00  00  00  00  00  00  00 | 00  00  00  00  00  00  00  00 
-90-  00  00  00  00  00  00  00  00 | 00  00  00  00  00  00  00  00 
-A0-  00  00  00  00  00  00  00  00 | 00  00  00  00  00  00  00  00 
-B0-  00  00  00  00  00  00  00  00 | 00  00  00  00  00  00  00  00 
-C0-  00  00  00  00  00  00  00  00 | 00  00  00  00  00  00  00  00 
-D0-  00  00  00  00  00  00  00  00 | 00  00  00  00  00  00  00  00 
-E0-  00  00  00  00  00  00  00  00 | 00  00  00  00  00  00  00  00 
-F0-  00  00  00  00  00  00  00  00 | 00  00  00  00  00  00  00  00 



BANK 13C
------00--01--02--03--04--05--06--07-|-08--09--0A--0B--0C--0D--0E--0F-
----------------------------------------------------------------------
-00-  00  00  00  00  00  00  00  00 | 00  00  00  00  00  00  00  00 
-10-  00  00  00  00  00  00  00  00 | 00  00  00  00  00  00  00  00 
-20-  00  00  00  00  00  00  00  00 | 00  00  00  00  00  00  00  00 
-30-  00  00  00  00  00  00  00  00 | 00  00  00  00  00  00  00  00 
-40-  00  00  00  00  00  00  00  00 | 00  00  00  00  00  00  00  00 
-50-  00  00  00  00  00  00  00  00 | 00  00  00  00  00  00  00  00 
-60-  00  00  00  00  00  00  00  00 | 00  00  00  00  00  00  00  00 
-70-  00  00  00  00  00  00  00  00 | 00  00  00  00  00  00  00  00 
-80-  00  00  00  00  00  00  00  00 | 00  00  00  00  00  00  00  00 
-90-  00  00  00  00  00  00  00  00 | 00  00  00  00  00  00  00  00 
-A0-  00  00  00  00  00  00  00  00 | 00  00  00  00  00  00  00  00 
-B0-  00  00  00  00  00  00  00  00 | 00  00  00  00  00  00  00  00 
-C0-  00  00  00  00  00  00  00  00 | 00  00  00  00  00  00  00  00 
-D0-  00  00  00  00  00  00  00  00 | 00  00  00  00  00  00  00  00 
-E0-  00  00  00  00  00  00  00  00 | 00  00  00  00  00  00  00  00 
-F0-  00  00  00  00  00  00  00  00 | 00  00  00  00  00  00  00  00 



BANK 13D
------00--01--02--03--04--05--06--07-|-08--09--0A--0B--0C--0D--0E--0F-
----------------------------------------------------------------------
-00-  00  00  00  00  00  00  00  00 | 00  00  00  00  00  00  00  00 
-10-  00  00  00  00  00  00  00  00 | 00  00  00  00  00  00  00  00 
-20-  00  00  00  00  00  00  00  00 | 00  00  00  00  00  00  00  00 
-30-  00  00  00  00  00  00  00  00 | 00  00  00  00  00  00  00  00 
-40-  00  00  00  00  00  00  00  00 | 00  00  00  00  00  00  00  00 
-50-  00  00  00  00  00  00  00  00 | 00  00  00  00  00  00  00  00 
-60-  00  00  00  00  00  00  00  00 | 00  00  00  00  00  00  00  00 
-70-  00  00  00  00  00  00  00  00 | 00  00  00  00  00  00  00  00 
-80-  00  00  00  00  00  00  00  00 | 00  00  00  00  00  00  00  00 
-90-  00  00  00  00  00  00  00  00 | 00  00  00  00  00  00  00  00 
-A0-  00  00  00  00  00  00  00  00 | 00  00  00  00  00  00  00  00 
-B0-  00  00  00  00  00  00  00  00 | 00  00  00  00  00  00  00  00 
-C0-  00  00  00  00  00  00  00  00 | 00  00  00  00  00  00  00  00 
-D0-  00  00  00  00  00  00  00  00 | 00  00  00  00  00  00  00  00 
-E0-  00  00  00  00  00  00  00  00 | 00  00  00  00  00  00  00  00 
-F0-  00  00  00  00  00  00  00  00 | 00  00  00  00  00  00  00  00 



BANK 13E
------00--01--02--03--04--05--06--07-|-08--09--0A--0B--0C--0D--0E--0F-
----------------------------------------------------------------------
-00-  00  00  00  00  00  00  00  00 | 00  00  00  00  00  00  00  00 
-10-  00  00  00  00  00  00  00  00 | 00  00  00  00  00  00  00  00 
-20-  00  00  00  00  00  00  00  00 | 00  00  00  00  00  00  00  00 
-30-  00  00  00  00  00  00  00  00 | 00  00  00  00  00  00  00  00 
-40-  00  00  00  00  00  00  00  00 | 00  00  00  00  00  00  00  00 
-50-  00  00  00  00  00  00  00  00 | 00  00  00  00  00  00  00  00 
-60-  00  00  00  00  00  00  00  00 | 00  00  00  00  00  00  00  00 
-70-  00  00  00  00  00  00  00  00 | 00  00  00  00  00  00  00  00 
-80-  00  00  00  00  00  00  00  00 | 00  00  00  00  00  00  00  00 
-90-  00  00  00  00  00  00  00  00 | 00  00  00  00  00  00  00  00 
-A0-  00  00  00  00  00  00  00  00 | 00  00  00  00  00  00  00  00 
-B0-  00  00  00  00  00  00  00  00 | 00  00  00  00  00  00  00  00 
-C0-  00  00  00  00  00  00  00  00 | 00  00  00  00  00  00  00  00 
-D0-  00  00  00  00  00  00  00  00 | 00  00  00  00  00  00  00  00 
-E0-  00  00  00  00  00  00  00  00 | 00  00  00  00  00  00  00  00 
-F0-  00  00  00  00  00  00  00  00 | 00  00  00  00  00  00  00  00 



BANK 13F
------00--01--02--03--04--05--06--07-|-08--09--0A--0B--0C--0D--0E--0F-
----------------------------------------------------------------------
-00-  00  00  00  00  00  00  00  00 | 00  00  00  00  00  00  00  00 
-10-  00  00  00  00  00  00  00  00 | 00  00  00  00  00  00  00  00 
-20-  00  00  00  00  00  00  00  00 | 00  00  00  00  00  00  00  00 
-30-  00  00  00  00  00  00  00  00 | 00  00  00  00  00  00  00  00 
-40-  00  00  00  00  00  00  00  00 | 00  00  00  00  00  00  00  00 
-50-  00  00  00  00  00  00  00  00 | 00  00  00  00  00  00  00  00 
-60-  00  00  00  00  00  00  00  00 | 00  00  00  00  00  00  00  00 
-70-  00  00  00  00  00  00  00  00 | 00  00  00  00  00  00  00  00 
-80-  00  00  00  00  00  00  00  00 | 00  00  00  00  00  00  00  00 
-90-  00  00  00  00  00  00  00  00 | 00  00  00  00  00  00  00  00 
-A0-  00  00  00  00  00  00  00  00 | 00  00  00  00  00  00  00  00 
-B0-  00  00  00  00  00  00  00  00 | 00  00  00  00  00  00  00  00 
-C0-  00  00  00  00  00  00  00  00 | 00  00  00  00  00  00  00  00 
-D0-  00  00  00  00  00  00  00  00 | 00  00  00  00  00  00  00  00 
-E0-  00  00  00  00  00  00  00  00 | 00  00  00  00  00  00  00  00 
-F0-  00  00  00  00  00  00  00  00 | 00  00  00  00  00  00  00  00 



BANK 140
------00--01--02--03--04--05--06--07-|-08--09--0A--0B--0C--0D--0E--0F-
----------------------------------------------------------------------
-00-  00  00  00  00  00  00  00  00 | 00  00  00  00  00  00  00  00 
-10-  00  00  00  00  00  00  00  00 | 00  00  00  00  00  00  00  00 
-20-  00  00  00  00  00  00  00  00 | 00  00  00  00  00  00  00  00 
-30-  00  00  00  00  00  00  00  00 | 00  00  00  00  00  00  00  00 
-40-  00  00  00  00  00  00  00  00 | 00  00  00  00  00  00  00  00 
-50-  00  00  00  00  00  00  00  00 | 00  00  00  00  00  00  00  00 
-60-  00  00  00  00  00  00  00  00 | 00  00  00  00  00  00  00  00 
-70-  00  00  00  00  00  00  00  00 | 00  00  00  00  00  00  00  00 
-80-  00  00  00  00  00  00  00  00 | 00  00  00  00  00  00  00  00 
-90-  00  00  00  00  00  00  00  00 | 00  00  00  00  00  00  00  00 
-A0-  00  00  00  00  00  00  00  00 | 00  00  00  00  00  00  00  00 
-B0-  00  00  00  00  00  00  00  00 | 00  00  00  00  00  00  00  00 
-C0-  00  00  00  00  00  00  00  00 | 00  00  00  00  00  00  00  00 
-D0-  00  00  00  00  00  00  00  00 | 00  00  00  00  00  00  00  00 
-E0-  00  00  00  00  00  00  00  00 | 00  00  00  00  00  00  00  00 
-F0-  00  00  00  00  00  00  00  00 | 00  00  00  00  00  00  00  00 



BANK 1000
------00--01--02--03--04--05--06--07-|-08--09--0A--0B--0C--0D--0E--0F-
----------------------------------------------------------------------
-00-  00  00  00  00  00  00  00  00 | 00  00  00  00  00  00  00  00 
-10-  00  00  00  00  00  00  00  00 | 00  00  00  00  00  00  00  00 
-20-  00  00  00  00  00  00  00  00 | 00  00  00  00  00  00  00  00 
-30-  00  00  00  00  00  00  00  00 | 00  00  00  00  00  00  00  00 
-40-  00  00  00  00  00  00  00  00 | 00  00  00  00  00  00  00  00 
-50-  00  00  00  00  00  00  00  00 | 00  00  00  00  00  00  00  00 
-60-  00  00  00  00  00  00  00  00 | 00  00  00  00  00  00  00  00 
-70-  00  00  00  00  00  00  00  00 | 00  00  00  00  00  00  00  00 
-80-  00  00  00  00  00  00  00  00 | 00  00  00  00  00  00  00  00 
-90-  00  00  00  00  00  00  00  00 | 00  00  00  00  00  00  00  00 
-A0-  00  00  00  00  00  00  00  00 | 00  00  00  00  00  00  00  00 
-B0-  00  00  00  00  00  00  00  00 | 00  00  00  00  00  00  00  00 
-C0-  00  00  00  00  00  00  00  00 | 00  00  00  00  00  00  00  00 
-D0-  00  00  00  00  00  00  00  00 | 00  00  00  00  00  00  00  00 
-E0-  00  00  00  00  00  00  00  00 | 00  00  00  00  00  00  00  00 
-F0-  00  00  00  00  00  00  00  00 | 00  00  00  00  00  00  00  00 



BANK 1001
------00--01--02--03--04--05--06--07-|-08--09--0A--0B--0C--0D--0E--0F-
----------------------------------------------------------------------
-00-  00  00  00  00  00  00  00  00 | 00  00  00  00  00  00  00  00 
-10-  00  00  00  00  00  00  00  00 | 00  00  00  00  00  00  00  00 
-20-  00  00  00  00  00  00  00  00 | 00  00  00  00  00  00  00  00 
-30-  00  00  00  00  00  00  00  00 | 00  00  00  00  00  00  00  00 
-40-  00  00  00  00  00  00  00  00 | 00  00  00  00  00  00  00  00 
-50-  00  00  00  00  00  00  00  00 | 00  00  00  00  00  00  00  00 
-60-  00  00  00  00  00  00  00  00 | 00  00  00  00  00  00  00  00 
-70-  00  00  00  00  00  00  00  00 | 00  00  00  00  00  00  00  00 
-80-  00  00  00  00  00  00  00  00 | 00  00  00  00  00  00  00  00 
-90-  00  00  00  00  00  00  00  00 | 00  00  00  00  00  00  00  00 
-A0-  00  00  00  00  00  00  00  00 | 00  00  00  00  00  00  00  00 
-B0-  00  00  00  00  00  00  00  00 | 00  00  00  00  00  00  00  00 
-C0-  00  00  00  00  00  00  00  00 | 00  00  00  00  00  00  00  00 
-D0-  00  00  00  00  00  00  00  00 | 00  00  00  00  00  00  00  00 
-E0-  00  00  00  00  00  00  00  00 | 00  00  00  00  00  00  00  00 
-F0-  00  00  00  00  00  00  00  00 | 00  00  00  00  00  00  00  00 



BANK 1002
------00--01--02--03--04--05--06--07-|-08--09--0A--0B--0C--0D--0E--0F-
----------------------------------------------------------------------
-00-  00  00  00  00  00  00  00  00 | 00  00  00  00  00  00  00  00 
-10-  00  00  00  00  00  00  00  00 | 00  00  00  00  00  00  00  00 
-20-  00  00  00  00  00  00  00  00 | 00  00  00  00  00  00  00  00 
-30-  00  00  00  00  00  00  00  00 | 00  00  00  00  00  00  00  00 
-40-  00  00  00  00  00  00  00  00 | 00  00  00  00  00  00  00  00 
-50-  00  00  00  00  00  00  00  00 | 00  00  00  00  00  00  00  00 
-60-  00  00  00  00  00  00  00  00 | 00  00  00  00  00  00  00  00 
-70-  00  00  00  00  00  00  00  00 | 00  00  00  00  00  00  00  00 
-80-  00  00  00  00  00  00  00  00 | 00  00  00  00  00  00  00  00 
-90-  00  00  00  00  00  00  00  00 | 00  00  00  00  00  00  00  00 
-A0-  00  00  00  00  00  00  00  00 | 00  00  00  00  00  00  00  00 
-B0-  00  00  00  00  00  00  00  00 | 00  00  00  00  00  00  00  00 
-C0-  00  00  00  00  00  00  00  00 | 00  00  00  00  00  00  00  00 
-D0-  00  00  00  00  00  00  00  00 | 00  00  00  00  00  00  00  00 
-E0-  00  00  00  00  00  00  00  00 | 00  00  00  00  00  00  00  00 
-F0-  00  00  00  00  00  00  00  00 | 00  00  00  00  00  00  00  00 



BANK 1003
------00--01--02--03--04--05--06--07-|-08--09--0A--0B--0C--0D--0E--0F-
----------------------------------------------------------------------
-00-  00  00  00  00  00  00  00  00 | 00  00  00  00  00  00  00  00 
-10-  00  00  00  00  00  00  00  00 | 00  00  00  00  00  00  00  00 
-20-  00  00  00  00  00  00  00  00 | 00  00  00  00  00  00  00  00 
-30-  00  00  00  00  00  00  00  00 | 00  00  00  00  00  00  00  00 
-40-  00  00  00  00  00  00  00  00 | 00  00  00  00  00  00  00  00 
-50-  00  00  00  00  00  00  00  00 | 00  00  00  00  00  00  00  00 
-60-  00  00  00  00  00  00  00  00 | 00  00  00  00  00  00  00  00 
-70-  00  00  00  00  00  00  00  00 | 00  00  00  00  00  00  00  00 
-80-  00  00  00  00  00  00  00  00 | 00  00  00  00  00  00  00  00 
-90-  00  00  00  00  00  00  00  00 | 00  00  00  00  00  00  00  00 
-A0-  00  00  00  00  00  00  00  00 | 00  00  00  00  00  00  00  00 
-B0-  00  00  00  00  00  00  00  00 | 00  00  00  00  00  00  00  00 
-C0-  00  00  00  00  00  00  00  00 | 00  00  00  00  00  00  00  00 
-D0-  00  00  00  00  00  00  00  00 | 00  00  00  00  00  00  00  00 
-E0-  00  00  00  00  00  00  00  00 | 00  00  00  00  00  00  00  00 
-F0-  00  00  00  00  00  00  00  00 | 00  00  00  00  00  00  00  00 



BANK 1004
------00--01--02--03--04--05--06--07-|-08--09--0A--0B--0C--0D--0E--0F-
----------------------------------------------------------------------
-00-  00  00  00  00  00  00  00  00 | 00  00  00  00  00  00  00  00 
-10-  00  00  00  00  00  00  00  00 | 00  00  00  00  00  00  00  00 
-20-  00  00  00  00  00  00  00  00 | 00  00  00  00  00  00  00  00 
-30-  00  00  00  00  00  00  00  00 | 00  00  00  00  00  00  00  00 
-40-  00  00  00  00  00  00  00  00 | 00  00  00  00  00  00  00  00 
-50-  00  00  00  00  00  00  00  00 | 00  00  00  00  00  00  00  00 
-60-  00  00  00  00  00  00  00  00 | 00  00  00  00  00  00  00  00 
-70-  00  00  00  00  00  00  00  00 | 00  00  00  00  00  00  00  00 
-80-  00  00  00  00  00  00  00  00 | 00  00  00  00  00  00  00  00 
-90-  00  00  00  00  00  00  00  00 | 00  00  00  00  00  00  00  00 
-A0-  00  00  00  00  00  00  00  00 | 00  00  00  00  00  00  00  00 
-B0-  00  00  00  00  00  00  00  00 | 00  00  00  00  00  00  00  00 
-C0-  00  00  00  00  00  00  00  00 | 00  00  00  00  00  00  00  00 
-D0-  00  00  00  00  00  00  00  00 | 00  00  00  00  00  00  00  00 
-E0-  00  00  00  00  00  00  00  00 | 00  00  00  00  00  00  00  00 
-F0-  00  00  00  00  00  00  00  00 | 00  00  00  00  00  00  00  00 



BANK 1005
------00--01--02--03--04--05--06--07-|-08--09--0A--0B--0C--0D--0E--0F-
----------------------------------------------------------------------
-00-  00  00  00  00  00  00  00  00 | 00  00  00  00  00  00  00  00 
-10-  00  00  00  00  00  00  00  00 | 00  00  00  00  00  00  00  00 
-20-  00  00  00  00  00  00  00  00 | 00  00  00  00  00  00  00  00 
-30-  00  00  00  00  00  00  00  00 | 00  00  00  00  00  00  00  00 
-40-  00  00  00  00  00  00  00  00 | 00  00  00  00  00  00  00  00 
-50-  00  00  00  00  00  00  00  00 | 00  00  00  00  00  00  00  00 
-60-  00  00  00  00  00  00  00  00 | 00  00  00  00  00  00  00  00 
-70-  00  00  00  00  00  00  00  00 | 00  00  00  00  00  00  00  00 
-80-  00  00  00  00  00  00  00  00 | 00  00  00  00  00  00  00  00 
-90-  00  00  00  00  00  00  00  00 | 00  00  00  00  00  00  00  00 
-A0-  00  00  00  00  00  00  00  00 | 00  00  00  00  00  00  00  00 
-B0-  00  00  00  00  00  00  00  00 | 00  00  00  00  00  00  00  00 
-C0-  00  00  00  00  00  00  00  00 | 00  00  00  00  00  00  00  00 
-D0-  00  00  00  00  00  00  00  00 | 00  00  00  00  00  00  00  00 
-E0-  00  00  00  00  00  00  00  00 | 00  00  00  00  00  00  00  00 
-F0-  00  00  00  00  00  00  00  00 | 00  00  00  00  00  00  00  00 



BANK 1006
------00--01--02--03--04--05--06--07-|-08--09--0A--0B--0C--0D--0E--0F-
----------------------------------------------------------------------
-00-  00  00  00  00  00  00  00  00 | 00  00  00  00  00  00  00  00 
-10-  00  00  00  00  00  00  00  00 | 00  00  00  00  00  00  00  00 
-20-  00  00  00  00  00  00  00  00 | 00  00  00  00  00  00  00  00 
-30-  00  00  00  00  00  00  00  00 | 00  00  00  00  00  00  00  00 
-40-  00  00  00  00  00  00  00  00 | 00  00  00  00  00  00  00  00 
-50-  00  00  00  00  00  00  00  00 | 00  00  00  00  00  00  00  00 
-60-  00  00  00  00  00  00  00  00 | 00  00  00  00  00  00  00  00 
-70-  00  00  00  00  00  00  00  00 | 00  00  00  00  00  00  00  00 
-80-  00  00  00  00  00  00  00  00 | 00  00  00  00  00  00  00  00 
-90-  00  00  00  00  00  00  00  00 | 00  00  00  00  00  00  00  00 
-A0-  00  00  00  00  00  00  00  00 | 00  00  00  00  00  00  00  00 
-B0-  00  00  00  00  00  00  00  00 | 00  00  00  00  00  00  00  00 
-C0-  00  00  00  00  00  00  00  00 | 00  00  00  00  00  00  00  00 
-D0-  00  00  00  00  00  00  00  00 | 00  00  00  00  00  00  00  00 
-E0-  00  00  00  00  00  00  00  00 | 00  00  00  00  00  00  00  00 
-F0-  00  00  00  00  00  00  00  00 | 00  00  00  00  00  00  00  00 



BANK 1007
------00--01--02--03--04--05--06--07-|-08--09--0A--0B--0C--0D--0E--0F-
----------------------------------------------------------------------
-00-  00  00  00  00  00  00  00  00 | 00  00  00  00  00  00  00  00 
-10-  00  00  00  00  00  00  00  00 | 00  00  00  00  00  00  00  00 
-20-  00  00  00  00  00  00  00  00 | 00  00  00  00  00  00  00  00 
-30-  00  00  00  00  00  00  00  00 | 00  00  00  00  00  00  00  00 
-40-  00  00  00  00  00  00  00  00 | 00  00  00  00  00  00  00  00 
-50-  00  00  00  00  00  00  00  00 | 00  00  00  00  00  00  00  00 
-60-  00  00  00  00  00  00  00  00 | 00  00  00  00  00  00  00  00 
-70-  00  00  00  00  00  00  00  00 | 00  00  00  00  00  00  00  00 
-80-  00  00  00  00  00  00  00  00 | 00  00  00  00  00  00  00  00 
-90-  00  00  00  00  00  00  00  00 | 00  00  00  00  00  00  00  00 
-A0-  00  00  00  00  00  00  00  00 | 00  00  00  00  00  00  00  00 
-B0-  00  00  00  00  00  00  00  00 | 00  00  00  00  00  00  00  00 
-C0-  00  00  00  00  00  00  00  00 | 00  00  00  00  00  00  00  00 
-D0-  00  00  00  00  00  00  00  00 | 00  00  00  00  00  00  00  00 
-E0-  00  00  00  00  00  00  00  00 | 00  00  00  00  00  00  00  00 
-F0-  00  00  00  00  00  00  00  00 | 00  00  00  00  00  00  00  00 



BANK 1008
------00--01--02--03--04--05--06--07-|-08--09--0A--0B--0C--0D--0E--0F-
----------------------------------------------------------------------
-00-  00  00  00  00  00  00  00  00 | 00  00  00  00  00  00  00  00 
-10-  00  00  00  00  00  00  00  00 | 00  00  00  00  00  00  00  00 
-20-  00  00  00  00  00  00  00  00 | 00  00  00  00  00  00  00  00 
-30-  00  00  00  00  00  00  00  00 | 00  00  00  00  00  00  00  00 
-40-  00  00  00  00  00  00  00  00 | 00  00  00  00  00  00  00  00 
-50-  00  00  00  00  00  00  00  00 | 00  00  00  00  00  00  00  00 
-60-  00  00  00  00  00  00  00  00 | 00  00  00  00  00  00  00  00 
-70-  00  00  00  00  00  00  00  00 | 00  00  00  00  00  00  00  00 
-80-  00  00  00  00  00  00  00  00 | 00  00  00  00  00  00  00  00 
-90-  00  00  00  00  00  00  00  00 | 00  00  00  00  00  00  00  00 
-A0-  00  00  00  00  00  00  00  00 | 00  00  00  00  00  00  00  00 
-B0-  00  00  00  00  00  00  00  00 | 00  00  00  00  00  00  00  00 
-C0-  00  00  00  00  00  00  00  00 | 00  00  00  00  00  00  00  00 
-D0-  00  00  00  00  00  00  00  00 | 00  00  00  00  00  00  00  00 
-E0-  00  00  00  00  00  00  00  00 | 00  00  00  00  00  00  00  00 
-F0-  00  00  00  00  00  00  00  00 | 00  00  00  00  00  00  00  00 



BANK 1009
------00--01--02--03--04--05--06--07-|-08--09--0A--0B--0C--0D--0E--0F-
----------------------------------------------------------------------
-00-  00  00  00  00  00  00  00  00 | 00  00  00  00  00  00  00  00 
-10-  00  00  00  00  00  00  00  00 | 00  00  00  00  00  00  00  00 
-20-  00  00  00  00  00  00  00  00 | 00  00  00  00  00  00  00  00 
-30-  00  00  00  00  00  00  00  00 | 00  00  00  00  00  00  00  00 
-40-  00  00  00  00  00  00  00  00 | 00  00  00  00  00  00  00  00 
-50-  00  00  00  00  00  00  00  00 | 00  00  00  00  00  00  00  00 
-60-  00  00  00  00  00  00  00  00 | 00  00  00  00  00  00  00  00 
-70-  00  00  00  00  00  00  00  00 | 00  00  00  00  00  00  00  00 
-80-  00  00  00  00  00  00  00  00 | 00  00  00  00  00  00  00  00 
-90-  00  00  00  00  00  00  00  00 | 00  00  00  00  00  00  00  00 
-A0-  00  00  00  00  00  00  00  00 | 00  00  00  00  00  00  00  00 
-B0-  00  00  00  00  00  00  00  00 | 00  00  00  00  00  00  00  00 
-C0-  00  00  00  00  00  00  00  00 | 00  00  00  00  00  00  00  00 
-D0-  00  00  00  00  00  00  00  00 | 00  00  00  00  00  00  00  00 
-E0-  00  00  00  00  00  00  00  00 | 00  00  00  00  00  00  00  00 
-F0-  00  00  00  00  00  00  00  00 | 00  00  00  00  00  00  00  00 



BANK 100A
------00--01--02--03--04--05--06--07-|-08--09--0A--0B--0C--0D--0E--0F-
----------------------------------------------------------------------
-00-  00  00  00  00  00  00  00  00 | 00  00  00  00  00  00  00  00 
-10-  00  00  00  00  00  00  00  00 | 00  00  00  00  00  00  00  00 
-20-  00  00  00  00  00  00  00  00 | 00  00  00  00  00  00  00  00 
-30-  00  00  00  00  00  00  00  00 | 00  00  00  00  00  00  00  00 
-40-  00  00  00  00  00  00  00  00 | 00  00  00  00  00  00  00  00 
-50-  00  00  00  00  00  00  00  00 | 00  00  00  00  00  00  00  00 
-60-  00  00  00  00  00  00  00  00 | 00  00  00  00  00  00  00  00 
-70-  00  00  00  00  00  00  00  00 | 00  00  00  00  00  00  00  00 
-80-  00  00  00  00  00  00  00  00 | 00  00  00  00  00  00  00  00 
-90-  00  00  00  00  00  00  00  00 | 00  00  00  00  00  00  00  00 
-A0-  00  00  00  00  00  00  00  00 | 00  00  00  00  00  00  00  00 
-B0-  00  00  00  00  00  00  00  00 | 00  00  00  00  00  00  00  00 
-C0-  00  00  00  00  00  00  00  00 | 00  00  00  00  00  00  00  00 
-D0-  00  00  00  00  00  00  00  00 | 00  00  00  00  00  00  00  00 
-E0-  00  00  00  00  00  00  00  00 | 00  00  00  00  00  00  00  00 
-F0-  00  00  00  00  00  00  00  00 | 00  00  00  00  00  00  00  00 



BANK 100B
------00--01--02--03--04--05--06--07-|-08--09--0A--0B--0C--0D--0E--0F-
----------------------------------------------------------------------
-00-  00  00  00  00  00  00  00  00 | 00  00  00  00  00  00  00  00 
-10-  00  00  00  00  00  00  00  00 | 00  00  00  00  00  00  00  00 
-20-  00  00  00  00  00  00  00  00 | 00  00  00  00  00  00  00  00 
-30-  00  00  00  00  00  00  00  00 | 00  00  00  00  00  00  00  00 
-40-  00  00  00  00  00  00  00  00 | 00  00  00  00  00  00  00  00 
-50-  00  00  00  00  00  00  00  00 | 00  00  00  00  00  00  00  00 
-60-  00  00  00  00  00  00  00  00 | 00  00  00  00  00  00  00  00 
-70-  00  00  00  00  00  00  00  00 | 00  00  00  00  00  00  00  00 
-80-  00  00  00  00  00  00  00  00 | 00  00  00  00  00  00  00  00 
-90-  00  00  00  00  00  00  00  00 | 00  00  00  00  00  00  00  00 
-A0-  00  00  00  00  00  00  00  00 | 00  00  00  00  00  00  00  00 
-B0-  00  00  00  00  00  00  00  00 | 00  00  00  00  00  00  00  00 
-C0-  00  00  00  00  00  00  00  00 | 00  00  00  00  00  00  00  00 
-D0-  00  00  00  00  00  00  00  00 | 00  00  00  00  00  00  00  00 
-E0-  00  00  00  00  00  00  00  00 | 00  00  00  00  00  00  00  00 
-F0-  00  00  00  00  00  00  00  00 | 00  00  00  00  00  00  00  00 



BANK 100C
------00--01--02--03--04--05--06--07-|-08--09--0A--0B--0C--0D--0E--0F-
----------------------------------------------------------------------
-00-  00  00  00  00  00  00  00  00 | 00  00  00  00  00  00  00  00 
-10-  00  00  00  00  00  00  00  00 | 00  00  00  00  00  00  00  00 
-20-  00  00  00  00  00  00  00  00 | 00  00  00  00  00  00  00  00 
-30-  00  00  00  00  00  00  00  00 | 00  00  00  00  00  00  00  00 
-40-  00  00  00  00  00  00  00  00 | 00  00  00  00  00  00  00  00 
-50-  00  00  00  00  00  00  00  00 | 00  00  00  00  00  00  00  00 
-60-  00  00  00  00  00  00  00  00 | 00  00  00  00  00  00  00  00 
-70-  00  00  00  00  00  00  00  00 | 00  00  00  00  00  00  00  00 
-80-  00  00  00  00  00  00  00  00 | 00  00  00  00  00  00  00  00 
-90-  00  00  00  00  00  00  00  00 | 00  00  00  00  00  00  00  00 
-A0-  00  00  00  00  00  00  00  00 | 00  00  00  00  00  00  00  00 
-B0-  00  00  00  00  00  00  00  00 | 00  00  00  00  00  00  00  00 
-C0-  00  00  00  00  00  00  00  00 | 00  00  00  00  00  00  00  00 
-D0-  00  00  00  00  00  00  00  00 | 00  00  00  00  00  00  00  00 
-E0-  00  00  00  00  00  00  00  00 | 00  00  00  00  00  00  00  00 
-F0-  00  00  00  00  00  00  00  00 | 00  00  00  00  00  00  00  00 



BANK 100D
------00--01--02--03--04--05--06--07-|-08--09--0A--0B--0C--0D--0E--0F-
----------------------------------------------------------------------
-00-  00  00  00  00  00  00  00  00 | 00  00  00  00  00  00  00  00 
-10-  00  00  00  00  00  00  00  00 | 00  00  00  00  00  00  00  00 
-20-  00  00  00  00  00  00  00  00 | 00  00  00  00  00  00  00  00 
-30-  00  00  00  00  00  00  00  00 | 00  00  00  00  00  00  00  00 
-40-  00  00  00  00  00  00  00  00 | 00  00  00  00  00  00  00  00 
-50-  00  00  00  00  00  00  00  00 | 00  00  00  00  00  00  00  00 
-60-  00  00  00  00  00  00  00  00 | 00  00  00  00  00  00  00  00 
-70-  00  00  00  00  00  00  00  00 | 00  00  00  00  00  00  00  00 
-80-  00  00  00  00  00  00  00  00 | 00  00  00  00  00  00  00  00 
-90-  00  00  00  00  00  00  00  00 | 00  00  00  00  00  00  00  00 
-A0-  00  00  00  00  00  00  00  00 | 00  00  00  00  00  00  00  00 
-B0-  00  00  00  00  00  00  00  00 | 00  00  00  00  00  00  00  00 
-C0-  00  00  00  00  00  00  00  00 | 00  00  00  00  00  00  00  00 
-D0-  00  00  00  00  00  00  00  00 | 00  00  00  00  00  00  00  00 
-E0-  00  00  00  00  00  00  00  00 | 00  00  00  00  00  00  00  00 
-F0-  00  00  00  00  00  00  00  00 | 00  00  00  00  00  00  00  00 



BANK 100E
------00--01--02--03--04--05--06--07-|-08--09--0A--0B--0C--0D--0E--0F-
----------------------------------------------------------------------
-00-  00  00  00  00  00  00  00  00 | 00  00  00  00  00  00  00  00 
-10-  00  00  00  00  00  00  00  00 | 00  00  00  00  00  00  00  00 
-20-  00  00  00  00  00  00  00  00 | 00  00  00  00  00  00  00  00 
-30-  00  00  00  00  00  00  00  00 | 00  00  00  00  00  00  00  00 
-40-  00  00  00  00  00  00  00  00 | 00  00  00  00  00  00  00  00 
-50-  00  00  00  00  00  00  00  00 | 00  00  00  00  00  00  00  00 
-60-  00  00  00  00  00  00  00  00 | 00  00  00  00  00  00  00  00 
-70-  00  00  00  00  00  00  00  00 | 00  00  00  00  00  00  00  00 
-80-  00  00  00  00  00  00  00  00 | 00  00  00  00  00  00  00  00 
-90-  00  00  00  00  00  00  00  00 | 00  00  00  00  00  00  00  00 
-A0-  00  00  00  00  00  00  00  00 | 00  00  00  00  00  00  00  00 
-B0-  00  00  00  00  00  00  00  00 | 00  00  00  00  00  00  00  00 
-C0-  00  00  00  00  00  00  00  00 | 00  00  00  00  00  00  00  00 
-D0-  00  00  00  00  00  00  00  00 | 00  00  00  00  00  00  00  00 
-E0-  00  00  00  00  00  00  00  00 | 00  00  00  00  00  00  00  00 
-F0-  00  00  00  00  00  00  00  00 | 00  00  00  00  00  00  00  00 



BANK 100F
------00--01--02--03--04--05--06--07-|-08--09--0A--0B--0C--0D--0E--0F-
----------------------------------------------------------------------
-00-  00  00  00  00  00  00  00  00 | 00  00  00  00  00  00  00  00 
-10-  00  00  00  00  00  00  00  00 | 00  00  00  00  00  00  00  00 
-20-  00  00  00  00  00  00  00  00 | 00  00  00  00  00  00  00  00 
-30-  00  00  00  00  00  00  00  00 | 00  00  00  00  00  00  00  00 
-40-  00  00  00  00  00  00  00  00 | 00  00  00  00  00  00  00  00 
-50-  00  00  00  00  00  00  00  00 | 00  00  00  00  00  00  00  00 
-60-  00  00  00  00  00  00  00  00 | 00  00  00  00  00  00  00  00 
-70-  00  00  00  00  00  00  00  00 | 00  00  00  00  00  00  00  00 
-80-  00  00  00  00  00  00  00  00 | 00  00  00  00  00  00  00  00 
-90-  00  00  00  00  00  00  00  00 | 00  00  00  00  00  00  00  00 
-A0-  00  00  00  00  00  00  00  00 | 00  00  00  00  00  00  00  00 
-B0-  00  00  00  00  00  00  00  00 | 00  00  00  00  00  00  00  00 
-C0-  00  00  00  00  00  00  00  00 | 00  00  00  00  00  00  00  00 
-D0-  00  00  00  00  00  00  00  00 | 00  00  00  00  00  00  00  00 
-E0-  00  00  00  00  00  00  00  00 | 00  00  00  00  00  00  00  00 
-F0-  00  00  00  00  00  00  00  00 | 00  00  00  00  00  00  00  00 



BANK 1010
------00--01--02--03--04--05--06--07-|-08--09--0A--0B--0C--0D--0E--0F-
----------------------------------------------------------------------
-00-  00  00  00  00  00  00  00  00 | 00  00  00  00  00  00  00  00 
-10-  00  00  00  00  00  00  00  00 | 00  00  00  00  00  00  00  00 
-20-  00  00  00  00  00  00  00  00 | 00  00  00  00  00  00  00  00 
-30-  00  00  00  00  00  00  00  00 | 00  00  00  00  00  00  00  00 
-40-  00  00  00  00  00  00  00  00 | 00  00  00  00  00  00  00  00 
-50-  00  00  00  00  00  00  00  00 | 00  00  00  00  00  00  00  00 
-60-  00  00  00  00  00  00  00  00 | 00  00  00  00  00  00  00  00 
-70-  00  00  00  00  00  00  00  00 | 00  00  00  00  00  00  00  00 
-80-  00  00  00  00  00  00  00  00 | 00  00  00  00  00  00  00  00 
-90-  00  00  00  00  00  00  00  00 | 00  00  00  00  00  00  00  00 
-A0-  00  00  00  00  00  00  00  00 | 00  00  00  00  00  00  00  00 
-B0-  00  00  00  00  00  00  00  00 | 00  00  00  00  00  00  00  00 
-C0-  00  00  00  00  00  00  00  00 | 00  00  00  00  00  00  00  00 
-D0-  00  00  00  00  00  00  00  00 | 00  00  00  00  00  00  00  00 
-E0-  00  00  00  00  00  00  00  00 | 00  00  00  00  00  00  00  00 
-F0-  00  00  00  00  00  00  00  00 | 00  00  00  00  00  00  00  00 



BANK 1011
------00--01--02--03--04--05--06--07-|-08--09--0A--0B--0C--0D--0E--0F-
----------------------------------------------------------------------
-00-  00  00  00  00  00  00  00  00 | 00  00  00  00  00  00  00  00 
-10-  00  00  00  00  00  00  00  00 | 00  00  00  00  00  00  00  00 
-20-  00  00  00  00  00  00  00  00 | 00  00  00  00  00  00  00  00 
-30-  00  00  00  00  00  00  00  00 | 00  00  00  00  00  00  00  00 
-40-  00  00  00  00  00  00  00  00 | 00  00  00  00  00  00  00  00 
-50-  00  00  00  00  00  00  00  00 | 00  00  00  00  00  00  00  00 
-60-  00  00  00  00  00  00  00  00 | 00  00  00  00  00  00  00  00 
-70-  00  00  00  00  00  00  00  00 | 00  00  00  00  00  00  00  00 
-80-  00  00  00  00  00  00  00  00 | 00  00  00  00  00  00  00  00 
-90-  00  00  00  00  00  00  00  00 | 00  00  00  00  00  00  00  00 
-A0-  00  00  00  00  00  00  00  00 | 00  00  00  00  00  00  00  00 
-B0-  00  00  00  00  00  00  00  00 | 00  00  00  00  00  00  00  00 
-C0-  00  00  00  00  00  00  00  00 | 00  00  00  00  00  00  00  00 
-D0-  00  00  00  00  00  00  00  00 | 00  00  00  00  00  00  00  00 
-E0-  00  00  00  00  00  00  00  00 | 00  00  00  00  00  00  00  00 
-F0-  00  00  00  00  00  00  00  00 | 00  00  00  00  00  00  00  00 



BANK 1012
------00--01--02--03--04--05--06--07-|-08--09--0A--0B--0C--0D--0E--0F-
----------------------------------------------------------------------
-00-  00  00  00  00  00  00  00  00 | 00  00  00  00  00  00  00  00 
-10-  00  00  00  00  00  00  00  00 | 00  00  00  00  00  00  00  00 
-20-  00  00  00  00  00  00  00  00 | 00  00  00  00  00  00  00  00 
-30-  00  00  00  00  00  00  00  00 | 00  00  00  00  00  00  00  00 
-40-  00  00  00  00  00  00  00  00 | 00  00  00  00  00  00  00  00 
-50-  00  00  00  00  00  00  00  00 | 00  00  00  00  00  00  00  00 
-60-  00  00  00  00  00  00  00  00 | 00  00  00  00  00  00  00  00 
-70-  00  00  00  00  00  00  00  00 | 00  00  00  00  00  00  00  00 
-80-  00  00  00  00  00  00  00  00 | 00  00  00  00  00  00  00  00 
-90-  00  00  00  00  00  00  00  00 | 00  00  00  00  00  00  00  00 
-A0-  00  00  00  00  00  00  00  00 | 00  00  00  00  00  00  00  00 
-B0-  00  00  00  00  00  00  00  00 | 00  00  00  00  00  00  00  00 
-C0-  00  00  00  00  00  00  00  00 | 00  00  00  00  00  00  00  00 
-D0-  00  00  00  00  00  00  00  00 | 00  00  00  00  00  00  00  00 
-E0-  00  00  00  00  00  00  00  00 | 00  00  00  00  00  00  00  00 
-F0-  00  00  00  00  00  00  00  00 | 00  00  00  00  00  00  00  00 



BANK 1013
------00--01--02--03--04--05--06--07-|-08--09--0A--0B--0C--0D--0E--0F-
----------------------------------------------------------------------
-00-  00  00  00  00  00  00  00  00 | 00  00  00  00  00  00  00  00 
-10-  00  00  00  00  00  00  00  00 | 00  00  00  00  00  00  00  00 
-20-  00  00  00  00  00  00  00  00 | 00  00  00  00  00  00  00  00 
-30-  00  00  00  00  00  00  00  00 | 00  00  00  00  00  00  00  00 
-40-  00  00  00  00  00  00  00  00 | 00  00  00  00  00  00  00  00 
-50-  00  00  00  00  00  00  00  00 | 00  00  00  00  00  00  00  00 
-60-  00  00  00  00  00  00  00  00 | 00  00  00  00  00  00  00  00 
-70-  00  00  00  00  00  00  00  00 | 00  00  00  00  00  00  00  00 
-80-  00  00  00  00  00  00  00  00 | 00  00  00  00  00  00  00  00 
-90-  00  00  00  00  00  00  00  00 | 00  00  00  00  00  00  00  00 
-A0-  00  00  00  00  00  00  00  00 | 00  00  00  00  00  00  00  00 
-B0-  00  00  00  00  00  00  00  00 | 00  00  00  00  00  00  00  00 
-C0-  00  00  00  00  00  00  00  00 | 00  00  00  00  00  00  00  00 
-D0-  00  00  00  00  00  00  00  00 | 00  00  00  00  00  00  00  00 
-E0-  00  00  00  00  00  00  00  00 | 00  00  00  00  00  00  00  00 
-F0-  00  00  00  00  00  00  00  00 | 00  00  00  00  00  00  00  00 



BANK 1014
------00--01--02--03--04--05--06--07-|-08--09--0A--0B--0C--0D--0E--0F-
----------------------------------------------------------------------
-00-  00  00  00  00  00  00  00  00 | 00  00  00  00  00  00  00  00 
-10-  00  00  00  00  00  00  00  00 | 00  00  00  00  00  00  00  00 
-20-  00  00  00  00  00  00  00  00 | 00  00  00  00  00  00  00  00 
-30-  00  00  00  00  00  00  00  00 | 00  00  00  00  00  00  00  00 
-40-  00  00  00  00  00  00  00  00 | 00  00  00  00  00  00  00  00 
-50-  00  00  00  00  00  00  00  00 | 00  00  00  00  00  00  00  00 
-60-  00  00  00  00  00  00  00  00 | 00  00  00  00  00  00  00  00 
-70-  00  00  00  00  00  00  00  00 | 00  00  00  00  00  00  00  00 
-80-  00  00  00  00  00  00  00  00 | 00  00  00  00  00  00  00  00 
-90-  00  00  00  00  00  00  00  00 | 00  00  00  00  00  00  00  00 
-A0-  00  00  00  00  00  00  00  00 | 00  00  00  00  00  00  00  00 
-B0-  00  00  00  00  00  00  00  00 | 00  00  00  00  00  00  00  00 
-C0-  00  00  00  00  00  00  00  00 | 00  00  00  00  00  00  00  00 
-D0-  00  00  00  00  00  00  00  00 | 00  00  00  00  00  00  00  00 
-E0-  00  00  00  00  00  00  00  00 | 00  00  00  00  00  00  00  00 
-F0-  00  00  00  00  00  00  00  00 | 00  00  00  00  00  00  00  00 



BANK 1015
------00--01--02--03--04--05--06--07-|-08--09--0A--0B--0C--0D--0E--0F-
----------------------------------------------------------------------
-00-  00  00  00  00  00  00  00  00 | 00  00  00  00  00  00  00  00 
-10-  00  00  00  00  00  00  00  00 | 00  00  00  00  00  00  00  00 
-20-  00  00  00  00  00  00  00  00 | 00  00  00  00  00  00  00  00 
-30-  00  00  00  00  00  00  00  00 | 00  00  00  00  00  00  00  00 
-40-  00  00  00  00  00  00  00  00 | 00  00  00  00  00  00  00  00 
-50-  00  00  00  00  00  00  00  00 | 00  00  00  00  00  00  00  00 
-60-  00  00  00  00  00  00  00  00 | 00  00  00  00  00  00  00  00 
-70-  00  00  00  00  00  00  00  00 | 00  00  00  00  00  00  00  00 
-80-  00  00  00  00  00  00  00  00 | 00  00  00  00  00  00  00  00 
-90-  00  00  00  00  00  00  00  00 | 00  00  00  00  00  00  00  00 
-A0-  00  00  00  00  00  00  00  00 | 00  00  00  00  00  00  00  00 
-B0-  00  00  00  00  00  00  00  00 | 00  00  00  00  00  00  00  00 
-C0-  00  00  00  00  00  00  00  00 | 00  00  00  00  00  00  00  00 
-D0-  00  00  00  00  00  00  00  00 | 00  00  00  00  00  00  00  00 
-E0-  00  00  00  00  00  00  00  00 | 00  00  00  00  00  00  00  00 
-F0-  00  00  00  00  00  00  00  00 | 00  00  00  00  00  00  00  00 



BANK 1016
------00--01--02--03--04--05--06--07-|-08--09--0A--0B--0C--0D--0E--0F-
----------------------------------------------------------------------
-00-  00  00  00  00  00  00  00  00 | 00  00  00  00  00  00  00  00 
-10-  00  00  00  00  00  00  00  00 | 00  00  00  00  00  00  00  00 
-20-  00  00  00  00  00  00  00  00 | 00  00  00  00  00  00  00  00 
-30-  00  00  00  00  00  00  00  00 | 00  00  00  00  00  00  00  00 
-40-  00  00  00  00  00  00  00  00 | 00  00  00  00  00  00  00  00 
-50-  00  00  00  00  00  00  00  00 | 00  00  00  00  00  00  00  00 
-60-  00  00  00  00  00  00  00  00 | 00  00  00  00  00  00  00  00 
-70-  00  00  00  00  00  00  00  00 | 00  00  00  00  00  00  00  00 
-80-  00  00  00  00  00  00  00  00 | 00  00  00  00  00  00  00  00 
-90-  00  00  00  00  00  00  00  00 | 00  00  00  00  00  00  00  00 
-A0-  00  00  00  00  00  00  00  00 | 00  00  00  00  00  00  00  00 
-B0-  00  00  00  00  00  00  00  00 | 00  00  00  00  00  00  00  00 
-C0-  00  00  00  00  00  00  00  00 | 00  00  00  00  00  00  00  00 
-D0-  00  00  00  00  00  00  00  00 | 00  00  00  00  00  00  00  00 
-E0-  00  00  00  00  00  00  00  00 | 00  00  00  00  00  00  00  00 
-F0-  00  00  00  00  00  00  00  00 | 00  00  00  00  00  00  00  00 



BANK 1017
------00--01--02--03--04--05--06--07-|-08--09--0A--0B--0C--0D--0E--0F-
----------------------------------------------------------------------
-00-  00  00  00  00  00  00  00  00 | 00  00  00  00  00  00  00  00 
-10-  00  00  00  00  00  00  00  00 | 00  00  00  00  00  00  00  00 
-20-  00  00  00  00  00  00  00  00 | 00  00  00  00  00  00  00  00 
-30-  00  00  00  00  00  00  00  00 | 00  00  00  00  00  00  00  00 
-40-  00  00  00  00  00  00  00  00 | 00  00  00  00  00  00  00  00 
-50-  00  00  00  00  00  00  00  00 | 00  00  00  00  00  00  00  00 
-60-  00  00  00  00  00  00  00  00 | 00  00  00  00  00  00  00  00 
-70-  00  00  00  00  00  00  00  00 | 00  00  00  00  00  00  00  00 
-80-  00  00  00  00  00  00  00  00 | 00  00  00  00  00  00  00  00 
-90-  00  00  00  00  00  00  00  00 | 00  00  00  00  00  00  00  00 
-A0-  00  00  00  00  00  00  00  00 | 00  00  00  00  00  00  00  00 
-B0-  00  00  00  00  00  00  00  00 | 00  00  00  00  00  00  00  00 
-C0-  00  00  00  00  00  00  00  00 | 00  00  00  00  00  00  00  00 
-D0-  00  00  00  00  00  00  00  00 | 00  00  00  00  00  00  00  00 
-E0-  00  00  00  00  00  00  00  00 | 00  00  00  00  00  00  00  00 
-F0-  00  00  00  00  00  00  00  00 | 00  00  00  00  00  00  00  00 



BANK 1018
------00--01--02--03--04--05--06--07-|-08--09--0A--0B--0C--0D--0E--0F-
----------------------------------------------------------------------
-00-  00  00  00  00  00  00  00  00 | 00  00  00  00  00  00  00  00 
-10-  00  00  00  00  00  00  00  00 | 00  00  00  00  00  00  00  00 
-20-  00  00  00  00  00  00  00  00 | 00  00  00  00  00  00  00  00 
-30-  00  00  00  00  00  00  00  00 | 00  00  00  00  00  00  00  00 
-40-  00  00  00  00  00  00  00  00 | 00  00  00  00  00  00  00  00 
-50-  00  00  00  00  00  00  00  00 | 00  00  00  00  00  00  00  00 
-60-  00  00  00  00  00  00  00  00 | 00  00  00  00  00  00  00  00 
-70-  00  00  00  00  00  00  00  00 | 00  00  00  00  00  00  00  00 
-80-  00  00  00  00  00  00  00  00 | 00  00  00  00  00  00  00  00 
-90-  00  00  00  00  00  00  00  00 | 00  00  00  00  00  00  00  00 
-A0-  00  00  00  00  00  00  00  00 | 00  00  00  00  00  00  00  00 
-B0-  00  00  00  00  00  00  00  00 | 00  00  00  00  00  00  00  00 
-C0-  00  00  00  00  00  00  00  00 | 00  00  00  00  00  00  00  00 
-D0-  00  00  00  00  00  00  00  00 | 00  00  00  00  00  00  00  00 
-E0-  00  00  00  00  00  00  00  00 | 00  00  00  00  00  00  00  00 
-F0-  00  00  00  00  00  00  00  00 | 00  00  00  00  00  00  00  00 



BANK 1019
------00--01--02--03--04--05--06--07-|-08--09--0A--0B--0C--0D--0E--0F-
----------------------------------------------------------------------
-00-  00  00  00  00  00  00  00  00 | 00  00  00  00  00  00  00  00 
-10-  00  00  00  00  00  00  00  00 | 00  00  00  00  00  00  00  00 
-20-  00  00  00  00  00  00  00  00 | 00  00  00  00  00  00  00  00 
-30-  00  00  00  00  00  00  00  00 | 00  00  00  00  00  00  00  00 
-40-  00  00  00  00  00  00  00  00 | 00  00  00  00  00  00  00  00 
-50-  00  00  00  00  00  00  00  00 | 00  00  00  00  00  00  00  00 
-60-  00  00  00  00  00  00  00  00 | 00  00  00  00  00  00  00  00 
-70-  00  00  00  00  00  00  00  00 | 00  00  00  00  00  00  00  00 
-80-  00  00  00  00  00  00  00  00 | 00  00  00  00  00  00  00  00 
-90-  00  00  00  00  00  00  00  00 | 00  00  00  00  00  00  00  00 
-A0-  00  00  00  00  00  00  00  00 | 00  00  00  00  00  00  00  00 
-B0-  00  00  00  00  00  00  00  00 | 00  00  00  00  00  00  00  00 
-C0-  00  00  00  00  00  00  00  00 | 00  00  00  00  00  00  00  00 
-D0-  00  00  00  00  00  00  00  00 | 00  00  00  00  00  00  00  00 
-E0-  00  00  00  00  00  00  00  00 | 00  00  00  00  00  00  00  00 
-F0-  00  00  00  00  00  00  00  00 | 00  00  00  00  00  00  00  00 



BANK 101A
------00--01--02--03--04--05--06--07-|-08--09--0A--0B--0C--0D--0E--0F-
----------------------------------------------------------------------
-00-  00  00  00  00  00  00  00  00 | 00  00  00  00  00  00  00  00 
-10-  00  00  00  00  00  00  00  00 | 00  00  00  00  00  00  00  00 
-20-  00  00  00  00  00  00  00  00 | 00  00  00  00  00  00  00  00 
-30-  00  00  00  00  00  00  00  00 | 00  00  00  00  00  00  00  00 
-40-  00  00  00  00  00  00  00  00 | 00  00  00  00  00  00  00  00 
-50-  00  00  00  00  00  00  00  00 | 00  00  00  00  00  00  00  00 
-60-  00  00  00  00  00  00  00  00 | 00  00  00  00  00  00  00  00 
-70-  00  00  00  00  00  00  00  00 | 00  00  00  00  00  00  00  00 
-80-  00  00  00  00  00  00  00  00 | 00  00  00  00  00  00  00  00 
-90-  00  00  00  00  00  00  00  00 | 00  00  00  00  00  00  00  00 
-A0-  00  00  00  00  00  00  00  00 | 00  00  00  00  00  00  00  00 
-B0-  00  00  00  00  00  00  00  00 | 00  00  00  00  00  00  00  00 
-C0-  00  00  00  00  00  00  00  00 | 00  00  00  00  00  00  00  00 
-D0-  00  00  00  00  00  00  00  00 | 00  00  00  00  00  00  00  00 
-E0-  00  00  00  00  00  00  00  00 | 00  00  00  00  00  00  00  00 
-F0-  00  00  00  00  00  00  00  00 | 00  00  00  00  00  00  00  00 



BANK 101B
------00--01--02--03--04--05--06--07-|-08--09--0A--0B--0C--0D--0E--0F-
----------------------------------------------------------------------
-00-  00  00  00  00  00  00  00  00 | 00  00  00  00  00  00  00  00 
-10-  00  00  00  00  00  00  00  00 | 00  00  00  00  00  00  00  00 
-20-  00  00  00  00  00  00  00  00 | 00  00  00  00  00  00  00  00 
-30-  00  00  00  00  00  00  00  00 | 00  00  00  00  00  00  00  00 
-40-  00  00  00  00  00  00  00  00 | 00  00  00  00  00  00  00  00 
-50-  00  00  00  00  00  00  00  00 | 00  00  00  00  00  00  00  00 
-60-  00  00  00  00  00  00  00  00 | 00  00  00  00  00  00  00  00 
-70-  00  00  00  00  00  00  00  00 | 00  00  00  00  00  00  00  00 
-80-  00  00  00  00  00  00  00  00 | 00  00  00  00  00  00  00  00 
-90-  00  00  00  00  00  00  00  00 | 00  00  00  00  00  00  00  00 
-A0-  00  00  00  00  00  00  00  00 | 00  00  00  00  00  00  00  00 
-B0-  00  00  00  00  00  00  00  00 | 00  00  00  00  00  00  00  00 
-C0-  00  00  00  00  00  00  00  00 | 00  00  00  00  00  00  00  00 
-D0-  00  00  00  00  00  00  00  00 | 00  00  00  00  00  00  00  00 
-E0-  00  00  00  00  00  00  00  00 | 00  00  00  00  00  00  00  00 
-F0-  00  00  00  00  00  00  00  00 | 00  00  00  00  00  00  00  00 



BANK 101C
------00--01--02--03--04--05--06--07-|-08--09--0A--0B--0C--0D--0E--0F-
----------------------------------------------------------------------
-00-  00  00  00  00  00  00  00  00 | 00  00  00  00  00  00  00  00 
-10-  00  00  00  00  00  00  00  00 | 00  00  00  00  00  00  00  00 
-20-  00  00  00  00  00  00  00  00 | 00  00  00  00  00  00  00  00 
-30-  00  00  00  00  00  00  00  00 | 00  00  00  00  00  00  00  00 
-40-  00  00  00  00  00  00  00  00 | 00  00  00  00  00  00  00  00 
-50-  00  00  00  00  00  00  00  00 | 00  00  00  00  00  00  00  00 
-60-  00  00  00  00  00  00  00  00 | 00  00  00  00  00  00  00  00 
-70-  00  00  00  00  00  00  00  00 | 00  00  00  00  00  00  00  00 
-80-  00  00  00  00  00  00  00  00 | 00  00  00  00  00  00  00  00 
-90-  00  00  00  00  00  00  00  00 | 00  00  00  00  00  00  00  00 
-A0-  00  00  00  00  00  00  00  00 | 00  00  00  00  00  00  00  00 
-B0-  00  00  00  00  00  00  00  00 | 00  00  00  00  00  00  00  00 
-C0-  00  00  00  00  00  00  00  00 | 00  00  00  00  00  00  00  00 
-D0-  00  00  00  00  00  00  00  00 | 00  00  00  00  00  00  00  00 
-E0-  00  00  00  00  00  00  00  00 | 00  00  00  00  00  00  00  00 
-F0-  00  00  00  00  00  00  00  00 | 00  00  00  00  00  00  00  00 



BANK 101D
------00--01--02--03--04--05--06--07-|-08--09--0A--0B--0C--0D--0E--0F-
----------------------------------------------------------------------
-00-  00  00  00  00  00  00  00  00 | 00  00  00  00  00  00  00  00 
-10-  00  00  00  00  00  00  00  00 | 00  00  00  00  00  00  00  00 
-20-  00  00  00  00  00  00  00  00 | 00  00  00  00  00  00  00  00 
-30-  00  00  00  00  00  00  00  00 | 00  00  00  00  00  00  00  00 
-40-  00  00  00  00  00  00  00  00 | 00  00  00  00  00  00  00  00 
-50-  00  00  00  00  00  00  00  00 | 00  00  00  00  00  00  00  00 
-60-  00  00  00  00  00  00  00  00 | 00  00  00  00  00  00  00  00 
-70-  00  00  00  00  00  00  00  00 | 00  00  00  00  00  00  00  00 
-80-  00  00  00  00  00  00  00  00 | 00  00  00  00  00  00  00  00 
-90-  00  00  00  00  00  00  00  00 | 00  00  00  00  00  00  00  00 
-A0-  00  00  00  00  00  00  00  00 | 00  00  00  00  00  00  00  00 
-B0-  00  00  00  00  00  00  00  00 | 00  00  00  00  00  00  00  00 
-C0-  00  00  00  00  00  00  00  00 | 00  00  00  00  00  00  00  00 
-D0-  00  00  00  00  00  00  00  00 | 00  00  00  00  00  00  00  00 
-E0-  00  00  00  00  00  00  00  00 | 00  00  00  00  00  00  00  00 
-F0-  00  00  00  00  00  00  00  00 | 00  00  00  00  00  00  00  00 



BANK 101E
------00--01--02--03--04--05--06--07-|-08--09--0A--0B--0C--0D--0E--0F-
----------------------------------------------------------------------
-00-  00  00  00  00  00  00  00  00 | 00  00  00  00  00  00  00  00 
-10-  00  00  00  00  00  00  00  00 | 00  00  00  00  00  00  00  00 
-20-  00  00  00  00  00  00  00  00 | 00  00  00  00  00  00  00  00 
-30-  00  00  00  00  00  00  00  00 | 00  00  00  00  00  00  00  00 
-40-  00  00  00  00  00  00  00  00 | 00  00  00  00  00  00  00  00 
-50-  00  00  00  00  00  00  00  00 | 00  00  00  00  00  00  00  00 
-60-  00  00  00  00  00  00  00  00 | 00  00  00  00  00  00  00  00 
-70-  00  00  00  00  00  00  00  00 | 00  00  00  00  00  00  00  00 
-80-  00  00  00  00  00  00  00  00 | 00  00  00  00  00  00  00  00 
-90-  00  00  00  00  00  00  00  00 | 00  00  00  00  00  00  00  00 
-A0-  00  00  00  00  00  00  00  00 | 00  00  00  00  00  00  00  00 
-B0-  00  00  00  00  00  00  00  00 | 00  00  00  00  00  00  00  00 
-C0-  00  00  00  00  00  00  00  00 | 00  00  00  00  00  00  00  00 
-D0-  00  00  00  00  00  00  00  00 | 00  00  00  00  00  00  00  00 
-E0-  00  00  00  00  00  00  00  00 | 00  00  00  00  00  00  00  00 
-F0-  00  00  00  00  00  00  00  00 | 00  00  00  00  00  00  00  00 



BANK 101F
------00--01--02--03--04--05--06--07-|-08--09--0A--0B--0C--0D--0E--0F-
----------------------------------------------------------------------
-00-  00  00  00  00  00  00  00  00 | 00  00  00  00  00  00  00  00 
-10-  00  00  00  00  00  00  00  00 | 00  00  00  00  00  00  00  00 
-20-  00  00  00  00  00  00  00  00 | 00  00  00  00  00  00  00  00 
-30-  00  00  00  00  00  00  00  00 | 00  00  00  00  00  00  00  00 
-40-  00  00  00  00  00  00  00  00 | 00  00  00  00  00  00  00  00 
-50-  00  00  00  00  00  00  00  00 | 00  00  00  00  00  00  00  00 
-60-  00  00  00  00  00  00  00  00 | 00  00  00  00  00  00  00  00 
-70-  00  00  00  00  00  00  00  00 | 00  00  00  00  00  00  00  00 
-80-  00  00  00  00  00  00  00  00 | 00  00  00  00  00  00  00  00 
-90-  00  00  00  00  00  00  00  00 | 00  00  00  00  00  00  00  00 
-A0-  00  00  00  00  00  00  00  00 | 00  00  00  00  00  00  00  00 
-B0-  00  00  00  00  00  00  00  00 | 00  00  00  00  00  00  00  00 
-C0-  00  00  00  00  00  00  00  00 | 00  00  00  00  00  00  00  00 
-D0-  00  00  00  00  00  00  00  00 | 00  00  00  00  00  00  00  00 
-E0-  00  00  00  00  00  00  00  00 | 00  00  00  00  00  00  00  00 
-F0-  00  00  00  00  00  00  00  00 | 00  00  00  00  00  00  00  00 



BANK 1020
------00--01--02--03--04--05--06--07-|-08--09--0A--0B--0C--0D--0E--0F-
----------------------------------------------------------------------
-00-  00  00  00  00  00  00  00  00 | 00  00  00  00  00  00  00  00 
-10-  00  00  00  00  00  00  00  00 | 00  00  00  00  00  00  00  00 
-20-  00  00  00  00  00  00  00  00 | 00  00  00  00  00  00  00  00 
-30-  00  00  00  00  00  00  00  00 | 00  00  00  00  00  00  00  00 
-40-  00  00  00  00  00  00  00  00 | 00  00  00  00  00  00  00  00 
-50-  00  00  00  00  00  00  00  00 | 00  00  00  00  00  00  00  00 
-60-  00  00  00  00  00  00  00  00 | 00  00  00  00  00  00  00  00 
-70-  00  00  00  00  00  00  00  00 | 00  00  00  00  00  00  00  00 
-80-  00  00  00  00  00  00  00  00 | 00  00  00  00  00  00  00  00 
-90-  00  00  00  00  00  00  00  00 | 00  00  00  00  00  00  00  00 
-A0-  00  00  00  00  00  00  00  00 | 00  00  00  00  00  00  00  00 
-B0-  00  00  00  00  00  00  00  00 | 00  00  00  00  00  00  00  00 
-C0-  00  00  00  00  00  00  00  00 | 00  00  00  00  00  00  00  00 
-D0-  00  00  00  00  00  00  00  00 | 00  00  00  00  00  00  00  00 
-E0-  00  00  00  00  00  00  00  00 | 00  00  00  00  00  00  00  00 
-F0-  00  00  00  00  00  00  00  00 | 00  00  00  00  00  00  00  00 



BANK 1021
------00--01--02--03--04--05--06--07-|-08--09--0A--0B--0C--0D--0E--0F-
----------------------------------------------------------------------
-00-  00  00  00  00  00  00  00  00 | 00  00  00  00  00  00  00  00 
-10-  00  00  00  00  00  00  00  00 | 00  00  00  00  00  00  00  00 
-20-  00  00  00  00  00  00  00  00 | 00  00  00  00  00  00  00  00 
-30-  00  00  00  00  00  00  00  00 | 00  00  00  00  00  00  00  00 
-40-  00  00  00  00  00  00  00  00 | 00  00  00  00  00  00  00  00 
-50-  00  00  00  00  00  00  00  00 | 00  00  00  00  00  00  00  00 
-60-  00  00  00  00  00  00  00  00 | 00  00  00  00  00  00  00  00 
-70-  00  00  00  00  00  00  00  00 | 00  00  00  00  00  00  00  00 
-80-  00  00  00  00  00  00  00  00 | 00  00  00  00  00  00  00  00 
-90-  00  00  00  00  00  00  00  00 | 00  00  00  00  00  00  00  00 
-A0-  00  00  00  00  00  00  00  00 | 00  00  00  00  00  00  00  00 
-B0-  00  00  00  00  00  00  00  00 | 00  00  00  00  00  00  00  00 
-C0-  00  00  00  00  00  00  00  00 | 00  00  00  00  00  00  00  00 
-D0-  00  00  00  00  00  00  00  00 | 00  00  00  00  00  00  00  00 
-E0-  00  00  00  00  00  00  00  00 | 00  00  00  00  00  00  00  00 
-F0-  00  00  00  00  00  00  00  00 | 00  00  00  00  00  00  00  00 



BANK 1022
------00--01--02--03--04--05--06--07-|-08--09--0A--0B--0C--0D--0E--0F-
----------------------------------------------------------------------
-00-  00  00  00  00  00  00  00  00 | 00  00  00  00  00  00  00  00 
-10-  00  00  00  00  00  00  00  00 | 00  00  00  00  00  00  00  00 
-20-  00  00  00  00  00  00  00  00 | 00  00  00  00  00  00  00  00 
-30-  00  00  00  00  00  00  00  00 | 00  00  00  00  00  00  00  00 
-40-  00  00  00  00  00  00  00  00 | 00  00  00  00  00  00  00  00 
-50-  00  00  00  00  00  00  00  00 | 00  00  00  00  00  00  00  00 
-60-  00  00  00  00  00  00  00  00 | 00  00  00  00  00  00  00  00 
-70-  00  00  00  00  00  00  00  00 | 00  00  00  00  00  00  00  00 
-80-  00  00  00  00  00  00  00  00 | 00  00  00  00  00  00  00  00 
-90-  00  00  00  00  00  00  00  00 | 00  00  00  00  00  00  00  00 
-A0-  00  00  00  00  00  00  00  00 | 00  00  00  00  00  00  00  00 
-B0-  00  00  00  00  00  00  00  00 | 00  00  00  00  00  00  00  00 
-C0-  00  00  00  00  00  00  00  00 | 00  00  00  00  00  00  00  00 
-D0-  00  00  00  00  00  00  00  00 | 00  00  00  00  00  00  00  00 
-E0-  00  00  00  00  00  00  00  00 | 00  00  00  00  00  00  00  00 
-F0-  00  00  00  00  00  00  00  00 | 00  00  00  00  00  00  00  00 



BANK 1023
------00--01--02--03--04--05--06--07-|-08--09--0A--0B--0C--0D--0E--0F-
----------------------------------------------------------------------
-00-  00  00  00  00  00  00  00  00 | 00  00  00  00  00  00  00  00 
-10-  00  00  00  00  00  00  00  00 | 00  00  00  00  00  00  00  00 
-20-  00  00  00  00  00  00  00  00 | 00  00  00  00  00  00  00  00 
-30-  00  00  00  00  00  00  00  00 | 00  00  00  00  00  00  00  00 
-40-  00  00  00  00  00  00  00  00 | 00  00  00  00  00  00  00  00 
-50-  00  00  00  00  00  00  00  00 | 00  00  00  00  00  00  00  00 
-60-  00  00  00  00  00  00  00  00 | 00  00  00  00  00  00  00  00 
-70-  00  00  00  00  00  00  00  00 | 00  00  00  00  00  00  00  00 
-80-  00  00  00  00  00  00  00  00 | 00  00  00  00  00  00  00  00 
-90-  00  00  00  00  00  00  00  00 | 00  00  00  00  00  00  00  00 
-A0-  00  00  00  00  00  00  00  00 | 00  00  00  00  00  00  00  00 
-B0-  00  00  00  00  00  00  00  00 | 00  00  00  00  00  00  00  00 
-C0-  00  00  00  00  00  00  00  00 | 00  00  00  00  00  00  00  00 
-D0-  00  00  00  00  00  00  00  00 | 00  00  00  00  00  00  00  00 
-E0-  00  00  00  00  00  00  00  00 | 00  00  00  00  00  00  00  00 
-F0-  00  00  00  00  00  00  00  00 | 00  00  00  00  00  00  00  00 



BANK 1024
------00--01--02--03--04--05--06--07-|-08--09--0A--0B--0C--0D--0E--0F-
----------------------------------------------------------------------
-00-  00  00  00  00  00  00  00  00 | 00  00  00  00  00  00  00  00 
-10-  00  00  00  00  00  00  00  00 | 00  00  00  00  00  00  00  00 
-20-  00  00  00  00  00  00  00  00 | 00  00  00  00  00  00  00  00 
-30-  00  00  00  00  00  00  00  00 | 00  00  00  00  00  00  00  00 
-40-  00  00  00  00  00  00  00  00 | 00  00  00  00  00  00  00  00 
-50-  00  00  00  00  00  00  00  00 | 00  00  00  00  00  00  00  00 
-60-  00  00  00  00  00  00  00  00 | 00  00  00  00  00  00  00  00 
-70-  00  00  00  00  00  00  00  00 | 00  00  00  00  00  00  00  00 
-80-  00  00  00  00  00  00  00  00 | 00  00  00  00  00  00  00  00 
-90-  00  00  00  00  00  00  00  00 | 00  00  00  00  00  00  00  00 
-A0-  00  00  00  00  00  00  00  00 | 00  00  00  00  00  00  00  00 
-B0-  00  00  00  00  00  00  00  00 | 00  00  00  00  00  00  00  00 
-C0-  00  00  00  00  00  00  00  00 | 00  00  00  00  00  00  00  00 
-D0-  00  00  00  00  00  00  00  00 | 00  00  00  00  00  00  00  00 
-E0-  00  00  00  00  00  00  00  00 | 00  00  00  00  00  00  00  00 
-F0-  00  00  00  00  00  00  00  00 | 00  00  00  00  00  00  00  00 



BANK 1025
------00--01--02--03--04--05--06--07-|-08--09--0A--0B--0C--0D--0E--0F-
----------------------------------------------------------------------
-00-  00  00  00  00  00  00  00  00 | 00  00  00  00  00  00  00  00 
-10-  00  00  00  00  00  00  00  00 | 00  00  00  00  00  00  00  00 
-20-  00  00  00  00  00  00  00  00 | 00  00  00  00  00  00  00  00 
-30-  00  00  00  00  00  00  00  00 | 00  00  00  00  00  00  00  00 
-40-  00  00  00  00  00  00  00  00 | 00  00  00  00  00  00  00  00 
-50-  00  00  00  00  00  00  00  00 | 00  00  00  00  00  00  00  00 
-60-  00  00  00  00  00  00  00  00 | 00  00  00  00  00  00  00  00 
-70-  00  00  00  00  00  00  00  00 | 00  00  00  00  00  00  00  00 
-80-  00  00  00  00  00  00  00  00 | 00  00  00  00  00  00  00  00 
-90-  00  00  00  00  00  00  00  00 | 00  00  00  00  00  00  00  00 
-A0-  00  00  00  00  00  00  00  00 | 00  00  00  00  00  00  00  00 
-B0-  00  00  00  00  00  00  00  00 | 00  00  00  00  00  00  00  00 
-C0-  00  00  00  00  00  00  00  00 | 00  00  00  00  00  00  00  00 
-D0-  00  00  00  00  00  00  00  00 | 00  00  00  00  00  00  00  00 
-E0-  00  00  00  00  00  00  00  00 | 00  00  00  00  00  00  00  00 
-F0-  00  00  00  00  00  00  00  00 | 00  00  00  00  00  00  00  00 



BANK 1026
------00--01--02--03--04--05--06--07-|-08--09--0A--0B--0C--0D--0E--0F-
----------------------------------------------------------------------
-00-  00  00  00  00  00  00  00  00 | 00  00  00  00  00  00  00  00 
-10-  00  00  00  00  00  00  00  00 | 00  00  00  00  00  00  00  00 
-20-  00  00  00  00  00  00  00  00 | 00  00  00  00  00  00  00  00 
-30-  00  00  00  00  00  00  00  00 | 00  00  00  00  00  00  00  00 
-40-  00  00  00  00  00  00  00  00 | 00  00  00  00  00  00  00  00 
-50-  00  00  00  00  00  00  00  00 | 00  00  00  00  00  00  00  00 
-60-  00  00  00  00  00  00  00  00 | 00  00  00  00  00  00  00  00 
-70-  00  00  00  00  00  00  00  00 | 00  00  00  00  00  00  00  00 
-80-  00  00  00  00  00  00  00  00 | 00  00  00  00  00  00  00  00 
-90-  00  00  00  00  00  00  00  00 | 00  00  00  00  00  00  00  00 
-A0-  00  00  00  00  00  00  00  00 | 00  00  00  00  00  00  00  00 
-B0-  00  00  00  00  00  00  00  00 | 00  00  00  00  00  00  00  00 
-C0-  00  00  00  00  00  00  00  00 | 00  00  00  00  00  00  00  00 
-D0-  00  00  00  00  00  00  00  00 | 00  00  00  00  00  00  00  00 
-E0-  00  00  00  00  00  00  00  00 | 00  00  00  00  00  00  00  00 
-F0-  00  00  00  00  00  00  00  00 | 00  00  00  00  00  00  00  00 



BANK 1027
------00--01--02--03--04--05--06--07-|-08--09--0A--0B--0C--0D--0E--0F-
----------------------------------------------------------------------
-00-  00  00  00  00  00  00  00  00 | 00  00  00  00  00  00  00  00 
-10-  00  00  00  00  00  00  00  00 | 00  00  00  00  00  00  00  00 
-20-  00  00  00  00  00  00  00  00 | 00  00  00  00  00  00  00  00 
-30-  00  00  00  00  00  00  00  00 | 00  00  00  00  00  00  00  00 
-40-  00  00  00  00  00  00  00  00 | 00  00  00  00  00  00  00  00 
-50-  00  00  00  00  00  00  00  00 | 00  00  00  00  00  00  00  00 
-60-  00  00  00  00  00  00  00  00 | 00  00  00  00  00  00  00  00 
-70-  00  00  00  00  00  00  00  00 | 00  00  00  00  00  00  00  00 
-80-  00  00  00  00  00  00  00  00 | 00  00  00  00  00  00  00  00 
-90-  00  00  00  00  00  00  00  00 | 00  00  00  00  00  00  00  00 
-A0-  00  00  00  00  00  00  00  00 | 00  00  00  00  00  00  00  00 
-B0-  00  00  00  00  00  00  00  00 | 00  00  00  00  00  00  00  00 
-C0-  00  00  00  00  00  00  00  00 | 00  00  00  00  00  00  00  00 
-D0-  00  00  00  00  00  00  00  00 | 00  00  00  00  00  00  00  00 
-E0-  00  00  00  00  00  00  00  00 | 00  00  00  00  00  00  00  00 
-F0-  00  00  00  00  00  00  00  00 | 00  00  00  00  00  00  00  00 



BANK 1028
------00--01--02--03--04--05--06--07-|-08--09--0A--0B--0C--0D--0E--0F-
----------------------------------------------------------------------
-00-  00  00  00  00  00  00  00  00 | 00  00  00  00  00  00  00  00 
-10-  00  00  00  00  00  00  00  00 | 00  00  00  00  00  00  00  00 
-20-  00  00  00  00  00  00  00  00 | 00  00  00  00  00  00  00  00 
-30-  00  00  00  00  00  00  00  00 | 00  00  00  00  00  00  00  00 
-40-  00  00  00  00  00  00  00  00 | 00  00  00  00  00  00  00  00 
-50-  00  00  00  00  00  00  00  00 | 00  00  00  00  00  00  00  00 
-60-  00  00  00  00  00  00  00  00 | 00  00  00  00  00  00  00  00 
-70-  00  00  00  00  00  00  00  00 | 00  00  00  00  00  00  00  00 
-80-  00  00  00  00  00  00  00  00 | 00  00  00  00  00  00  00  00 
-90-  00  00  00  00  00  00  00  00 | 00  00  00  00  00  00  00  00 
-A0-  00  00  00  00  00  00  00  00 | 00  00  00  00  00  00  00  00 
-B0-  00  00  00  00  00  00  00  00 | 00  00  00  00  00  00  00  00 
-C0-  00  00  00  00  00  00  00  00 | 00  00  00  00  00  00  00  00 
-D0-  00  00  00  00  00  00  00  00 | 00  00  00  00  00  00  00  00 
-E0-  00  00  00  00  00  00  00  00 | 00  00  00  00  00  00  00  00 
-F0-  00  00  00  00  00  00  00  00 | 00  00  00  00  00  00  00  00 



BANK 1029
------00--01--02--03--04--05--06--07-|-08--09--0A--0B--0C--0D--0E--0F-
----------------------------------------------------------------------
-00-  00  00  00  00  00  00  00  00 | 00  00  00  00  00  00  00  00 
-10-  00  00  00  00  00  00  00  00 | 00  00  00  00  00  00  00  00 
-20-  00  00  00  00  00  00  00  00 | 00  00  00  00  00  00  00  00 
-30-  00  00  00  00  00  00  00  00 | 00  00  00  00  00  00  00  00 
-40-  00  00  00  00  00  00  00  00 | 00  00  00  00  00  00  00  00 
-50-  00  00  00  00  00  00  00  00 | 00  00  00  00  00  00  00  00 
-60-  00  00  00  00  00  00  00  00 | 00  00  00  00  00  00  00  00 
-70-  00  00  00  00  00  00  00  00 | 00  00  00  00  00  00  00  00 
-80-  00  00  00  00  00  00  00  00 | 00  00  00  00  00  00  00  00 
-90-  00  00  00  00  00  00  00  00 | 00  00  00  00  00  00  00  00 
-A0-  00  00  00  00  00  00  00  00 | 00  00  00  00  00  00  00  00 
-B0-  00  00  00  00  00  00  00  00 | 00  00  00  00  00  00  00  00 
-C0-  00  00  00  00  00  00  00  00 | 00  00  00  00  00  00  00  00 
-D0-  00  00  00  00  00  00  00  00 | 00  00  00  00  00  00  00  00 
-E0-  00  00  00  00  00  00  00  00 | 00  00  00  00  00  00  00  00 
-F0-  00  00  00  00  00  00  00  00 | 00  00  00  00  00  00  00  00 



BANK 102A
------00--01--02--03--04--05--06--07-|-08--09--0A--0B--0C--0D--0E--0F-
----------------------------------------------------------------------
-00-  00  00  00  00  00  00  00  00 | 00  00  00  00  00  00  00  00 
-10-  00  00  00  00  00  00  00  00 | 00  00  00  00  00  00  00  00 
-20-  00  00  00  00  00  00  00  00 | 00  00  00  00  00  00  00  00 
-30-  00  00  00  00  00  00  00  00 | 00  00  00  00  00  00  00  00 
-40-  00  00  00  00  00  00  00  00 | 00  00  00  00  00  00  00  00 
-50-  00  00  00  00  00  00  00  00 | 00  00  00  00  00  00  00  00 
-60-  00  00  00  00  00  00  00  00 | 00  00  00  00  00  00  00  00 
-70-  00  00  00  00  00  00  00  00 | 00  00  00  00  00  00  00  00 
-80-  00  00  00  00  00  00  00  00 | 00  00  00  00  00  00  00  00 
-90-  00  00  00  00  00  00  00  00 | 00  00  00  00  00  00  00  00 
-A0-  00  00  00  00  00  00  00  00 | 00  00  00  00  00  00  00  00 
-B0-  00  00  00  00  00  00  00  00 | 00  00  00  00  00  00  00  00 
-C0-  00  00  00  00  00  00  00  00 | 00  00  00  00  00  00  00  00 
-D0-  00  00  00  00  00  00  00  00 | 00  00  00  00  00  00  00  00 
-E0-  00  00  00  00  00  00  00  00 | 00  00  00  00  00  00  00  00 
-F0-  00  00  00  00  00  00  00  00 | 00  00  00  00  00  00  00  00 



BANK 102B
------00--01--02--03--04--05--06--07-|-08--09--0A--0B--0C--0D--0E--0F-
----------------------------------------------------------------------
-00-  00  00  00  00  00  00  00  00 | 00  00  00  00  00  00  00  00 
-10-  00  00  00  00  00  00  00  00 | 00  00  00  00  00  00  00  00 
-20-  00  00  00  00  00  00  00  00 | 00  00  00  00  00  00  00  00 
-30-  00  00  00  00  00  00  00  00 | 00  00  00  00  00  00  00  00 
-40-  00  00  00  00  00  00  00  00 | 00  00  00  00  00  00  00  00 
-50-  00  00  00  00  00  00  00  00 | 00  00  00  00  00  00  00  00 
-60-  00  00  00  00  00  00  00  00 | 00  00  00  00  00  00  00  00 
-70-  00  00  00  00  00  00  00  00 | 00  00  00  00  00  00  00  00 
-80-  00  00  00  00  00  00  00  00 | 00  00  00  00  00  00  00  00 
-90-  00  00  00  00  00  00  00  00 | 00  00  00  00  00  00  00  00 
-A0-  00  00  00  00  00  00  00  00 | 00  00  00  00  00  00  00  00 
-B0-  00  00  00  00  00  00  00  00 | 00  00  00  00  00  00  00  00 
-C0-  00  00  00  00  00  00  00  00 | 00  00  00  00  00  00  00  00 
-D0-  00  00  00  00  00  00  00  00 | 00  00  00  00  00  00  00  00 
-E0-  00  00  00  00  00  00  00  00 | 00  00  00  00  00  00  00  00 
-F0-  00  00  00  00  00  00  00  00 | 00  00  00  00  00  00  00  00 



BANK 102C
------00--01--02--03--04--05--06--07-|-08--09--0A--0B--0C--0D--0E--0F-
----------------------------------------------------------------------
-00-  00  00  00  00  00  00  00  00 | 00  00  00  00  00  00  00  00 
-10-  00  00  00  00  00  00  00  00 | 00  00  00  00  00  00  00  00 
-20-  00  00  00  00  00  00  00  00 | 00  00  00  00  00  00  00  00 
-30-  00  00  00  00  00  00  00  00 | 00  00  00  00  00  00  00  00 
-40-  00  00  00  00  00  00  00  00 | 00  00  00  00  00  00  00  00 
-50-  00  00  00  00  00  00  00  00 | 00  00  00  00  00  00  00  00 
-60-  00  00  00  00  00  00  00  00 | 00  00  00  00  00  00  00  00 
-70-  00  00  00  00  00  00  00  00 | 00  00  00  00  00  00  00  00 
-80-  00  00  00  00  00  00  00  00 | 00  00  00  00  00  00  00  00 
-90-  00  00  00  00  00  00  00  00 | 00  00  00  00  00  00  00  00 
-A0-  00  00  00  00  00  00  00  00 | 00  00  00  00  00  00  00  00 
-B0-  00  00  00  00  00  00  00  00 | 00  00  00  00  00  00  00  00 
-C0-  00  00  00  00  00  00  00  00 | 00  00  00  00  00  00  00  00 
-D0-  00  00  00  00  00  00  00  00 | 00  00  00  00  00  00  00  00 
-E0-  00  00  00  00  00  00  00  00 | 00  00  00  00  00  00  00  00 
-F0-  00  00  00  00  00  00  00  00 | 00  00  00  00  00  00  00  00 



BANK 102D
------00--01--02--03--04--05--06--07-|-08--09--0A--0B--0C--0D--0E--0F-
----------------------------------------------------------------------
-00-  00  00  00  00  00  00  00  00 | 00  00  00  00  00  00  00  00 
-10-  00  00  00  00  00  00  00  00 | 00  00  00  00  00  00  00  00 
-20-  00  00  00  00  00  00  00  00 | 00  00  00  00  00  00  00  00 
-30-  00  00  00  00  00  00  00  00 | 00  00  00  00  00  00  00  00 
-40-  00  00  00  00  00  00  00  00 | 00  00  00  00  00  00  00  00 
-50-  00  00  00  00  00  00  00  00 | 00  00  00  00  00  00  00  00 
-60-  00  00  00  00  00  00  00  00 | 00  00  00  00  00  00  00  00 
-70-  00  00  00  00  00  00  00  00 | 00  00  00  00  00  00  00  00 
-80-  00  00  00  00  00  00  00  00 | 00  00  00  00  00  00  00  00 
-90-  00  00  00  00  00  00  00  00 | 00  00  00  00  00  00  00  00 
-A0-  00  00  00  00  00  00  00  00 | 00  00  00  00  00  00  00  00 
-B0-  00  00  00  00  00  00  00  00 | 00  00  00  00  00  00  00  00 
-C0-  00  00  00  00  00  00  00  00 | 00  00  00  00  00  00  00  00 
-D0-  00  00  00  00  00  00  00  00 | 00  00  00  00  00  00  00  00 
-E0-  00  00  00  00  00  00  00  00 | 00  00  00  00  00  00  00  00 
-F0-  00  00  00  00  00  00  00  00 | 00  00  00  00  00  00  00  00 



BANK 102E
------00--01--02--03--04--05--06--07-|-08--09--0A--0B--0C--0D--0E--0F-
----------------------------------------------------------------------
-00-  00  00  00  00  00  00  00  00 | 00  00  00  00  00  00  00  00 
-10-  00  00  00  00  00  00  00  00 | 00  00  00  00  00  00  00  00 
-20-  00  00  00  00  00  00  00  00 | 00  00  00  00  00  00  00  00 
-30-  00  00  00  00  00  00  00  00 | 00  00  00  00  00  00  00  00 
-40-  00  00  00  00  00  00  00  00 | 00  00  00  00  00  00  00  00 
-50-  00  00  00  00  00  00  00  00 | 00  00  00  00  00  00  00  00 
-60-  00  00  00  00  00  00  00  00 | 00  00  00  00  00  00  00  00 
-70-  00  00  00  00  00  00  00  00 | 00  00  00  00  00  00  00  00 
-80-  00  00  00  00  00  00  00  00 | 00  00  00  00  00  00  00  00 
-90-  00  00  00  00  00  00  00  00 | 00  00  00  00  00  00  00  00 
-A0-  00  00  00  00  00  00  00  00 | 00  00  00  00  00  00  00  00 
-B0-  00  00  00  00  00  00  00  00 | 00  00  00  00  00  00  00  00 
-C0-  00  00  00  00  00  00  00  00 | 00  00  00  00  00  00  00  00 
-D0-  00  00  00  00  00  00  00  00 | 00  00  00  00  00  00  00  00 
-E0-  00  00  00  00  00  00  00  00 | 00  00  00  00  00  00  00  00 
-F0-  00  00  00  00  00  00  00  00 | 00  00  00  00  00  00  00  00 



BANK 102F
------00--01--02--03--04--05--06--07-|-08--09--0A--0B--0C--0D--0E--0F-
----------------------------------------------------------------------
-00-  00  00  00  00  00  00  00  00 | 00  00  00  00  00  00  00  00 
-10-  00  00  00  00  00  00  00  00 | 00  00  00  00  00  00  00  00 
-20-  00  00  00  00  00  00  00  00 | 00  00  00  00  00  00  00  00 
-30-  00  00  00  00  00  00  00  00 | 00  00  00  00  00  00  00  00 
-40-  00  00  00  00  00  00  00  00 | 00  00  00  00  00  00  00  00 
-50-  00  00  00  00  00  00  00  00 | 00  00  00  00  00  00  00  00 
-60-  00  00  00  00  00  00  00  00 | 00  00  00  00  00  00  00  00 
-70-  00  00  00  00  00  00  00  00 | 00  00  00  00  00  00  00  00 
-80-  00  00  00  00  00  00  00  00 | 00  00  00  00  00  00  00  00 
-90-  00  00  00  00  00  00  00  00 | 00  00  00  00  00  00  00  00 
-A0-  00  00  00  00  00  00  00  00 | 00  00  00  00  00  00  00  00 
-B0-  00  00  00  00  00  00  00  00 | 00  00  00  00  00  00  00  00 
-C0-  00  00  00  00  00  00  00  00 | 00  00  00  00  00  00  00  00 
-D0-  00  00  00  00  00  00  00  00 | 00  00  00  00  00  00  00  00 
-E0-  00  00  00  00  00  00  00  00 | 00  00  00  00  00  00  00  00 
-F0-  00  00  00  00  00  00  00  00 | 00  00  00  00  00  00  00  00 



BANK 1030
------00--01--02--03--04--05--06--07-|-08--09--0A--0B--0C--0D--0E--0F-
----------------------------------------------------------------------
-00-  00  00  00  00  00  00  00  00 | 00  00  00  00  00  00  00  00 
-10-  00  00  00  00  00  00  00  00 | 00  00  00  00  00  00  00  00 
-20-  00  00  00  00  00  00  00  00 | 00  00  00  00  00  00  00  00 
-30-  00  00  00  00  00  00  00  00 | 00  00  00  00  00  00  00  00 
-40-  00  00  00  00  00  00  00  00 | 00  00  00  00  00  00  00  00 
-50-  00  00  00  00  00  00  00  00 | 00  00  00  00  00  00  00  00 
-60-  00  00  00  00  00  00  00  00 | 00  00  00  00  00  00  00  00 
-70-  00  00  00  00  00  00  00  00 | 00  00  00  00  00  00  00  00 
-80-  00  00  00  00  00  00  00  00 | 00  00  00  00  00  00  00  00 
-90-  00  00  00  00  00  00  00  00 | 00  00  00  00  00  00  00  00 
-A0-  00  00  00  00  00  00  00  00 | 00  00  00  00  00  00  00  00 
-B0-  00  00  00  00  00  00  00  00 | 00  00  00  00  00  00  00  00 
-C0-  00  00  00  00  00  00  00  00 | 00  00  00  00  00  00  00  00 
-D0-  00  00  00  00  00  00  00  00 | 00  00  00  00  00  00  00  00 
-E0-  00  00  00  00  00  00  00  00 | 00  00  00  00  00  00  00  00 
-F0-  00  00  00  00  00  00  00  00 | 00  00  00  00  00  00  00  00 



BANK 1031
------00--01--02--03--04--05--06--07-|-08--09--0A--0B--0C--0D--0E--0F-
----------------------------------------------------------------------
-00-  00  00  00  00  00  00  00  00 | 00  00  00  00  00  00  00  00 
-10-  00  00  00  00  00  00  00  00 | 00  00  00  00  00  00  00  00 
-20-  00  00  00  00  00  00  00  00 | 00  00  00  00  00  00  00  00 
-30-  00  00  00  00  00  00  00  00 | 00  00  00  00  00  00  00  00 
-40-  00  00  00  00  00  00  00  00 | 00  00  00  00  00  00  00  00 
-50-  00  00  00  00  00  00  00  00 | 00  00  00  00  00  00  00  00 
-60-  00  00  00  00  00  00  00  00 | 00  00  00  00  00  00  00  00 
-70-  00  00  00  00  00  00  00  00 | 00  00  00  00  00  00  00  00 
-80-  00  00  00  00  00  00  00  00 | 00  00  00  00  00  00  00  00 
-90-  00  00  00  00  00  00  00  00 | 00  00  00  00  00  00  00  00 
-A0-  00  00  00  00  00  00  00  00 | 00  00  00  00  00  00  00  00 
-B0-  00  00  00  00  00  00  00  00 | 00  00  00  00  00  00  00  00 
-C0-  00  00  00  00  00  00  00  00 | 00  00  00  00  00  00  00  00 
-D0-  00  00  00  00  00  00  00  00 | 00  00  00  00  00  00  00  00 
-E0-  00  00  00  00  00  00  00  00 | 00  00  00  00  00  00  00  00 
-F0-  00  00  00  00  00  00  00  00 | 00  00  00  00  00  00  00  00 



BANK 1032
------00--01--02--03--04--05--06--07-|-08--09--0A--0B--0C--0D--0E--0F-
----------------------------------------------------------------------
-00-  00  00  00  00  00  00  00  00 | 00  00  00  00  00  00  00  00 
-10-  00  00  00  00  00  00  00  00 | 00  00  00  00  00  00  00  00 
-20-  00  00  00  00  00  00  00  00 | 00  00  00  00  00  00  00  00 
-30-  00  00  00  00  00  00  00  00 | 00  00  00  00  00  00  00  00 
-40-  00  00  00  00  00  00  00  00 | 00  00  00  00  00  00  00  00 
-50-  00  00  00  00  00  00  00  00 | 00  00  00  00  00  00  00  00 
-60-  00  00  00  00  00  00  00  00 | 00  00  00  00  00  00  00  00 
-70-  00  00  00  00  00  00  00  00 | 00  00  00  00  00  00  00  00 
-80-  00  00  00  00  00  00  00  00 | 00  00  00  00  00  00  00  00 
-90-  00  00  00  00  00  00  00  00 | 00  00  00  00  00  00  00  00 
-A0-  00  00  00  00  00  00  00  00 | 00  00  00  00  00  00  00  00 
-B0-  00  00  00  00  00  00  00  00 | 00  00  00  00  00  00  00  00 
-C0-  00  00  00  00  00  00  00  00 | 00  00  00  00  00  00  00  00 
-D0-  00  00  00  00  00  00  00  00 | 00  00  00  00  00  00  00  00 
-E0-  00  00  00  00  00  00  00  00 | 00  00  00  00  00  00  00  00 
-F0-  00  00  00  00  00  00  00  00 | 00  00  00  00  00  00  00  00 



BANK 1033
------00--01--02--03--04--05--06--07-|-08--09--0A--0B--0C--0D--0E--0F-
----------------------------------------------------------------------
-00-  00  00  00  00  00  00  00  00 | 00  00  00  00  00  00  00  00 
-10-  00  00  00  00  00  00  00  00 | 00  00  00  00  00  00  00  00 
-20-  00  00  00  00  00  00  00  00 | 00  00  00  00  00  00  00  00 
-30-  00  00  00  00  00  00  00  00 | 00  00  00  00  00  00  00  00 
-40-  00  00  00  00  00  00  00  00 | 00  00  00  00  00  00  00  00 
-50-  00  00  00  00  00  00  00  00 | 00  00  00  00  00  00  00  00 
-60-  00  00  00  00  00  00  00  00 | 00  00  00  00  00  00  00  00 
-70-  00  00  00  00  00  00  00  00 | 00  00  00  00  00  00  00  00 
-80-  00  00  00  00  00  00  00  00 | 00  00  00  00  00  00  00  00 
-90-  00  00  00  00  00  00  00  00 | 00  00  00  00  00  00  00  00 
-A0-  00  00  00  00  00  00  00  00 | 00  00  00  00  00  00  00  00 
-B0-  00  00  00  00  00  00  00  00 | 00  00  00  00  00  00  00  00 
-C0-  00  00  00  00  00  00  00  00 | 00  00  00  00  00  00  00  00 
-D0-  00  00  00  00  00  00  00  00 | 00  00  00  00  00  00  00  00 
-E0-  00  00  00  00  00  00  00  00 | 00  00  00  00  00  00  00  00 
-F0-  00  00  00  00  00  00  00  00 | 00  00  00  00  00  00  00  00 



BANK 1034
------00--01--02--03--04--05--06--07-|-08--09--0A--0B--0C--0D--0E--0F-
----------------------------------------------------------------------
-00-  00  00  00  00  00  00  00  00 | 00  00  00  00  00  00  00  00 
-10-  00  00  00  00  00  00  00  00 | 00  00  00  00  00  00  00  00 
-20-  00  00  00  00  00  00  00  00 | 00  00  00  00  00  00  00  00 
-30-  00  00  00  00  00  00  00  00 | 00  00  00  00  00  00  00  00 
-40-  00  00  00  00  00  00  00  00 | 00  00  00  00  00  00  00  00 
-50-  00  00  00  00  00  00  00  00 | 00  00  00  00  00  00  00  00 
-60-  00  00  00  00  00  00  00  00 | 00  00  00  00  00  00  00  00 
-70-  00  00  00  00  00  00  00  00 | 00  00  00  00  00  00  00  00 
-80-  00  00  00  00  00  00  00  00 | 00  00  00  00  00  00  00  00 
-90-  00  00  00  00  00  00  00  00 | 00  00  00  00  00  00  00  00 
-A0-  00  00  00  00  00  00  00  00 | 00  00  00  00  00  00  00  00 
-B0-  00  00  00  00  00  00  00  00 | 00  00  00  00  00  00  00  00 
-C0-  00  00  00  00  00  00  00  00 | 00  00  00  00  00  00  00  00 
-D0-  00  00  00  00  00  00  00  00 | 00  00  00  00  00  00  00  00 
-E0-  00  00  00  00  00  00  00  00 | 00  00  00  00  00  00  00  00 
-F0-  00  00  00  00  00  00  00  00 | 00  00  00  00  00  00  00  00 



BANK 1035
------00--01--02--03--04--05--06--07-|-08--09--0A--0B--0C--0D--0E--0F-
----------------------------------------------------------------------
-00-  00  00  00  00  00  00  00  00 | 00  00  00  00  00  00  00  00 
-10-  00  00  00  00  00  00  00  00 | 00  00  00  00  00  00  00  00 
-20-  00  00  00  00  00  00  00  00 | 00  00  00  00  00  00  00  00 
-30-  00  00  00  00  00  00  00  00 | 00  00  00  00  00  00  00  00 
-40-  00  00  00  00  00  00  00  00 | 00  00  00  00  00  00  00  00 
-50-  00  00  00  00  00  00  00  00 | 00  00  00  00  00  00  00  00 
-60-  00  00  00  00  00  00  00  00 | 00  00  00  00  00  00  00  00 
-70-  00  00  00  00  00  00  00  00 | 00  00  00  00  00  00  00  00 
-80-  00  00  00  00  00  00  00  00 | 00  00  00  00  00  00  00  00 
-90-  00  00  00  00  00  00  00  00 | 00  00  00  00  00  00  00  00 
-A0-  00  00  00  00  00  00  00  00 | 00  00  00  00  00  00  00  00 
-B0-  00  00  00  00  00  00  00  00 | 00  00  00  00  00  00  00  00 
-C0-  00  00  00  00  00  00  00  00 | 00  00  00  00  00  00  00  00 
-D0-  00  00  00  00  00  00  00  00 | 00  00  00  00  00  00  00  00 
-E0-  00  00  00  00  00  00  00  00 | 00  00  00  00  00  00  00  00 
-F0-  00  00  00  00  00  00  00  00 | 00  00  00  00  00  00  00  00 



BANK 1036
------00--01--02--03--04--05--06--07-|-08--09--0A--0B--0C--0D--0E--0F-
----------------------------------------------------------------------
-00-  00  00  00  00  00  00  00  00 | 00  00  00  00  00  00  00  00 
-10-  00  00  00  00  00  00  00  00 | 00  00  00  00  00  00  00  00 
-20-  00  00  00  00  00  00  00  00 | 00  00  00  00  00  00  00  00 
-30-  00  00  00  00  00  00  00  00 | 00  00  00  00  00  00  00  00 
-40-  00  00  00  00  00  00  00  00 | 00  00  00  00  00  00  00  00 
-50-  00  00  00  00  00  00  00  00 | 00  00  00  00  00  00  00  00 
-60-  00  00  00  00  00  00  00  00 | 00  00  00  00  00  00  00  00 
-70-  00  00  00  00  00  00  00  00 | 00  00  00  00  00  00  00  00 
-80-  00  00  00  00  00  00  00  00 | 00  00  00  00  00  00  00  00 
-90-  00  00  00  00  00  00  00  00 | 00  00  00  00  00  00  00  00 
-A0-  00  00  00  00  00  00  00  00 | 00  00  00  00  00  00  00  00 
-B0-  00  00  00  00  00  00  00  00 | 00  00  00  00  00  00  00  00 
-C0-  00  00  00  00  00  00  00  00 | 00  00  00  00  00  00  00  00 
-D0-  00  00  00  00  00  00  00  00 | 00  00  00  00  00  00  00  00 
-E0-  00  00  00  00  00  00  00  00 | 00  00  00  00  00  00  00  00 
-F0-  00  00  00  00  00  00  00  00 | 00  00  00  00  00  00  00  00 



BANK 1037
------00--01--02--03--04--05--06--07-|-08--09--0A--0B--0C--0D--0E--0F-
----------------------------------------------------------------------
-00-  00  00  00  00  00  00  00  00 | 00  00  00  00  00  00  00  00 
-10-  00  00  00  00  00  00  00  00 | 00  00  00  00  00  00  00  00 
-20-  00  00  00  00  00  00  00  00 | 00  00  00  00  00  00  00  00 
-30-  00  00  00  00  00  00  00  00 | 00  00  00  00  00  00  00  00 
-40-  00  00  00  00  00  00  00  00 | 00  00  00  00  00  00  00  00 
-50-  00  00  00  00  00  00  00  00 | 00  00  00  00  00  00  00  00 
-60-  00  00  00  00  00  00  00  00 | 00  00  00  00  00  00  00  00 
-70-  00  00  00  00  00  00  00  00 | 00  00  00  00  00  00  00  00 
-80-  00  00  00  00  00  00  00  00 | 00  00  00  00  00  00  00  00 
-90-  00  00  00  00  00  00  00  00 | 00  00  00  00  00  00  00  00 
-A0-  00  00  00  00  00  00  00  00 | 00  00  00  00  00  00  00  00 
-B0-  00  00  00  00  00  00  00  00 | 00  00  00  00  00  00  00  00 
-C0-  00  00  00  00  00  00  00  00 | 00  00  00  00  00  00  00  00 
-D0-  00  00  00  00  00  00  00  00 | 00  00  00  00  00  00  00  00 
-E0-  00  00  00  00  00  00  00  00 | 00  00  00  00  00  00  00  00 
-F0-  00  00  00  00  00  00  00  00 | 00  00  00  00  00  00  00  00 



BANK 1038
------00--01--02--03--04--05--06--07-|-08--09--0A--0B--0C--0D--0E--0F-
----------------------------------------------------------------------
-00-  00  00  00  00  00  00  00  00 | 00  00  00  00  00  00  00  00 
-10-  00  00  00  00  00  00  00  00 | 00  00  00  00  00  00  00  00 
-20-  00  00  00  00  00  00  00  00 | 00  00  00  00  00  00  00  00 
-30-  00  00  00  00  00  00  00  00 | 00  00  00  00  00  00  00  00 
-40-  00  00  00  00  00  00  00  00 | 00  00  00  00  00  00  00  00 
-50-  00  00  00  00  00  00  00  00 | 00  00  00  00  00  00  00  00 
-60-  00  00  00  00  00  00  00  00 | 00  00  00  00  00  00  00  00 
-70-  00  00  00  00  00  00  00  00 | 00  00  00  00  00  00  00  00 
-80-  00  00  00  00  00  00  00  00 | 00  00  00  00  00  00  00  00 
-90-  00  00  00  00  00  00  00  00 | 00  00  00  00  00  00  00  00 
-A0-  00  00  00  00  00  00  00  00 | 00  00  00  00  00  00  00  00 
-B0-  00  00  00  00  00  00  00  00 | 00  00  00  00  00  00  00  00 
-C0-  00  00  00  00  00  00  00  00 | 00  00  00  00  00  00  00  00 
-D0-  00  00  00  00  00  00  00  00 | 00  00  00  00  00  00  00  00 
-E0-  00  00  00  00  00  00  00  00 | 00  00  00  00  00  00  00  00 
-F0-  00  00  00  00  00  00  00  00 | 00  00  00  00  00  00  00  00 



BANK 1039
------00--01--02--03--04--05--06--07-|-08--09--0A--0B--0C--0D--0E--0F-
----------------------------------------------------------------------
-00-  00  00  00  00  00  00  00  00 | 00  00  00  00  00  00  00  00 
-10-  00  00  00  00  00  00  00  00 | 00  00  00  00  00  00  00  00 
-20-  00  00  00  00  00  00  00  00 | 00  00  00  00  00  00  00  00 
-30-  00  00  00  00  00  00  00  00 | 00  00  00  00  00  00  00  00 
-40-  00  00  00  00  00  00  00  00 | 00  00  00  00  00  00  00  00 
-50-  00  00  00  00  00  00  00  00 | 00  00  00  00  00  00  00  00 
-60-  00  00  00  00  00  00  00  00 | 00  00  00  00  00  00  00  00 
-70-  00  00  00  00  00  00  00  00 | 00  00  00  00  00  00  00  00 
-80-  00  00  00  00  00  00  00  00 | 00  00  00  00  00  00  00  00 
-90-  00  00  00  00  00  00  00  00 | 00  00  00  00  00  00  00  00 
-A0-  00  00  00  00  00  00  00  00 | 00  00  00  00  00  00  00  00 
-B0-  00  00  00  00  00  00  00  00 | 00  00  00  00  00  00  00  00 
-C0-  00  00  00  00  00  00  00  00 | 00  00  00  00  00  00  00  00 
-D0-  00  00  00  00  00  00  00  00 | 00  00  00  00  00  00  00  00 
-E0-  00  00  00  00  00  00  00  00 | 00  00  00  00  00  00  00  00 
-F0-  00  00  00  00  00  00  00  00 | 00  00  00  00  00  00  00  00 



BANK 103A
------00--01--02--03--04--05--06--07-|-08--09--0A--0B--0C--0D--0E--0F-
----------------------------------------------------------------------
-00-  00  00  00  00  00  00  00  00 | 00  00  00  00  00  00  00  00 
-10-  00  00  00  00  00  00  00  00 | 00  00  00  00  00  00  00  00 
-20-  00  00  00  00  00  00  00  00 | 00  00  00  00  00  00  00  00 
-30-  00  00  00  00  00  00  00  00 | 00  00  00  00  00  00  00  00 
-40-  00  00  00  00  00  00  00  00 | 00  00  00  00  00  00  00  00 
-50-  00  00  00  00  00  00  00  00 | 00  00  00  00  00  00  00  00 
-60-  00  00  00  00  00  00  00  00 | 00  00  00  00  00  00  00  00 
-70-  00  00  00  00  00  00  00  00 | 00  00  00  00  00  00  00  00 
-80-  00  00  00  00  00  00  00  00 | 00  00  00  00  00  00  00  00 
-90-  00  00  00  00  00  00  00  00 | 00  00  00  00  00  00  00  00 
-A0-  00  00  00  00  00  00  00  00 | 00  00  00  00  00  00  00  00 
-B0-  00  00  00  00  00  00  00  00 | 00  00  00  00  00  00  00  00 
-C0-  00  00  00  00  00  00  00  00 | 00  00  00  00  00  00  00  00 
-D0-  00  00  00  00  00  00  00  00 | 00  00  00  00  00  00  00  00 
-E0-  00  00  00  00  00  00  00  00 | 00  00  00  00  00  00  00  00 
-F0-  00  00  00  00  00  00  00  00 | 00  00  00  00  00  00  00  00 



BANK 103B
------00--01--02--03--04--05--06--07-|-08--09--0A--0B--0C--0D--0E--0F-
----------------------------------------------------------------------
-00-  00  00  00  00  00  00  00  00 | 00  00  00  00  00  00  00  00 
-10-  00  00  00  00  00  00  00  00 | 00  00  00  00  00  00  00  00 
-20-  00  00  00  00  00  00  00  00 | 00  00  00  00  00  00  00  00 
-30-  00  00  00  00  00  00  00  00 | 00  00  00  00  00  00  00  00 
-40-  00  00  00  00  00  00  00  00 | 00  00  00  00  00  00  00  00 
-50-  00  00  00  00  00  00  00  00 | 00  00  00  00  00  00  00  00 
-60-  00  00  00  00  00  00  00  00 | 00  00  00  00  00  00  00  00 
-70-  00  00  00  00  00  00  00  00 | 00  00  00  00  00  00  00  00 
-80-  00  00  00  00  00  00  00  00 | 00  00  00  00  00  00  00  00 
-90-  00  00  00  00  00  00  00  00 | 00  00  00  00  00  00  00  00 
-A0-  00  00  00  00  00  00  00  00 | 00  00  00  00  00  00  00  00 
-B0-  00  00  00  00  00  00  00  00 | 00  00  00  00  00  00  00  00 
-C0-  00  00  00  00  00  00  00  00 | 00  00  00  00  00  00  00  00 
-D0-  00  00  00  00  00  00  00  00 | 00  00  00  00  00  00  00  00 
-E0-  00  00  00  00  00  00  00  00 | 00  00  00  00  00  00  00  00 
-F0-  00  00  00  00  00  00  00  00 | 00  00  00  00  00  00  00  00 



BANK 103C
------00--01--02--03--04--05--06--07-|-08--09--0A--0B--0C--0D--0E--0F-
----------------------------------------------------------------------
-00-  00  00  00  00  00  00  00  00 | 00  00  00  00  00  00  00  00 
-10-  00  00  00  00  00  00  00  00 | 00  00  00  00  00  00  00  00 
-20-  00  00  00  00  00  00  00  00 | 00  00  00  00  00  00  00  00 
-30-  00  00  00  00  00  00  00  00 | 00  00  00  00  00  00  00  00 
-40-  00  00  00  00  00  00  00  00 | 00  00  00  00  00  00  00  00 
-50-  00  00  00  00  00  00  00  00 | 00  00  00  00  00  00  00  00 
-60-  00  00  00  00  00  00  00  00 | 00  00  00  00  00  00  00  00 
-70-  00  00  00  00  00  00  00  00 | 00  00  00  00  00  00  00  00 
-80-  00  00  00  00  00  00  00  00 | 00  00  00  00  00  00  00  00 
-90-  00  00  00  00  00  00  00  00 | 00  00  00  00  00  00  00  00 
-A0-  00  00  00  00  00  00  00  00 | 00  00  00  00  00  00  00  00 
-B0-  00  00  00  00  00  00  00  00 | 00  00  00  00  00  00  00  00 
-C0-  00  00  00  00  00  00  00  00 | 00  00  00  00  00  00  00  00 
-D0-  00  00  00  00  00  00  00  00 | 00  00  00  00  00  00  00  00 
-E0-  00  00  00  00  00  00  00  00 | 00  00  00  00  00  00  00  00 
-F0-  00  00  00  00  00  00  00  00 | 00  00  00  00  00  00  00  00 



BANK 103D
------00--01--02--03--04--05--06--07-|-08--09--0A--0B--0C--0D--0E--0F-
----------------------------------------------------------------------
-00-  00  00  00  00  00  00  00  00 | 00  00  00  00  00  00  00  00 
-10-  00  00  00  00  00  00  00  00 | 00  00  00  00  00  00  00  00 
-20-  00  00  00  00  00  00  00  00 | 00  00  00  00  00  00  00  00 
-30-  00  00  00  00  00  00  00  00 | 00  00  00  00  00  00  00  00 
-40-  00  00  00  00  00  00  00  00 | 00  00  00  00  00  00  00  00 
-50-  00  00  00  00  00  00  00  00 | 00  00  00  00  00  00  00  00 
-60-  00  00  00  00  00  00  00  00 | 00  00  00  00  00  00  00  00 
-70-  00  00  00  00  00  00  00  00 | 00  00  00  00  00  00  00  00 
-80-  00  00  00  00  00  00  00  00 | 00  00  00  00  00  00  00  00 
-90-  00  00  00  00  00  00  00  00 | 00  00  00  00  00  00  00  00 
-A0-  00  00  00  00  00  00  00  00 | 00  00  00  00  00  00  00  00 
-B0-  00  00  00  00  00  00  00  00 | 00  00  00  00  00  00  00  00 
-C0-  00  00  00  00  00  00  00  00 | 00  00  00  00  00  00  00  00 
-D0-  00  00  00  00  00  00  00  00 | 00  00  00  00  00  00  00  00 
-E0-  00  00  00  00  00  00  00  00 | 00  00  00  00  00  00  00  00 
-F0-  00  00  00  00  00  00  00  00 | 00  00  00  00  00  00  00  00 



BANK 103E
------00--01--02--03--04--05--06--07-|-08--09--0A--0B--0C--0D--0E--0F-
----------------------------------------------------------------------
-00-  00  00  00  00  00  00  00  00 | 00  00  00  00  00  00  00  00 
-10-  00  00  00  00  00  00  00  00 | 00  00  00  00  00  00  00  00 
-20-  00  00  00  00  00  00  00  00 | 00  00  00  00  00  00  00  00 
-30-  00  00  00  00  00  00  00  00 | 00  00  00  00  00  00  00  00 
-40-  00  00  00  00  00  00  00  00 | 00  00  00  00  00  00  00  00 
-50-  00  00  00  00  00  00  00  00 | 00  00  00  00  00  00  00  00 
-60-  00  00  00  00  00  00  00  00 | 00  00  00  00  00  00  00  00 
-70-  00  00  00  00  00  00  00  00 | 00  00  00  00  00  00  00  00 
-80-  00  00  00  00  00  00  00  00 | 00  00  00  00  00  00  00  00 
-90-  00  00  00  00  00  00  00  00 | 00  00  00  00  00  00  00  00 
-A0-  00  00  00  00  00  00  00  00 | 00  00  00  00  00  00  00  00 
-B0-  00  00  00  00  00  00  00  00 | 00  00  00  00  00  00  00  00 
-C0-  00  00  00  00  00  00  00  00 | 00  00  00  00  00  00  00  00 
-D0-  00  00  00  00  00  00  00  00 | 00  00  00  00  00  00  00  00 
-E0-  00  00  00  00  00  00  00  00 | 00  00  00  00  00  00  00  00 
-F0-  00  00  00  00  00  00  00  00 | 00  00  00  00  00  00  00  00 



BANK 103F
------00--01--02--03--04--05--06--07-|-08--09--0A--0B--0C--0D--0E--0F-
----------------------------------------------------------------------
-00-  00  00  00  00  00  00  00  00 | 00  00  00  00  00  00  00  00 
-10-  00  00  00  00  00  00  00  00 | 00  00  00  00  00  00  00  00 
-20-  00  00  00  00  00  00  00  00 | 00  00  00  00  00  00  00  00 
-30-  00  00  00  00  00  00  00  00 | 00  00  00  00  00  00  00  00 
-40-  00  00  00  00  00  00  00  00 | 00  00  00  00  00  00  00  00 
-50-  00  00  00  00  00  00  00  00 | 00  00  00  00  00  00  00  00 
-60-  00  00  00  00  00  00  00  00 | 00  00  00  00  00  00  00  00 
-70-  00  00  00  00  00  00  00  00 | 00  00  00  00  00  00  00  00 
-80-  00  00  00  00  00  00  00  00 | 00  00  00  00  00  00  00  00 
-90-  00  00  00  00  00  00  00  00 | 00  00  00  00  00  00  00  00 
-A0-  00  00  00  00  00  00  00  00 | 00  00  00  00  00  00  00  00 
-B0-  00  00  00  00  00  00  00  00 | 00  00  00  00  00  00  00  00 
-C0-  00  00  00  00  00  00  00  00 | 00  00  00  00  00  00  00  00 
-D0-  00  00  00  00  00  00  00  00 | 00  00  00  00  00  00  00  00 
-E0-  00  00  00  00  00  00  00  00 | 00  00  00  00  00  00  00  00 
-F0-  00  00  00  00  00  00  00  00 | 00  00  00  00  00  00  00  00 



BANK 1040
------00--01--02--03--04--05--06--07-|-08--09--0A--0B--0C--0D--0E--0F-
----------------------------------------------------------------------
-00-  00  00  00  00  00  00  00  00 | 00  00  00  00  00  00  00  00 
-10-  00  00  00  00  00  00  00  00 | 00  00  00  00  00  00  00  00 
-20-  00  00  00  00  00  00  00  00 | 00  00  00  00  00  00  00  00 
-30-  00  00  00  00  00  00  00  00 | 00  00  00  00  00  00  00  00 
-40-  00  00  00  00  00  00  00  00 | 00  00  00  00  00  00  00  00 
-50-  00  00  00  00  00  00  00  00 | 00  00  00  00  00  00  00  00 
-60-  00  00  00  00  00  00  00  00 | 00  00  00  00  00  00  00  00 
-70-  00  00  00  00  00  00  00  00 | 00  00  00  00  00  00  00  00 
-80-  00  00  00  00  00  00  00  00 | 00  00  00  00  00  00  00  00 
-90-  00  00  00  00  00  00  00  00 | 00  00  00  00  00  00  00  00 
-A0-  00  00  00  00  00  00  00  00 | 00  00  00  00  00  00  00  00 
-B0-  00  00  00  00  00  00  00  00 | 00  00  00  00  00  00  00  00 
-C0-  00  00  00  00  00  00  00  00 | 00  00  00  00  00  00  00  00 
-D0-  00  00  00  00  00  00  00  00 | 00  00  00  00  00  00  00  00 
-E0-  00  00  00  00  00  00  00  00 | 00  00  00  00  00  00  00  00 
-F0-  00  00  00  00  00  00  00  00 | 00  00  00  00  00  00  00  00 



BANK 1100
------00--01--02--03--04--05--06--07-|-08--09--0A--0B--0C--0D--0E--0F-
----------------------------------------------------------------------
-00-  00  00  00  00  00  00  00  00 | 00  00  00  00  00  00  00  00 
-10-  00  00  00  00  00  00  00  00 | 00  00  00  00  00  00  00  00 
-20-  00  00  00  00  00  00  00  00 | 00  00  00  00  00  00  00  00 
-30-  00  00  00  00  00  00  00  00 | 00  00  00  00  00  00  00  00 
-40-  00  00  00  00  00  00  00  00 | 00  00  00  00  00  00  00  00 
-50-  00  00  00  00  00  00  00  00 | 00  00  00  00  00  00  00  00 
-60-  00  00  00  00  00  00  00  00 | 00  00  00  00  00  00  00  00 
-70-  00  00  00  00  00  00  00  00 | 00  00  00  00  00  00  00  00 
-80-  00  00  00  00  00  00  00  00 | 00  00  00  00  00  00  00  00 
-90-  00  00  00  00  00  00  00  00 | 00  00  00  00  00  00  00  00 
-A0-  00  00  00  00  00  00  00  00 | 00  00  00  00  00  00  00  00 
-B0-  00  00  00  00  00  00  00  00 | 00  00  00  00  00  00  00  00 
-C0-  00  00  00  00  00  00  00  00 | 00  00  00  00  00  00  00  00 
-D0-  00  00  00  00  00  00  00  00 | 00  00  00  00  00  00  00  00 
-E0-  00  00  00  00  00  00  00  00 | 00  00  00  00  00  00  00  00 
-F0-  00  00  00  00  00  00  00  00 | 00  00  00  00  00  00  00  00 



BANK 1101
------00--01--02--03--04--05--06--07-|-08--09--0A--0B--0C--0D--0E--0F-
----------------------------------------------------------------------
-00-  00  00  00  00  00  00  00  00 | 00  00  00  00  00  00  00  00 
-10-  00  00  00  00  00  00  00  00 | 00  00  00  00  00  00  00  00 
-20-  00  00  00  00  00  00  00  00 | 00  00  00  00  00  00  00  00 
-30-  00  00  00  00  00  00  00  00 | 00  00  00  00  00  00  00  00 
-40-  00  00  00  00  00  00  00  00 | 00  00  00  00  00  00  00  00 
-50-  00  00  00  00  00  00  00  00 | 00  00  00  00  00  00  00  00 
-60-  00  00  00  00  00  00  00  00 | 00  00  00  00  00  00  00  00 
-70-  00  00  00  00  00  00  00  00 | 00  00  00  00  00  00  00  00 
-80-  00  00  00  00  00  00  00  00 | 00  00  00  00  00  00  00  00 
-90-  00  00  00  00  00  00  00  00 | 00  00  00  00  00  00  00  00 
-A0-  00  00  00  00  00  00  00  00 | 00  00  00  00  00  00  00  00 
-B0-  00  00  00  00  00  00  00  00 | 00  00  00  00  00  00  00  00 
-C0-  00  00  00  00  00  00  00  00 | 00  00  00  00  00  00  00  00 
-D0-  00  00  00  00  00  00  00  00 | 00  00  00  00  00  00  00  00 
-E0-  00  00  00  00  00  00  00  00 | 00  00  00  00  00  00  00  00 
-F0-  00  00  00  00  00  00  00  00 | 00  00  00  00  00  00  00  00 



BANK 1102
------00--01--02--03--04--05--06--07-|-08--09--0A--0B--0C--0D--0E--0F-
----------------------------------------------------------------------
-00-  00  00  00  00  00  00  00  00 | 00  00  00  00  00  00  00  00 
-10-  00  00  00  00  00  00  00  00 | 00  00  00  00  00  00  00  00 
-20-  00  00  00  00  00  00  00  00 | 00  00  00  00  00  00  00  00 
-30-  00  00  00  00  00  00  00  00 | 00  00  00  00  00  00  00  00 
-40-  00  00  00  00  00  00  00  00 | 00  00  00  00  00  00  00  00 
-50-  00  00  00  00  00  00  00  00 | 00  00  00  00  00  00  00  00 
-60-  00  00  00  00  00  00  00  00 | 00  00  00  00  00  00  00  00 
-70-  00  00  00  00  00  00  00  00 | 00  00  00  00  00  00  00  00 
-80-  00  00  00  00  00  00  00  00 | 00  00  00  00  00  00  00  00 
-90-  00  00  00  00  00  00  00  00 | 00  00  00  00  00  00  00  00 
-A0-  00  00  00  00  00  00  00  00 | 00  00  00  00  00  00  00  00 
-B0-  00  00  00  00  00  00  00  00 | 00  00  00  00  00  00  00  00 
-C0-  00  00  00  00  00  00  00  00 | 00  00  00  00  00  00  00  00 
-D0-  00  00  00  00  00  00  00  00 | 00  00  00  00  00  00  00  00 
-E0-  00  00  00  00  00  00  00  00 | 00  00  00  00  00  00  00  00 
-F0-  00  00  00  00  00  00  00  00 | 00  00  00  00  00  00  00  00 



BANK 1103
------00--01--02--03--04--05--06--07-|-08--09--0A--0B--0C--0D--0E--0F-
----------------------------------------------------------------------
-00-  00  00  00  00  00  00  00  00 | 00  00  00  00  00  00  00  00 
-10-  00  00  00  00  00  00  00  00 | 00  00  00  00  00  00  00  00 
-20-  00  00  00  00  00  00  00  00 | 00  00  00  00  00  00  00  00 
-30-  00  00  00  00  00  00  00  00 | 00  00  00  00  00  00  00  00 
-40-  00  00  00  00  00  00  00  00 | 00  00  00  00  00  00  00  00 
-50-  00  00  00  00  00  00  00  00 | 00  00  00  00  00  00  00  00 
-60-  00  00  00  00  00  00  00  00 | 00  00  00  00  00  00  00  00 
-70-  00  00  00  00  00  00  00  00 | 00  00  00  00  00  00  00  00 
-80-  00  00  00  00  00  00  00  00 | 00  00  00  00  00  00  00  00 
-90-  00  00  00  00  00  00  00  00 | 00  00  00  00  00  00  00  00 
-A0-  00  00  00  00  00  00  00  00 | 00  00  00  00  00  00  00  00 
-B0-  00  00  00  00  00  00  00  00 | 00  00  00  00  00  00  00  00 
-C0-  00  00  00  00  00  00  00  00 | 00  00  00  00  00  00  00  00 
-D0-  00  00  00  00  00  00  00  00 | 00  00  00  00  00  00  00  00 
-E0-  00  00  00  00  00  00  00  00 | 00  00  00  00  00  00  00  00 
-F0-  00  00  00  00  00  00  00  00 | 00  00  00  00  00  00  00  00 



BANK 1104
------00--01--02--03--04--05--06--07-|-08--09--0A--0B--0C--0D--0E--0F-
----------------------------------------------------------------------
-00-  00  00  00  00  00  00  00  00 | 00  00  00  00  00  00  00  00 
-10-  00  00  00  00  00  00  00  00 | 00  00  00  00  00  00  00  00 
-20-  00  00  00  00  00  00  00  00 | 00  00  00  00  00  00  00  00 
-30-  00  00  00  00  00  00  00  00 | 00  00  00  00  00  00  00  00 
-40-  00  00  00  00  00  00  00  00 | 00  00  00  00  00  00  00  00 
-50-  00  00  00  00  00  00  00  00 | 00  00  00  00  00  00  00  00 
-60-  00  00  00  00  00  00  00  00 | 00  00  00  00  00  00  00  00 
-70-  00  00  00  00  00  00  00  00 | 00  00  00  00  00  00  00  00 
-80-  00  00  00  00  00  00  00  00 | 00  00  00  00  00  00  00  00 
-90-  00  00  00  00  00  00  00  00 | 00  00  00  00  00  00  00  00 
-A0-  00  00  00  00  00  00  00  00 | 00  00  00  00  00  00  00  00 
-B0-  00  00  00  00  00  00  00  00 | 00  00  00  00  00  00  00  00 
-C0-  00  00  00  00  00  00  00  00 | 00  00  00  00  00  00  00  00 
-D0-  00  00  00  00  00  00  00  00 | 00  00  00  00  00  00  00  00 
-E0-  00  00  00  00  00  00  00  00 | 00  00  00  00  00  00  00  00 
-F0-  00  00  00  00  00  00  00  00 | 00  00  00  00  00  00  00  00 



BANK 1105
------00--01--02--03--04--05--06--07-|-08--09--0A--0B--0C--0D--0E--0F-
----------------------------------------------------------------------
-00-  00  00  00  00  00  00  00  00 | 00  00  00  00  00  00  00  00 
-10-  00  00  00  00  00  00  00  00 | 00  00  00  00  00  00  00  00 
-20-  00  00  00  00  00  00  00  00 | 00  00  00  00  00  00  00  00 
-30-  00  00  00  00  00  00  00  00 | 00  00  00  00  00  00  00  00 
-40-  00  00  00  00  00  00  00  00 | 00  00  00  00  00  00  00  00 
-50-  00  00  00  00  00  00  00  00 | 00  00  00  00  00  00  00  00 
-60-  00  00  00  00  00  00  00  00 | 00  00  00  00  00  00  00  00 
-70-  00  00  00  00  00  00  00  00 | 00  00  00  00  00  00  00  00 
-80-  00  00  00  00  00  00  00  00 | 00  00  00  00  00  00  00  00 
-90-  00  00  00  00  00  00  00  00 | 00  00  00  00  00  00  00  00 
-A0-  00  00  00  00  00  00  00  00 | 00  00  00  00  00  00  00  00 
-B0-  00  00  00  00  00  00  00  00 | 00  00  00  00  00  00  00  00 
-C0-  00  00  00  00  00  00  00  00 | 00  00  00  00  00  00  00  00 
-D0-  00  00  00  00  00  00  00  00 | 00  00  00  00  00  00  00  00 
-E0-  00  00  00  00  00  00  00  00 | 00  00  00  00  00  00  00  00 
-F0-  00  00  00  00  00  00  00  00 | 00  00  00  00  00  00  00  00 



BANK 1106
------00--01--02--03--04--05--06--07-|-08--09--0A--0B--0C--0D--0E--0F-
----------------------------------------------------------------------
-00-  00  00  00  00  00  00  00  00 | 00  00  00  00  00  00  00  00 
-10-  00  00  00  00  00  00  00  00 | 00  00  00  00  00  00  00  00 
-20-  00  00  00  00  00  00  00  00 | 00  00  00  00  00  00  00  00 
-30-  00  00  00  00  00  00  00  00 | 00  00  00  00  00  00  00  00 
-40-  00  00  00  00  00  00  00  00 | 00  00  00  00  00  00  00  00 
-50-  00  00  00  00  00  00  00  00 | 00  00  00  00  00  00  00  00 
-60-  00  00  00  00  00  00  00  00 | 00  00  00  00  00  00  00  00 
-70-  00  00  00  00  00  00  00  00 | 00  00  00  00  00  00  00  00 
-80-  00  00  00  00  00  00  00  00 | 00  00  00  00  00  00  00  00 
-90-  00  00  00  00  00  00  00  00 | 00  00  00  00  00  00  00  00 
-A0-  00  00  00  00  00  00  00  00 | 00  00  00  00  00  00  00  00 
-B0-  00  00  00  00  00  00  00  00 | 00  00  00  00  00  00  00  00 
-C0-  00  00  00  00  00  00  00  00 | 00  00  00  00  00  00  00  00 
-D0-  00  00  00  00  00  00  00  00 | 00  00  00  00  00  00  00  00 
-E0-  00  00  00  00  00  00  00  00 | 00  00  00  00  00  00  00  00 
-F0-  00  00  00  00  00  00  00  00 | 00  00  00  00  00  00  00  00 



BANK 1107
------00--01--02--03--04--05--06--07-|-08--09--0A--0B--0C--0D--0E--0F-
----------------------------------------------------------------------
-00-  00  00  00  00  00  00  00  00 | 00  00  00  00  00  00  00  00 
-10-  00  00  00  00  00  00  00  00 | 00  00  00  00  00  00  00  00 
-20-  00  00  00  00  00  00  00  00 | 00  00  00  00  00  00  00  00 
-30-  00  00  00  00  00  00  00  00 | 00  00  00  00  00  00  00  00 
-40-  00  00  00  00  00  00  00  00 | 00  00  00  00  00  00  00  00 
-50-  00  00  00  00  00  00  00  00 | 00  00  00  00  00  00  00  00 
-60-  00  00  00  00  00  00  00  00 | 00  00  00  00  00  00  00  00 
-70-  00  00  00  00  00  00  00  00 | 00  00  00  00  00  00  00  00 
-80-  00  00  00  00  00  00  00  00 | 00  00  00  00  00  00  00  00 
-90-  00  00  00  00  00  00  00  00 | 00  00  00  00  00  00  00  00 
-A0-  00  00  00  00  00  00  00  00 | 00  00  00  00  00  00  00  00 
-B0-  00  00  00  00  00  00  00  00 | 00  00  00  00  00  00  00  00 
-C0-  00  00  00  00  00  00  00  00 | 00  00  00  00  00  00  00  00 
-D0-  00  00  00  00  00  00  00  00 | 00  00  00  00  00  00  00  00 
-E0-  00  00  00  00  00  00  00  00 | 00  00  00  00  00  00  00  00 
-F0-  00  00  00  00  00  00  00  00 | 00  00  00  00  00  00  00  00 



BANK 1108
------00--01--02--03--04--05--06--07-|-08--09--0A--0B--0C--0D--0E--0F-
----------------------------------------------------------------------
-00-  00  00  00  00  00  00  00  00 | 00  00  00  00  00  00  00  00 
-10-  00  00  00  00  00  00  00  00 | 00  00  00  00  00  00  00  00 
-20-  00  00  00  00  00  00  00  00 | 00  00  00  00  00  00  00  00 
-30-  00  00  00  00  00  00  00  00 | 00  00  00  00  00  00  00  00 
-40-  00  00  00  00  00  00  00  00 | 00  00  00  00  00  00  00  00 
-50-  00  00  00  00  00  00  00  00 | 00  00  00  00  00  00  00  00 
-60-  00  00  00  00  00  00  00  00 | 00  00  00  00  00  00  00  00 
-70-  00  00  00  00  00  00  00  00 | 00  00  00  00  00  00  00  00 
-80-  00  00  00  00  00  00  00  00 | 00  00  00  00  00  00  00  00 
-90-  00  00  00  00  00  00  00  00 | 00  00  00  00  00  00  00  00 
-A0-  00  00  00  00  00  00  00  00 | 00  00  00  00  00  00  00  00 
-B0-  00  00  00  00  00  00  00  00 | 00  00  00  00  00  00  00  00 
-C0-  00  00  00  00  00  00  00  00 | 00  00  00  00  00  00  00  00 
-D0-  00  00  00  00  00  00  00  00 | 00  00  00  00  00  00  00  00 
-E0-  00  00  00  00  00  00  00  00 | 00  00  00  00  00  00  00  00 
-F0-  00  00  00  00  00  00  00  00 | 00  00  00  00  00  00  00  00 



BANK 1109
------00--01--02--03--04--05--06--07-|-08--09--0A--0B--0C--0D--0E--0F-
----------------------------------------------------------------------
-00-  00  00  00  00  00  00  00  00 | 00  00  00  00  00  00  00  00 
-10-  00  00  00  00  00  00  00  00 | 00  00  00  00  00  00  00  00 
-20-  00  00  00  00  00  00  00  00 | 00  00  00  00  00  00  00  00 
-30-  00  00  00  00  00  00  00  00 | 00  00  00  00  00  00  00  00 
-40-  00  00  00  00  00  00  00  00 | 00  00  00  00  00  00  00  00 
-50-  00  00  00  00  00  00  00  00 | 00  00  00  00  00  00  00  00 
-60-  00  00  00  00  00  00  00  00 | 00  00  00  00  00  00  00  00 
-70-  00  00  00  00  00  00  00  00 | 00  00  00  00  00  00  00  00 
-80-  00  00  00  00  00  00  00  00 | 00  00  00  00  00  00  00  00 
-90-  00  00  00  00  00  00  00  00 | 00  00  00  00  00  00  00  00 
-A0-  00  00  00  00  00  00  00  00 | 00  00  00  00  00  00  00  00 
-B0-  00  00  00  00  00  00  00  00 | 00  00  00  00  00  00  00  00 
-C0-  00  00  00  00  00  00  00  00 | 00  00  00  00  00  00  00  00 
-D0-  00  00  00  00  00  00  00  00 | 00  00  00  00  00  00  00  00 
-E0-  00  00  00  00  00  00  00  00 | 00  00  00  00  00  00  00  00 
-F0-  00  00  00  00  00  00  00  00 | 00  00  00  00  00  00  00  00 



BANK 110A
------00--01--02--03--04--05--06--07-|-08--09--0A--0B--0C--0D--0E--0F-
----------------------------------------------------------------------
-00-  00  00  00  00  00  00  00  00 | 00  00  00  00  00  00  00  00 
-10-  00  00  00  00  00  00  00  00 | 00  00  00  00  00  00  00  00 
-20-  00  00  00  00  00  00  00  00 | 00  00  00  00  00  00  00  00 
-30-  00  00  00  00  00  00  00  00 | 00  00  00  00  00  00  00  00 
-40-  00  00  00  00  00  00  00  00 | 00  00  00  00  00  00  00  00 
-50-  00  00  00  00  00  00  00  00 | 00  00  00  00  00  00  00  00 
-60-  00  00  00  00  00  00  00  00 | 00  00  00  00  00  00  00  00 
-70-  00  00  00  00  00  00  00  00 | 00  00  00  00  00  00  00  00 
-80-  00  00  00  00  00  00  00  00 | 00  00  00  00  00  00  00  00 
-90-  00  00  00  00  00  00  00  00 | 00  00  00  00  00  00  00  00 
-A0-  00  00  00  00  00  00  00  00 | 00  00  00  00  00  00  00  00 
-B0-  00  00  00  00  00  00  00  00 | 00  00  00  00  00  00  00  00 
-C0-  00  00  00  00  00  00  00  00 | 00  00  00  00  00  00  00  00 
-D0-  00  00  00  00  00  00  00  00 | 00  00  00  00  00  00  00  00 
-E0-  00  00  00  00  00  00  00  00 | 00  00  00  00  00  00  00  00 
-F0-  00  00  00  00  00  00  00  00 | 00  00  00  00  00  00  00  00 



BANK 110B
------00--01--02--03--04--05--06--07-|-08--09--0A--0B--0C--0D--0E--0F-
----------------------------------------------------------------------
-00-  00  00  00  00  00  00  00  00 | 00  00  00  00  00  00  00  00 
-10-  00  00  00  00  00  00  00  00 | 00  00  00  00  00  00  00  00 
-20-  00  00  00  00  00  00  00  00 | 00  00  00  00  00  00  00  00 
-30-  00  00  00  00  00  00  00  00 | 00  00  00  00  00  00  00  00 
-40-  00  00  00  00  00  00  00  00 | 00  00  00  00  00  00  00  00 
-50-  00  00  00  00  00  00  00  00 | 00  00  00  00  00  00  00  00 
-60-  00  00  00  00  00  00  00  00 | 00  00  00  00  00  00  00  00 
-70-  00  00  00  00  00  00  00  00 | 00  00  00  00  00  00  00  00 
-80-  00  00  00  00  00  00  00  00 | 00  00  00  00  00  00  00  00 
-90-  00  00  00  00  00  00  00  00 | 00  00  00  00  00  00  00  00 
-A0-  00  00  00  00  00  00  00  00 | 00  00  00  00  00  00  00  00 
-B0-  00  00  00  00  00  00  00  00 | 00  00  00  00  00  00  00  00 
-C0-  00  00  00  00  00  00  00  00 | 00  00  00  00  00  00  00  00 
-D0-  00  00  00  00  00  00  00  00 | 00  00  00  00  00  00  00  00 
-E0-  00  00  00  00  00  00  00  00 | 00  00  00  00  00  00  00  00 
-F0-  00  00  00  00  00  00  00  00 | 00  00  00  00  00  00  00  00 



BANK 110C
------00--01--02--03--04--05--06--07-|-08--09--0A--0B--0C--0D--0E--0F-
----------------------------------------------------------------------
-00-  00  00  00  00  00  00  00  00 | 00  00  00  00  00  00  00  00 
-10-  00  00  00  00  00  00  00  00 | 00  00  00  00  00  00  00  00 
-20-  00  00  00  00  00  00  00  00 | 00  00  00  00  00  00  00  00 
-30-  00  00  00  00  00  00  00  00 | 00  00  00  00  00  00  00  00 
-40-  00  00  00  00  00  00  00  00 | 00  00  00  00  00  00  00  00 
-50-  00  00  00  00  00  00  00  00 | 00  00  00  00  00  00  00  00 
-60-  00  00  00  00  00  00  00  00 | 00  00  00  00  00  00  00  00 
-70-  00  00  00  00  00  00  00  00 | 00  00  00  00  00  00  00  00 
-80-  00  00  00  00  00  00  00  00 | 00  00  00  00  00  00  00  00 
-90-  00  00  00  00  00  00  00  00 | 00  00  00  00  00  00  00  00 
-A0-  00  00  00  00  00  00  00  00 | 00  00  00  00  00  00  00  00 
-B0-  00  00  00  00  00  00  00  00 | 00  00  00  00  00  00  00  00 
-C0-  00  00  00  00  00  00  00  00 | 00  00  00  00  00  00  00  00 
-D0-  00  00  00  00  00  00  00  00 | 00  00  00  00  00  00  00  00 
-E0-  00  00  00  00  00  00  00  00 | 00  00  00  00  00  00  00  00 
-F0-  00  00  00  00  00  00  00  00 | 00  00  00  00  00  00  00  00 



BANK 110D
------00--01--02--03--04--05--06--07-|-08--09--0A--0B--0C--0D--0E--0F-
----------------------------------------------------------------------
-00-  00  00  00  00  00  00  00  00 | 00  00  00  00  00  00  00  00 
-10-  00  00  00  00  00  00  00  00 | 00  00  00  00  00  00  00  00 
-20-  00  00  00  00  00  00  00  00 | 00  00  00  00  00  00  00  00 
-30-  00  00  00  00  00  00  00  00 | 00  00  00  00  00  00  00  00 
-40-  00  00  00  00  00  00  00  00 | 00  00  00  00  00  00  00  00 
-50-  00  00  00  00  00  00  00  00 | 00  00  00  00  00  00  00  00 
-60-  00  00  00  00  00  00  00  00 | 00  00  00  00  00  00  00  00 
-70-  00  00  00  00  00  00  00  00 | 00  00  00  00  00  00  00  00 
-80-  00  00  00  00  00  00  00  00 | 00  00  00  00  00  00  00  00 
-90-  00  00  00  00  00  00  00  00 | 00  00  00  00  00  00  00  00 
-A0-  00  00  00  00  00  00  00  00 | 00  00  00  00  00  00  00  00 
-B0-  00  00  00  00  00  00  00  00 | 00  00  00  00  00  00  00  00 
-C0-  00  00  00  00  00  00  00  00 | 00  00  00  00  00  00  00  00 
-D0-  00  00  00  00  00  00  00  00 | 00  00  00  00  00  00  00  00 
-E0-  00  00  00  00  00  00  00  00 | 00  00  00  00  00  00  00  00 
-F0-  00  00  00  00  00  00  00  00 | 00  00  00  00  00  00  00  00 



BANK 110E
------00--01--02--03--04--05--06--07-|-08--09--0A--0B--0C--0D--0E--0F-
----------------------------------------------------------------------
-00-  00  00  00  00  00  00  00  00 | 00  00  00  00  00  00  00  00 
-10-  00  00  00  00  00  00  00  00 | 00  00  00  00  00  00  00  00 
-20-  00  00  00  00  00  00  00  00 | 00  00  00  00  00  00  00  00 
-30-  00  00  00  00  00  00  00  00 | 00  00  00  00  00  00  00  00 
-40-  00  00  00  00  00  00  00  00 | 00  00  00  00  00  00  00  00 
-50-  00  00  00  00  00  00  00  00 | 00  00  00  00  00  00  00  00 
-60-  00  00  00  00  00  00  00  00 | 00  00  00  00  00  00  00  00 
-70-  00  00  00  00  00  00  00  00 | 00  00  00  00  00  00  00  00 
-80-  00  00  00  00  00  00  00  00 | 00  00  00  00  00  00  00  00 
-90-  00  00  00  00  00  00  00  00 | 00  00  00  00  00  00  00  00 
-A0-  00  00  00  00  00  00  00  00 | 00  00  00  00  00  00  00  00 
-B0-  00  00  00  00  00  00  00  00 | 00  00  00  00  00  00  00  00 
-C0-  00  00  00  00  00  00  00  00 | 00  00  00  00  00  00  00  00 
-D0-  00  00  00  00  00  00  00  00 | 00  00  00  00  00  00  00  00 
-E0-  00  00  00  00  00  00  00  00 | 00  00  00  00  00  00  00  00 
-F0-  00  00  00  00  00  00  00  00 | 00  00  00  00  00  00  00  00 



BANK 110F
------00--01--02--03--04--05--06--07-|-08--09--0A--0B--0C--0D--0E--0F-
----------------------------------------------------------------------
-00-  00  00  00  00  00  00  00  00 | 00  00  00  00  00  00  00  00 
-10-  00  00  00  00  00  00  00  00 | 00  00  00  00  00  00  00  00 
-20-  00  00  00  00  00  00  00  00 | 00  00  00  00  00  00  00  00 
-30-  00  00  00  00  00  00  00  00 | 00  00  00  00  00  00  00  00 
-40-  00  00  00  00  00  00  00  00 | 00  00  00  00  00  00  00  00 
-50-  00  00  00  00  00  00  00  00 | 00  00  00  00  00  00  00  00 
-60-  00  00  00  00  00  00  00  00 | 00  00  00  00  00  00  00  00 
-70-  00  00  00  00  00  00  00  00 | 00  00  00  00  00  00  00  00 
-80-  00  00  00  00  00  00  00  00 | 00  00  00  00  00  00  00  00 
-90-  00  00  00  00  00  00  00  00 | 00  00  00  00  00  00  00  00 
-A0-  00  00  00  00  00  00  00  00 | 00  00  00  00  00  00  00  00 
-B0-  00  00  00  00  00  00  00  00 | 00  00  00  00  00  00  00  00 
-C0-  00  00  00  00  00  00  00  00 | 00  00  00  00  00  00  00  00 
-D0-  00  00  00  00  00  00  00  00 | 00  00  00  00  00  00  00  00 
-E0-  00  00  00  00  00  00  00  00 | 00  00  00  00  00  00  00  00 
-F0-  00  00  00  00  00  00  00  00 | 00  00  00  00  00  00  00  00 



BANK 1110
------00--01--02--03--04--05--06--07-|-08--09--0A--0B--0C--0D--0E--0F-
----------------------------------------------------------------------
-00-  00  00  00  00  00  00  00  00 | 00  00  00  00  00  00  00  00 
-10-  00  00  00  00  00  00  00  00 | 00  00  00  00  00  00  00  00 
-20-  00  00  00  00  00  00  00  00 | 00  00  00  00  00  00  00  00 
-30-  00  00  00  00  00  00  00  00 | 00  00  00  00  00  00  00  00 
-40-  00  00  00  00  00  00  00  00 | 00  00  00  00  00  00  00  00 
-50-  00  00  00  00  00  00  00  00 | 00  00  00  00  00  00  00  00 
-60-  00  00  00  00  00  00  00  00 | 00  00  00  00  00  00  00  00 
-70-  00  00  00  00  00  00  00  00 | 00  00  00  00  00  00  00  00 
-80-  00  00  00  00  00  00  00  00 | 00  00  00  00  00  00  00  00 
-90-  00  00  00  00  00  00  00  00 | 00  00  00  00  00  00  00  00 
-A0-  00  00  00  00  00  00  00  00 | 00  00  00  00  00  00  00  00 
-B0-  00  00  00  00  00  00  00  00 | 00  00  00  00  00  00  00  00 
-C0-  00  00  00  00  00  00  00  00 | 00  00  00  00  00  00  00  00 
-D0-  00  00  00  00  00  00  00  00 | 00  00  00  00  00  00  00  00 
-E0-  00  00  00  00  00  00  00  00 | 00  00  00  00  00  00  00  00 
-F0-  00  00  00  00  00  00  00  00 | 00  00  00  00  00  00  00  00 



BANK 1111
------00--01--02--03--04--05--06--07-|-08--09--0A--0B--0C--0D--0E--0F-
----------------------------------------------------------------------
-00-  00  00  00  00  00  00  00  00 | 00  00  00  00  00  00  00  00 
-10-  00  00  00  00  00  00  00  00 | 00  00  00  00  00  00  00  00 
-20-  00  00  00  00  00  00  00  00 | 00  00  00  00  00  00  00  00 
-30-  00  00  00  00  00  00  00  00 | 00  00  00  00  00  00  00  00 
-40-  00  00  00  00  00  00  00  00 | 00  00  00  00  00  00  00  00 
-50-  00  00  00  00  00  00  00  00 | 00  00  00  00  00  00  00  00 
-60-  00  00  00  00  00  00  00  00 | 00  00  00  00  00  00  00  00 
-70-  00  00  00  00  00  00  00  00 | 00  00  00  00  00  00  00  00 
-80-  00  00  00  00  00  00  00  00 | 00  00  00  00  00  00  00  00 
-90-  00  00  00  00  00  00  00  00 | 00  00  00  00  00  00  00  00 
-A0-  00  00  00  00  00  00  00  00 | 00  00  00  00  00  00  00  00 
-B0-  00  00  00  00  00  00  00  00 | 00  00  00  00  00  00  00  00 
-C0-  00  00  00  00  00  00  00  00 | 00  00  00  00  00  00  00  00 
-D0-  00  00  00  00  00  00  00  00 | 00  00  00  00  00  00  00  00 
-E0-  00  00  00  00  00  00  00  00 | 00  00  00  00  00  00  00  00 
-F0-  00  00  00  00  00  00  00  00 | 00  00  00  00  00  00  00  00 



BANK 1112
------00--01--02--03--04--05--06--07-|-08--09--0A--0B--0C--0D--0E--0F-
----------------------------------------------------------------------
-00-  00  00  00  00  00  00  00  00 | 00  00  00  00  00  00  00  00 
-10-  00  00  00  00  00  00  00  00 | 00  00  00  00  00  00  00  00 
-20-  00  00  00  00  00  00  00  00 | 00  00  00  00  00  00  00  00 
-30-  00  00  00  00  00  00  00  00 | 00  00  00  00  00  00  00  00 
-40-  00  00  00  00  00  00  00  00 | 00  00  00  00  00  00  00  00 
-50-  00  00  00  00  00  00  00  00 | 00  00  00  00  00  00  00  00 
-60-  00  00  00  00  00  00  00  00 | 00  00  00  00  00  00  00  00 
-70-  00  00  00  00  00  00  00  00 | 00  00  00  00  00  00  00  00 
-80-  00  00  00  00  00  00  00  00 | 00  00  00  00  00  00  00  00 
-90-  00  00  00  00  00  00  00  00 | 00  00  00  00  00  00  00  00 
-A0-  00  00  00  00  00  00  00  00 | 00  00  00  00  00  00  00  00 
-B0-  00  00  00  00  00  00  00  00 | 00  00  00  00  00  00  00  00 
-C0-  00  00  00  00  00  00  00  00 | 00  00  00  00  00  00  00  00 
-D0-  00  00  00  00  00  00  00  00 | 00  00  00  00  00  00  00  00 
-E0-  00  00  00  00  00  00  00  00 | 00  00  00  00  00  00  00  00 
-F0-  00  00  00  00  00  00  00  00 | 00  00  00  00  00  00  00  00 



BANK 1113
------00--01--02--03--04--05--06--07-|-08--09--0A--0B--0C--0D--0E--0F-
----------------------------------------------------------------------
-00-  00  00  00  00  00  00  00  00 | 00  00  00  00  00  00  00  00 
-10-  00  00  00  00  00  00  00  00 | 00  00  00  00  00  00  00  00 
-20-  00  00  00  00  00  00  00  00 | 00  00  00  00  00  00  00  00 
-30-  00  00  00  00  00  00  00  00 | 00  00  00  00  00  00  00  00 
-40-  00  00  00  00  00  00  00  00 | 00  00  00  00  00  00  00  00 
-50-  00  00  00  00  00  00  00  00 | 00  00  00  00  00  00  00  00 
-60-  00  00  00  00  00  00  00  00 | 00  00  00  00  00  00  00  00 
-70-  00  00  00  00  00  00  00  00 | 00  00  00  00  00  00  00  00 
-80-  00  00  00  00  00  00  00  00 | 00  00  00  00  00  00  00  00 
-90-  00  00  00  00  00  00  00  00 | 00  00  00  00  00  00  00  00 
-A0-  00  00  00  00  00  00  00  00 | 00  00  00  00  00  00  00  00 
-B0-  00  00  00  00  00  00  00  00 | 00  00  00  00  00  00  00  00 
-C0-  00  00  00  00  00  00  00  00 | 00  00  00  00  00  00  00  00 
-D0-  00  00  00  00  00  00  00  00 | 00  00  00  00  00  00  00  00 
-E0-  00  00  00  00  00  00  00  00 | 00  00  00  00  00  00  00  00 
-F0-  00  00  00  00  00  00  00  00 | 00  00  00  00  00  00  00  00 



BANK 1114
------00--01--02--03--04--05--06--07-|-08--09--0A--0B--0C--0D--0E--0F-
----------------------------------------------------------------------
-00-  00  00  00  00  00  00  00  00 | 00  00  00  00  00  00  00  00 
-10-  00  00  00  00  00  00  00  00 | 00  00  00  00  00  00  00  00 
-20-  00  00  00  00  00  00  00  00 | 00  00  00  00  00  00  00  00 
-30-  00  00  00  00  00  00  00  00 | 00  00  00  00  00  00  00  00 
-40-  00  00  00  00  00  00  00  00 | 00  00  00  00  00  00  00  00 
-50-  00  00  00  00  00  00  00  00 | 00  00  00  00  00  00  00  00 
-60-  00  00  00  00  00  00  00  00 | 00  00  00  00  00  00  00  00 
-70-  00  00  00  00  00  00  00  00 | 00  00  00  00  00  00  00  00 
-80-  00  00  00  00  00  00  00  00 | 00  00  00  00  00  00  00  00 
-90-  00  00  00  00  00  00  00  00 | 00  00  00  00  00  00  00  00 
-A0-  00  00  00  00  00  00  00  00 | 00  00  00  00  00  00  00  00 
-B0-  00  00  00  00  00  00  00  00 | 00  00  00  00  00  00  00  00 
-C0-  00  00  00  00  00  00  00  00 | 00  00  00  00  00  00  00  00 
-D0-  00  00  00  00  00  00  00  00 | 00  00  00  00  00  00  00  00 
-E0-  00  00  00  00  00  00  00  00 | 00  00  00  00  00  00  00  00 
-F0-  00  00  00  00  00  00  00  00 | 00  00  00  00  00  00  00  00 



BANK 1115
------00--01--02--03--04--05--06--07-|-08--09--0A--0B--0C--0D--0E--0F-
----------------------------------------------------------------------
-00-  00  00  00  00  00  00  00  00 | 00  00  00  00  00  00  00  00 
-10-  00  00  00  00  00  00  00  00 | 00  00  00  00  00  00  00  00 
-20-  00  00  00  00  00  00  00  00 | 00  00  00  00  00  00  00  00 
-30-  00  00  00  00  00  00  00  00 | 00  00  00  00  00  00  00  00 
-40-  00  00  00  00  00  00  00  00 | 00  00  00  00  00  00  00  00 
-50-  00  00  00  00  00  00  00  00 | 00  00  00  00  00  00  00  00 
-60-  00  00  00  00  00  00  00  00 | 00  00  00  00  00  00  00  00 
-70-  00  00  00  00  00  00  00  00 | 00  00  00  00  00  00  00  00 
-80-  00  00  00  00  00  00  00  00 | 00  00  00  00  00  00  00  00 
-90-  00  00  00  00  00  00  00  00 | 00  00  00  00  00  00  00  00 
-A0-  00  00  00  00  00  00  00  00 | 00  00  00  00  00  00  00  00 
-B0-  00  00  00  00  00  00  00  00 | 00  00  00  00  00  00  00  00 
-C0-  00  00  00  00  00  00  00  00 | 00  00  00  00  00  00  00  00 
-D0-  00  00  00  00  00  00  00  00 | 00  00  00  00  00  00  00  00 
-E0-  00  00  00  00  00  00  00  00 | 00  00  00  00  00  00  00  00 
-F0-  00  00  00  00  00  00  00  00 | 00  00  00  00  00  00  00  00 



BANK 1116
------00--01--02--03--04--05--06--07-|-08--09--0A--0B--0C--0D--0E--0F-
----------------------------------------------------------------------
-00-  00  00  00  00  00  00  00  00 | 00  00  00  00  00  00  00  00 
-10-  00  00  00  00  00  00  00  00 | 00  00  00  00  00  00  00  00 
-20-  00  00  00  00  00  00  00  00 | 00  00  00  00  00  00  00  00 
-30-  00  00  00  00  00  00  00  00 | 00  00  00  00  00  00  00  00 
-40-  00  00  00  00  00  00  00  00 | 00  00  00  00  00  00  00  00 
-50-  00  00  00  00  00  00  00  00 | 00  00  00  00  00  00  00  00 
-60-  00  00  00  00  00  00  00  00 | 00  00  00  00  00  00  00  00 
-70-  00  00  00  00  00  00  00  00 | 00  00  00  00  00  00  00  00 
-80-  00  00  00  00  00  00  00  00 | 00  00  00  00  00  00  00  00 
-90-  00  00  00  00  00  00  00  00 | 00  00  00  00  00  00  00  00 
-A0-  00  00  00  00  00  00  00  00 | 00  00  00  00  00  00  00  00 
-B0-  00  00  00  00  00  00  00  00 | 00  00  00  00  00  00  00  00 
-C0-  00  00  00  00  00  00  00  00 | 00  00  00  00  00  00  00  00 
-D0-  00  00  00  00  00  00  00  00 | 00  00  00  00  00  00  00  00 
-E0-  00  00  00  00  00  00  00  00 | 00  00  00  00  00  00  00  00 
-F0-  00  00  00  00  00  00  00  00 | 00  00  00  00  00  00  00  00 



BANK 1117
------00--01--02--03--04--05--06--07-|-08--09--0A--0B--0C--0D--0E--0F-
----------------------------------------------------------------------
-00-  00  00  00  00  00  00  00  00 | 00  00  00  00  00  00  00  00 
-10-  00  00  00  00  00  00  00  00 | 00  00  00  00  00  00  00  00 
-20-  00  00  00  00  00  00  00  00 | 00  00  00  00  00  00  00  00 
-30-  00  00  00  00  00  00  00  00 | 00  00  00  00  00  00  00  00 
-40-  00  00  00  00  00  00  00  00 | 00  00  00  00  00  00  00  00 
-50-  00  00  00  00  00  00  00  00 | 00  00  00  00  00  00  00  00 
-60-  00  00  00  00  00  00  00  00 | 00  00  00  00  00  00  00  00 
-70-  00  00  00  00  00  00  00  00 | 00  00  00  00  00  00  00  00 
-80-  00  00  00  00  00  00  00  00 | 00  00  00  00  00  00  00  00 
-90-  00  00  00  00  00  00  00  00 | 00  00  00  00  00  00  00  00 
-A0-  00  00  00  00  00  00  00  00 | 00  00  00  00  00  00  00  00 
-B0-  00  00  00  00  00  00  00  00 | 00  00  00  00  00  00  00  00 
-C0-  00  00  00  00  00  00  00  00 | 00  00  00  00  00  00  00  00 
-D0-  00  00  00  00  00  00  00  00 | 00  00  00  00  00  00  00  00 
-E0-  00  00  00  00  00  00  00  00 | 00  00  00  00  00  00  00  00 
-F0-  00  00  00  00  00  00  00  00 | 00  00  00  00  00  00  00  00 



BANK 1118
------00--01--02--03--04--05--06--07-|-08--09--0A--0B--0C--0D--0E--0F-
----------------------------------------------------------------------
-00-  00  00  00  00  00  00  00  00 | 00  00  00  00  00  00  00  00 
-10-  00  00  00  00  00  00  00  00 | 00  00  00  00  00  00  00  00 
-20-  00  00  00  00  00  00  00  00 | 00  00  00  00  00  00  00  00 
-30-  00  00  00  00  00  00  00  00 | 00  00  00  00  00  00  00  00 
-40-  00  00  00  00  00  00  00  00 | 00  00  00  00  00  00  00  00 
-50-  00  00  00  00  00  00  00  00 | 00  00  00  00  00  00  00  00 
-60-  00  00  00  00  00  00  00  00 | 00  00  00  00  00  00  00  00 
-70-  00  00  00  00  00  00  00  00 | 00  00  00  00  00  00  00  00 
-80-  00  00  00  00  00  00  00  00 | 00  00  00  00  00  00  00  00 
-90-  00  00  00  00  00  00  00  00 | 00  00  00  00  00  00  00  00 
-A0-  00  00  00  00  00  00  00  00 | 00  00  00  00  00  00  00  00 
-B0-  00  00  00  00  00  00  00  00 | 00  00  00  00  00  00  00  00 
-C0-  00  00  00  00  00  00  00  00 | 00  00  00  00  00  00  00  00 
-D0-  00  00  00  00  00  00  00  00 | 00  00  00  00  00  00  00  00 
-E0-  00  00  00  00  00  00  00  00 | 00  00  00  00  00  00  00  00 
-F0-  00  00  00  00  00  00  00  00 | 00  00  00  00  00  00  00  00 



BANK 1119
------00--01--02--03--04--05--06--07-|-08--09--0A--0B--0C--0D--0E--0F-
----------------------------------------------------------------------
-00-  00  00  00  00  00  00  00  00 | 00  00  00  00  00  00  00  00 
-10-  00  00  00  00  00  00  00  00 | 00  00  00  00  00  00  00  00 
-20-  00  00  00  00  00  00  00  00 | 00  00  00  00  00  00  00  00 
-30-  00  00  00  00  00  00  00  00 | 00  00  00  00  00  00  00  00 
-40-  00  00  00  00  00  00  00  00 | 00  00  00  00  00  00  00  00 
-50-  00  00  00  00  00  00  00  00 | 00  00  00  00  00  00  00  00 
-60-  00  00  00  00  00  00  00  00 | 00  00  00  00  00  00  00  00 
-70-  00  00  00  00  00  00  00  00 | 00  00  00  00  00  00  00  00 
-80-  00  00  00  00  00  00  00  00 | 00  00  00  00  00  00  00  00 
-90-  00  00  00  00  00  00  00  00 | 00  00  00  00  00  00  00  00 
-A0-  00  00  00  00  00  00  00  00 | 00  00  00  00  00  00  00  00 
-B0-  00  00  00  00  00  00  00  00 | 00  00  00  00  00  00  00  00 
-C0-  00  00  00  00  00  00  00  00 | 00  00  00  00  00  00  00  00 
-D0-  00  00  00  00  00  00  00  00 | 00  00  00  00  00  00  00  00 
-E0-  00  00  00  00  00  00  00  00 | 00  00  00  00  00  00  00  00 
-F0-  00  00  00  00  00  00  00  00 | 00  00  00  00  00  00  00  00 



BANK 111A
------00--01--02--03--04--05--06--07-|-08--09--0A--0B--0C--0D--0E--0F-
----------------------------------------------------------------------
-00-  00  00  00  00  00  00  00  00 | 00  00  00  00  00  00  00  00 
-10-  00  00  00  00  00  00  00  00 | 00  00  00  00  00  00  00  00 
-20-  00  00  00  00  00  00  00  00 | 00  00  00  00  00  00  00  00 
-30-  00  00  00  00  00  00  00  00 | 00  00  00  00  00  00  00  00 
-40-  00  00  00  00  00  00  00  00 | 00  00  00  00  00  00  00  00 
-50-  00  00  00  00  00  00  00  00 | 00  00  00  00  00  00  00  00 
-60-  00  00  00  00  00  00  00  00 | 00  00  00  00  00  00  00  00 
-70-  00  00  00  00  00  00  00  00 | 00  00  00  00  00  00  00  00 
-80-  00  00  00  00  00  00  00  00 | 00  00  00  00  00  00  00  00 
-90-  00  00  00  00  00  00  00  00 | 00  00  00  00  00  00  00  00 
-A0-  00  00  00  00  00  00  00  00 | 00  00  00  00  00  00  00  00 
-B0-  00  00  00  00  00  00  00  00 | 00  00  00  00  00  00  00  00 
-C0-  00  00  00  00  00  00  00  00 | 00  00  00  00  00  00  00  00 
-D0-  00  00  00  00  00  00  00  00 | 00  00  00  00  00  00  00  00 
-E0-  00  00  00  00  00  00  00  00 | 00  00  00  00  00  00  00  00 
-F0-  00  00  00  00  00  00  00  00 | 00  00  00  00  00  00  00  00 



BANK 111B
------00--01--02--03--04--05--06--07-|-08--09--0A--0B--0C--0D--0E--0F-
----------------------------------------------------------------------
-00-  00  00  00  00  00  00  00  00 | 00  00  00  00  00  00  00  00 
-10-  00  00  00  00  00  00  00  00 | 00  00  00  00  00  00  00  00 
-20-  00  00  00  00  00  00  00  00 | 00  00  00  00  00  00  00  00 
-30-  00  00  00  00  00  00  00  00 | 00  00  00  00  00  00  00  00 
-40-  00  00  00  00  00  00  00  00 | 00  00  00  00  00  00  00  00 
-50-  00  00  00  00  00  00  00  00 | 00  00  00  00  00  00  00  00 
-60-  00  00  00  00  00  00  00  00 | 00  00  00  00  00  00  00  00 
-70-  00  00  00  00  00  00  00  00 | 00  00  00  00  00  00  00  00 
-80-  00  00  00  00  00  00  00  00 | 00  00  00  00  00  00  00  00 
-90-  00  00  00  00  00  00  00  00 | 00  00  00  00  00  00  00  00 
-A0-  00  00  00  00  00  00  00  00 | 00  00  00  00  00  00  00  00 
-B0-  00  00  00  00  00  00  00  00 | 00  00  00  00  00  00  00  00 
-C0-  00  00  00  00  00  00  00  00 | 00  00  00  00  00  00  00  00 
-D0-  00  00  00  00  00  00  00  00 | 00  00  00  00  00  00  00  00 
-E0-  00  00  00  00  00  00  00  00 | 00  00  00  00  00  00  00  00 
-F0-  00  00  00  00  00  00  00  00 | 00  00  00  00  00  00  00  00 



BANK 111C
------00--01--02--03--04--05--06--07-|-08--09--0A--0B--0C--0D--0E--0F-
----------------------------------------------------------------------
-00-  00  00  00  00  00  00  00  00 | 00  00  00  00  00  00  00  00 
-10-  00  00  00  00  00  00  00  00 | 00  00  00  00  00  00  00  00 
-20-  00  00  00  00  00  00  00  00 | 00  00  00  00  00  00  00  00 
-30-  00  00  00  00  00  00  00  00 | 00  00  00  00  00  00  00  00 
-40-  00  00  00  00  00  00  00  00 | 00  00  00  00  00  00  00  00 
-50-  00  00  00  00  00  00  00  00 | 00  00  00  00  00  00  00  00 
-60-  00  00  00  00  00  00  00  00 | 00  00  00  00  00  00  00  00 
-70-  00  00  00  00  00  00  00  00 | 00  00  00  00  00  00  00  00 
-80-  00  00  00  00  00  00  00  00 | 00  00  00  00  00  00  00  00 
-90-  00  00  00  00  00  00  00  00 | 00  00  00  00  00  00  00  00 
-A0-  00  00  00  00  00  00  00  00 | 00  00  00  00  00  00  00  00 
-B0-  00  00  00  00  00  00  00  00 | 00  00  00  00  00  00  00  00 
-C0-  00  00  00  00  00  00  00  00 | 00  00  00  00  00  00  00  00 
-D0-  00  00  00  00  00  00  00  00 | 00  00  00  00  00  00  00  00 
-E0-  00  00  00  00  00  00  00  00 | 00  00  00  00  00  00  00  00 
-F0-  00  00  00  00  00  00  00  00 | 00  00  00  00  00  00  00  00 



BANK 111D
------00--01--02--03--04--05--06--07-|-08--09--0A--0B--0C--0D--0E--0F-
----------------------------------------------------------------------
-00-  00  00  00  00  00  00  00  00 | 00  00  00  00  00  00  00  00 
-10-  00  00  00  00  00  00  00  00 | 00  00  00  00  00  00  00  00 
-20-  00  00  00  00  00  00  00  00 | 00  00  00  00  00  00  00  00 
-30-  00  00  00  00  00  00  00  00 | 00  00  00  00  00  00  00  00 
-40-  00  00  00  00  00  00  00  00 | 00  00  00  00  00  00  00  00 
-50-  00  00  00  00  00  00  00  00 | 00  00  00  00  00  00  00  00 
-60-  00  00  00  00  00  00  00  00 | 00  00  00  00  00  00  00  00 
-70-  00  00  00  00  00  00  00  00 | 00  00  00  00  00  00  00  00 
-80-  00  00  00  00  00  00  00  00 | 00  00  00  00  00  00  00  00 
-90-  00  00  00  00  00  00  00  00 | 00  00  00  00  00  00  00  00 
-A0-  00  00  00  00  00  00  00  00 | 00  00  00  00  00  00  00  00 
-B0-  00  00  00  00  00  00  00  00 | 00  00  00  00  00  00  00  00 
-C0-  00  00  00  00  00  00  00  00 | 00  00  00  00  00  00  00  00 
-D0-  00  00  00  00  00  00  00  00 | 00  00  00  00  00  00  00  00 
-E0-  00  00  00  00  00  00  00  00 | 00  00  00  00  00  00  00  00 
-F0-  00  00  00  00  00  00  00  00 | 00  00  00  00  00  00  00  00 



BANK 111E
------00--01--02--03--04--05--06--07-|-08--09--0A--0B--0C--0D--0E--0F-
----------------------------------------------------------------------
-00-  00  00  00  00  00  00  00  00 | 00  00  00  00  00  00  00  00 
-10-  00  00  00  00  00  00  00  00 | 00  00  00  00  00  00  00  00 
-20-  00  00  00  00  00  00  00  00 | 00  00  00  00  00  00  00  00 
-30-  00  00  00  00  00  00  00  00 | 00  00  00  00  00  00  00  00 
-40-  00  00  00  00  00  00  00  00 | 00  00  00  00  00  00  00  00 
-50-  00  00  00  00  00  00  00  00 | 00  00  00  00  00  00  00  00 
-60-  00  00  00  00  00  00  00  00 | 00  00  00  00  00  00  00  00 
-70-  00  00  00  00  00  00  00  00 | 00  00  00  00  00  00  00  00 
-80-  00  00  00  00  00  00  00  00 | 00  00  00  00  00  00  00  00 
-90-  00  00  00  00  00  00  00  00 | 00  00  00  00  00  00  00  00 
-A0-  00  00  00  00  00  00  00  00 | 00  00  00  00  00  00  00  00 
-B0-  00  00  00  00  00  00  00  00 | 00  00  00  00  00  00  00  00 
-C0-  00  00  00  00  00  00  00  00 | 00  00  00  00  00  00  00  00 
-D0-  00  00  00  00  00  00  00  00 | 00  00  00  00  00  00  00  00 
-E0-  00  00  00  00  00  00  00  00 | 00  00  00  00  00  00  00  00 
-F0-  00  00  00  00  00  00  00  00 | 00  00  00  00  00  00  00  00 



BANK 111F
------00--01--02--03--04--05--06--07-|-08--09--0A--0B--0C--0D--0E--0F-
----------------------------------------------------------------------
-00-  00  00  00  00  00  00  00  00 | 00  00  00  00  00  00  00  00 
-10-  00  00  00  00  00  00  00  00 | 00  00  00  00  00  00  00  00 
-20-  00  00  00  00  00  00  00  00 | 00  00  00  00  00  00  00  00 
-30-  00  00  00  00  00  00  00  00 | 00  00  00  00  00  00  00  00 
-40-  00  00  00  00  00  00  00  00 | 00  00  00  00  00  00  00  00 
-50-  00  00  00  00  00  00  00  00 | 00  00  00  00  00  00  00  00 
-60-  00  00  00  00  00  00  00  00 | 00  00  00  00  00  00  00  00 
-70-  00  00  00  00  00  00  00  00 | 00  00  00  00  00  00  00  00 
-80-  00  00  00  00  00  00  00  00 | 00  00  00  00  00  00  00  00 
-90-  00  00  00  00  00  00  00  00 | 00  00  00  00  00  00  00  00 
-A0-  00  00  00  00  00  00  00  00 | 00  00  00  00  00  00  00  00 
-B0-  00  00  00  00  00  00  00  00 | 00  00  00  00  00  00  00  00 
-C0-  00  00  00  00  00  00  00  00 | 00  00  00  00  00  00  00  00 
-D0-  00  00  00  00  00  00  00  00 | 00  00  00  00  00  00  00  00 
-E0-  00  00  00  00  00  00  00  00 | 00  00  00  00  00  00  00  00 
-F0-  00  00  00  00  00  00  00  00 | 00  00  00  00  00  00  00  00 



BANK 1120
------00--01--02--03--04--05--06--07-|-08--09--0A--0B--0C--0D--0E--0F-
----------------------------------------------------------------------
-00-  00  00  00  00  00  00  00  00 | 00  00  00  00  00  00  00  00 
-10-  00  00  00  00  00  00  00  00 | 00  00  00  00  00  00  00  00 
-20-  00  00  00  00  00  00  00  00 | 00  00  00  00  00  00  00  00 
-30-  00  00  00  00  00  00  00  00 | 00  00  00  00  00  00  00  00 
-40-  00  00  00  00  00  00  00  00 | 00  00  00  00  00  00  00  00 
-50-  00  00  00  00  00  00  00  00 | 00  00  00  00  00  00  00  00 
-60-  00  00  00  00  00  00  00  00 | 00  00  00  00  00  00  00  00 
-70-  00  00  00  00  00  00  00  00 | 00  00  00  00  00  00  00  00 
-80-  00  00  00  00  00  00  00  00 | 00  00  00  00  00  00  00  00 
-90-  00  00  00  00  00  00  00  00 | 00  00  00  00  00  00  00  00 
-A0-  00  00  00  00  00  00  00  00 | 00  00  00  00  00  00  00  00 
-B0-  00  00  00  00  00  00  00  00 | 00  00  00  00  00  00  00  00 
-C0-  00  00  00  00  00  00  00  00 | 00  00  00  00  00  00  00  00 
-D0-  00  00  00  00  00  00  00  00 | 00  00  00  00  00  00  00  00 
-E0-  00  00  00  00  00  00  00  00 | 00  00  00  00  00  00  00  00 
-F0-  00  00  00  00  00  00  00  00 | 00  00  00  00  00  00  00  00 



BANK 1121
------00--01--02--03--04--05--06--07-|-08--09--0A--0B--0C--0D--0E--0F-
----------------------------------------------------------------------
-00-  00  00  00  00  00  00  00  00 | 00  00  00  00  00  00  00  00 
-10-  00  00  00  00  00  00  00  00 | 00  00  00  00  00  00  00  00 
-20-  00  00  00  00  00  00  00  00 | 00  00  00  00  00  00  00  00 
-30-  00  00  00  00  00  00  00  00 | 00  00  00  00  00  00  00  00 
-40-  00  00  00  00  00  00  00  00 | 00  00  00  00  00  00  00  00 
-50-  00  00  00  00  00  00  00  00 | 00  00  00  00  00  00  00  00 
-60-  00  00  00  00  00  00  00  00 | 00  00  00  00  00  00  00  00 
-70-  00  00  00  00  00  00  00  00 | 00  00  00  00  00  00  00  00 
-80-  00  00  00  00  00  00  00  00 | 00  00  00  00  00  00  00  00 
-90-  00  00  00  00  00  00  00  00 | 00  00  00  00  00  00  00  00 
-A0-  00  00  00  00  00  00  00  00 | 00  00  00  00  00  00  00  00 
-B0-  00  00  00  00  00  00  00  00 | 00  00  00  00  00  00  00  00 
-C0-  00  00  00  00  00  00  00  00 | 00  00  00  00  00  00  00  00 
-D0-  00  00  00  00  00  00  00  00 | 00  00  00  00  00  00  00  00 
-E0-  00  00  00  00  00  00  00  00 | 00  00  00  00  00  00  00  00 
-F0-  00  00  00  00  00  00  00  00 | 00  00  00  00  00  00  00  00 



BANK 1122
------00--01--02--03--04--05--06--07-|-08--09--0A--0B--0C--0D--0E--0F-
----------------------------------------------------------------------
-00-  00  00  00  00  00  00  00  00 | 00  00  00  00  00  00  00  00 
-10-  00  00  00  00  00  00  00  00 | 00  00  00  00  00  00  00  00 
-20-  00  00  00  00  00  00  00  00 | 00  00  00  00  00  00  00  00 
-30-  00  00  00  00  00  00  00  00 | 00  00  00  00  00  00  00  00 
-40-  00  00  00  00  00  00  00  00 | 00  00  00  00  00  00  00  00 
-50-  00  00  00  00  00  00  00  00 | 00  00  00  00  00  00  00  00 
-60-  00  00  00  00  00  00  00  00 | 00  00  00  00  00  00  00  00 
-70-  00  00  00  00  00  00  00  00 | 00  00  00  00  00  00  00  00 
-80-  00  00  00  00  00  00  00  00 | 00  00  00  00  00  00  00  00 
-90-  00  00  00  00  00  00  00  00 | 00  00  00  00  00  00  00  00 
-A0-  00  00  00  00  00  00  00  00 | 00  00  00  00  00  00  00  00 
-B0-  00  00  00  00  00  00  00  00 | 00  00  00  00  00  00  00  00 
-C0-  00  00  00  00  00  00  00  00 | 00  00  00  00  00  00  00  00 
-D0-  00  00  00  00  00  00  00  00 | 00  00  00  00  00  00  00  00 
-E0-  00  00  00  00  00  00  00  00 | 00  00  00  00  00  00  00  00 
-F0-  00  00  00  00  00  00  00  00 | 00  00  00  00  00  00  00  00 



BANK 1123
------00--01--02--03--04--05--06--07-|-08--09--0A--0B--0C--0D--0E--0F-
----------------------------------------------------------------------
-00-  00  00  00  00  00  00  00  00 | 00  00  00  00  00  00  00  00 
-10-  00  00  00  00  00  00  00  00 | 00  00  00  00  00  00  00  00 
-20-  00  00  00  00  00  00  00  00 | 00  00  00  00  00  00  00  00 
-30-  00  00  00  00  00  00  00  00 | 00  00  00  00  00  00  00  00 
-40-  00  00  00  00  00  00  00  00 | 00  00  00  00  00  00  00  00 
-50-  00  00  00  00  00  00  00  00 | 00  00  00  00  00  00  00  00 
-60-  00  00  00  00  00  00  00  00 | 00  00  00  00  00  00  00  00 
-70-  00  00  00  00  00  00  00  00 | 00  00  00  00  00  00  00  00 
-80-  00  00  00  00  00  00  00  00 | 00  00  00  00  00  00  00  00 
-90-  00  00  00  00  00  00  00  00 | 00  00  00  00  00  00  00  00 
-A0-  00  00  00  00  00  00  00  00 | 00  00  00  00  00  00  00  00 
-B0-  00  00  00  00  00  00  00  00 | 00  00  00  00  00  00  00  00 
-C0-  00  00  00  00  00  00  00  00 | 00  00  00  00  00  00  00  00 
-D0-  00  00  00  00  00  00  00  00 | 00  00  00  00  00  00  00  00 
-E0-  00  00  00  00  00  00  00  00 | 00  00  00  00  00  00  00  00 
-F0-  00  00  00  00  00  00  00  00 | 00  00  00  00  00  00  00  00 



BANK 1124
------00--01--02--03--04--05--06--07-|-08--09--0A--0B--0C--0D--0E--0F-
----------------------------------------------------------------------
-00-  00  00  00  00  00  00  00  00 | 00  00  00  00  00  00  00  00 
-10-  00  00  00  00  00  00  00  00 | 00  00  00  00  00  00  00  00 
-20-  00  00  00  00  00  00  00  00 | 00  00  00  00  00  00  00  00 
-30-  00  00  00  00  00  00  00  00 | 00  00  00  00  00  00  00  00 
-40-  00  00  00  00  00  00  00  00 | 00  00  00  00  00  00  00  00 
-50-  00  00  00  00  00  00  00  00 | 00  00  00  00  00  00  00  00 
-60-  00  00  00  00  00  00  00  00 | 00  00  00  00  00  00  00  00 
-70-  00  00  00  00  00  00  00  00 | 00  00  00  00  00  00  00  00 
-80-  00  00  00  00  00  00  00  00 | 00  00  00  00  00  00  00  00 
-90-  00  00  00  00  00  00  00  00 | 00  00  00  00  00  00  00  00 
-A0-  00  00  00  00  00  00  00  00 | 00  00  00  00  00  00  00  00 
-B0-  00  00  00  00  00  00  00  00 | 00  00  00  00  00  00  00  00 
-C0-  00  00  00  00  00  00  00  00 | 00  00  00  00  00  00  00  00 
-D0-  00  00  00  00  00  00  00  00 | 00  00  00  00  00  00  00  00 
-E0-  00  00  00  00  00  00  00  00 | 00  00  00  00  00  00  00  00 
-F0-  00  00  00  00  00  00  00  00 | 00  00  00  00  00  00  00  00 



BANK 1125
------00--01--02--03--04--05--06--07-|-08--09--0A--0B--0C--0D--0E--0F-
----------------------------------------------------------------------
-00-  00  00  00  00  00  00  00  00 | 00  00  00  00  00  00  00  00 
-10-  00  00  00  00  00  00  00  00 | 00  00  00  00  00  00  00  00 
-20-  00  00  00  00  00  00  00  00 | 00  00  00  00  00  00  00  00 
-30-  00  00  00  00  00  00  00  00 | 00  00  00  00  00  00  00  00 
-40-  00  00  00  00  00  00  00  00 | 00  00  00  00  00  00  00  00 
-50-  00  00  00  00  00  00  00  00 | 00  00  00  00  00  00  00  00 
-60-  00  00  00  00  00  00  00  00 | 00  00  00  00  00  00  00  00 
-70-  00  00  00  00  00  00  00  00 | 00  00  00  00  00  00  00  00 
-80-  00  00  00  00  00  00  00  00 | 00  00  00  00  00  00  00  00 
-90-  00  00  00  00  00  00  00  00 | 00  00  00  00  00  00  00  00 
-A0-  00  00  00  00  00  00  00  00 | 00  00  00  00  00  00  00  00 
-B0-  00  00  00  00  00  00  00  00 | 00  00  00  00  00  00  00  00 
-C0-  00  00  00  00  00  00  00  00 | 00  00  00  00  00  00  00  00 
-D0-  00  00  00  00  00  00  00  00 | 00  00  00  00  00  00  00  00 
-E0-  00  00  00  00  00  00  00  00 | 00  00  00  00  00  00  00  00 
-F0-  00  00  00  00  00  00  00  00 | 00  00  00  00  00  00  00  00 



BANK 1126
------00--01--02--03--04--05--06--07-|-08--09--0A--0B--0C--0D--0E--0F-
----------------------------------------------------------------------
-00-  00  00  00  00  00  00  00  00 | 00  00  00  00  00  00  00  00 
-10-  00  00  00  00  00  00  00  00 | 00  00  00  00  00  00  00  00 
-20-  00  00  00  00  00  00  00  00 | 00  00  00  00  00  00  00  00 
-30-  00  00  00  00  00  00  00  00 | 00  00  00  00  00  00  00  00 
-40-  00  00  00  00  00  00  00  00 | 00  00  00  00  00  00  00  00 
-50-  00  00  00  00  00  00  00  00 | 00  00  00  00  00  00  00  00 
-60-  00  00  00  00  00  00  00  00 | 00  00  00  00  00  00  00  00 
-70-  00  00  00  00  00  00  00  00 | 00  00  00  00  00  00  00  00 
-80-  00  00  00  00  00  00  00  00 | 00  00  00  00  00  00  00  00 
-90-  00  00  00  00  00  00  00  00 | 00  00  00  00  00  00  00  00 
-A0-  00  00  00  00  00  00  00  00 | 00  00  00  00  00  00  00  00 
-B0-  00  00  00  00  00  00  00  00 | 00  00  00  00  00  00  00  00 
-C0-  00  00  00  00  00  00  00  00 | 00  00  00  00  00  00  00  00 
-D0-  00  00  00  00  00  00  00  00 | 00  00  00  00  00  00  00  00 
-E0-  00  00  00  00  00  00  00  00 | 00  00  00  00  00  00  00  00 
-F0-  00  00  00  00  00  00  00  00 | 00  00  00  00  00  00  00  00 



BANK 1127
------00--01--02--03--04--05--06--07-|-08--09--0A--0B--0C--0D--0E--0F-
----------------------------------------------------------------------
-00-  00  00  00  00  00  00  00  00 | 00  00  00  00  00  00  00  00 
-10-  00  00  00  00  00  00  00  00 | 00  00  00  00  00  00  00  00 
-20-  00  00  00  00  00  00  00  00 | 00  00  00  00  00  00  00  00 
-30-  00  00  00  00  00  00  00  00 | 00  00  00  00  00  00  00  00 
-40-  00  00  00  00  00  00  00  00 | 00  00  00  00  00  00  00  00 
-50-  00  00  00  00  00  00  00  00 | 00  00  00  00  00  00  00  00 
-60-  00  00  00  00  00  00  00  00 | 00  00  00  00  00  00  00  00 
-70-  00  00  00  00  00  00  00  00 | 00  00  00  00  00  00  00  00 
-80-  00  00  00  00  00  00  00  00 | 00  00  00  00  00  00  00  00 
-90-  00  00  00  00  00  00  00  00 | 00  00  00  00  00  00  00  00 
-A0-  00  00  00  00  00  00  00  00 | 00  00  00  00  00  00  00  00 
-B0-  00  00  00  00  00  00  00  00 | 00  00  00  00  00  00  00  00 
-C0-  00  00  00  00  00  00  00  00 | 00  00  00  00  00  00  00  00 
-D0-  00  00  00  00  00  00  00  00 | 00  00  00  00  00  00  00  00 
-E0-  00  00  00  00  00  00  00  00 | 00  00  00  00  00  00  00  00 
-F0-  00  00  00  00  00  00  00  00 | 00  00  00  00  00  00  00  00 



BANK 1128
------00--01--02--03--04--05--06--07-|-08--09--0A--0B--0C--0D--0E--0F-
----------------------------------------------------------------------
-00-  00  00  00  00  00  00  00  00 | 00  00  00  00  00  00  00  00 
-10-  00  00  00  00  00  00  00  00 | 00  00  00  00  00  00  00  00 
-20-  00  00  00  00  00  00  00  00 | 00  00  00  00  00  00  00  00 
-30-  00  00  00  00  00  00  00  00 | 00  00  00  00  00  00  00  00 
-40-  00  00  00  00  00  00  00  00 | 00  00  00  00  00  00  00  00 
-50-  00  00  00  00  00  00  00  00 | 00  00  00  00  00  00  00  00 
-60-  00  00  00  00  00  00  00  00 | 00  00  00  00  00  00  00  00 
-70-  00  00  00  00  00  00  00  00 | 00  00  00  00  00  00  00  00 
-80-  00  00  00  00  00  00  00  00 | 00  00  00  00  00  00  00  00 
-90-  00  00  00  00  00  00  00  00 | 00  00  00  00  00  00  00  00 
-A0-  00  00  00  00  00  00  00  00 | 00  00  00  00  00  00  00  00 
-B0-  00  00  00  00  00  00  00  00 | 00  00  00  00  00  00  00  00 
-C0-  00  00  00  00  00  00  00  00 | 00  00  00  00  00  00  00  00 
-D0-  00  00  00  00  00  00  00  00 | 00  00  00  00  00  00  00  00 
-E0-  00  00  00  00  00  00  00  00 | 00  00  00  00  00  00  00  00 
-F0-  00  00  00  00  00  00  00  00 | 00  00  00  00  00  00  00  00 



BANK 1129
------00--01--02--03--04--05--06--07-|-08--09--0A--0B--0C--0D--0E--0F-
----------------------------------------------------------------------
-00-  00  00  00  00  00  00  00  00 | 00  00  00  00  00  00  00  00 
-10-  00  00  00  00  00  00  00  00 | 00  00  00  00  00  00  00  00 
-20-  00  00  00  00  00  00  00  00 | 00  00  00  00  00  00  00  00 
-30-  00  00  00  00  00  00  00  00 | 00  00  00  00  00  00  00  00 
-40-  00  00  00  00  00  00  00  00 | 00  00  00  00  00  00  00  00 
-50-  00  00  00  00  00  00  00  00 | 00  00  00  00  00  00  00  00 
-60-  00  00  00  00  00  00  00  00 | 00  00  00  00  00  00  00  00 
-70-  00  00  00  00  00  00  00  00 | 00  00  00  00  00  00  00  00 
-80-  00  00  00  00  00  00  00  00 | 00  00  00  00  00  00  00  00 
-90-  00  00  00  00  00  00  00  00 | 00  00  00  00  00  00  00  00 
-A0-  00  00  00  00  00  00  00  00 | 00  00  00  00  00  00  00  00 
-B0-  00  00  00  00  00  00  00  00 | 00  00  00  00  00  00  00  00 
-C0-  00  00  00  00  00  00  00  00 | 00  00  00  00  00  00  00  00 
-D0-  00  00  00  00  00  00  00  00 | 00  00  00  00  00  00  00  00 
-E0-  00  00  00  00  00  00  00  00 | 00  00  00  00  00  00  00  00 
-F0-  00  00  00  00  00  00  00  00 | 00  00  00  00  00  00  00  00 



BANK 112A
------00--01--02--03--04--05--06--07-|-08--09--0A--0B--0C--0D--0E--0F-
----------------------------------------------------------------------
-00-  00  00  00  00  00  00  00  00 | 00  00  00  00  00  00  00  00 
-10-  00  00  00  00  00  00  00  00 | 00  00  00  00  00  00  00  00 
-20-  00  00  00  00  00  00  00  00 | 00  00  00  00  00  00  00  00 
-30-  00  00  00  00  00  00  00  00 | 00  00  00  00  00  00  00  00 
-40-  00  00  00  00  00  00  00  00 | 00  00  00  00  00  00  00  00 
-50-  00  00  00  00  00  00  00  00 | 00  00  00  00  00  00  00  00 
-60-  00  00  00  00  00  00  00  00 | 00  00  00  00  00  00  00  00 
-70-  00  00  00  00  00  00  00  00 | 00  00  00  00  00  00  00  00 
-80-  00  00  00  00  00  00  00  00 | 00  00  00  00  00  00  00  00 
-90-  00  00  00  00  00  00  00  00 | 00  00  00  00  00  00  00  00 
-A0-  00  00  00  00  00  00  00  00 | 00  00  00  00  00  00  00  00 
-B0-  00  00  00  00  00  00  00  00 | 00  00  00  00  00  00  00  00 
-C0-  00  00  00  00  00  00  00  00 | 00  00  00  00  00  00  00  00 
-D0-  00  00  00  00  00  00  00  00 | 00  00  00  00  00  00  00  00 
-E0-  00  00  00  00  00  00  00  00 | 00  00  00  00  00  00  00  00 
-F0-  00  00  00  00  00  00  00  00 | 00  00  00  00  00  00  00  00 



BANK 112B
------00--01--02--03--04--05--06--07-|-08--09--0A--0B--0C--0D--0E--0F-
----------------------------------------------------------------------
-00-  00  00  00  00  00  00  00  00 | 00  00  00  00  00  00  00  00 
-10-  00  00  00  00  00  00  00  00 | 00  00  00  00  00  00  00  00 
-20-  00  00  00  00  00  00  00  00 | 00  00  00  00  00  00  00  00 
-30-  00  00  00  00  00  00  00  00 | 00  00  00  00  00  00  00  00 
-40-  00  00  00  00  00  00  00  00 | 00  00  00  00  00  00  00  00 
-50-  00  00  00  00  00  00  00  00 | 00  00  00  00  00  00  00  00 
-60-  00  00  00  00  00  00  00  00 | 00  00  00  00  00  00  00  00 
-70-  00  00  00  00  00  00  00  00 | 00  00  00  00  00  00  00  00 
-80-  00  00  00  00  00  00  00  00 | 00  00  00  00  00  00  00  00 
-90-  00  00  00  00  00  00  00  00 | 00  00  00  00  00  00  00  00 
-A0-  00  00  00  00  00  00  00  00 | 00  00  00  00  00  00  00  00 
-B0-  00  00  00  00  00  00  00  00 | 00  00  00  00  00  00  00  00 
-C0-  00  00  00  00  00  00  00  00 | 00  00  00  00  00  00  00  00 
-D0-  00  00  00  00  00  00  00  00 | 00  00  00  00  00  00  00  00 
-E0-  00  00  00  00  00  00  00  00 | 00  00  00  00  00  00  00  00 
-F0-  00  00  00  00  00  00  00  00 | 00  00  00  00  00  00  00  00 



BANK 112C
------00--01--02--03--04--05--06--07-|-08--09--0A--0B--0C--0D--0E--0F-
----------------------------------------------------------------------
-00-  00  00  00  00  00  00  00  00 | 00  00  00  00  00  00  00  00 
-10-  00  00  00  00  00  00  00  00 | 00  00  00  00  00  00  00  00 
-20-  00  00  00  00  00  00  00  00 | 00  00  00  00  00  00  00  00 
-30-  00  00  00  00  00  00  00  00 | 00  00  00  00  00  00  00  00 
-40-  00  00  00  00  00  00  00  00 | 00  00  00  00  00  00  00  00 
-50-  00  00  00  00  00  00  00  00 | 00  00  00  00  00  00  00  00 
-60-  00  00  00  00  00  00  00  00 | 00  00  00  00  00  00  00  00 
-70-  00  00  00  00  00  00  00  00 | 00  00  00  00  00  00  00  00 
-80-  00  00  00  00  00  00  00  00 | 00  00  00  00  00  00  00  00 
-90-  00  00  00  00  00  00  00  00 | 00  00  00  00  00  00  00  00 
-A0-  00  00  00  00  00  00  00  00 | 00  00  00  00  00  00  00  00 
-B0-  00  00  00  00  00  00  00  00 | 00  00  00  00  00  00  00  00 
-C0-  00  00  00  00  00  00  00  00 | 00  00  00  00  00  00  00  00 
-D0-  00  00  00  00  00  00  00  00 | 00  00  00  00  00  00  00  00 
-E0-  00  00  00  00  00  00  00  00 | 00  00  00  00  00  00  00  00 
-F0-  00  00  00  00  00  00  00  00 | 00  00  00  00  00  00  00  00 



BANK 112D
------00--01--02--03--04--05--06--07-|-08--09--0A--0B--0C--0D--0E--0F-
----------------------------------------------------------------------
-00-  00  00  00  00  00  00  00  00 | 00  00  00  00  00  00  00  00 
-10-  00  00  00  00  00  00  00  00 | 00  00  00  00  00  00  00  00 
-20-  00  00  00  00  00  00  00  00 | 00  00  00  00  00  00  00  00 
-30-  00  00  00  00  00  00  00  00 | 00  00  00  00  00  00  00  00 
-40-  00  00  00  00  00  00  00  00 | 00  00  00  00  00  00  00  00 
-50-  00  00  00  00  00  00  00  00 | 00  00  00  00  00  00  00  00 
-60-  00  00  00  00  00  00  00  00 | 00  00  00  00  00  00  00  00 
-70-  00  00  00  00  00  00  00  00 | 00  00  00  00  00  00  00  00 
-80-  00  00  00  00  00  00  00  00 | 00  00  00  00  00  00  00  00 
-90-  00  00  00  00  00  00  00  00 | 00  00  00  00  00  00  00  00 
-A0-  00  00  00  00  00  00  00  00 | 00  00  00  00  00  00  00  00 
-B0-  00  00  00  00  00  00  00  00 | 00  00  00  00  00  00  00  00 
-C0-  00  00  00  00  00  00  00  00 | 00  00  00  00  00  00  00  00 
-D0-  00  00  00  00  00  00  00  00 | 00  00  00  00  00  00  00  00 
-E0-  00  00  00  00  00  00  00  00 | 00  00  00  00  00  00  00  00 
-F0-  00  00  00  00  00  00  00  00 | 00  00  00  00  00  00  00  00 



BANK 112E
------00--01--02--03--04--05--06--07-|-08--09--0A--0B--0C--0D--0E--0F-
----------------------------------------------------------------------
-00-  00  00  00  00  00  00  00  00 | 00  00  00  00  00  00  00  00 
-10-  00  00  00  00  00  00  00  00 | 00  00  00  00  00  00  00  00 
-20-  00  00  00  00  00  00  00  00 | 00  00  00  00  00  00  00  00 
-30-  00  00  00  00  00  00  00  00 | 00  00  00  00  00  00  00  00 
-40-  00  00  00  00  00  00  00  00 | 00  00  00  00  00  00  00  00 
-50-  00  00  00  00  00  00  00  00 | 00  00  00  00  00  00  00  00 
-60-  00  00  00  00  00  00  00  00 | 00  00  00  00  00  00  00  00 
-70-  00  00  00  00  00  00  00  00 | 00  00  00  00  00  00  00  00 
-80-  00  00  00  00  00  00  00  00 | 00  00  00  00  00  00  00  00 
-90-  00  00  00  00  00  00  00  00 | 00  00  00  00  00  00  00  00 
-A0-  00  00  00  00  00  00  00  00 | 00  00  00  00  00  00  00  00 
-B0-  00  00  00  00  00  00  00  00 | 00  00  00  00  00  00  00  00 
-C0-  00  00  00  00  00  00  00  00 | 00  00  00  00  00  00  00  00 
-D0-  00  00  00  00  00  00  00  00 | 00  00  00  00  00  00  00  00 
-E0-  00  00  00  00  00  00  00  00 | 00  00  00  00  00  00  00  00 
-F0-  00  00  00  00  00  00  00  00 | 00  00  00  00  00  00  00  00 



BANK 112F
------00--01--02--03--04--05--06--07-|-08--09--0A--0B--0C--0D--0E--0F-
----------------------------------------------------------------------
-00-  00  00  00  00  00  00  00  00 | 00  00  00  00  00  00  00  00 
-10-  00  00  00  00  00  00  00  00 | 00  00  00  00  00  00  00  00 
-20-  00  00  00  00  00  00  00  00 | 00  00  00  00  00  00  00  00 
-30-  00  00  00  00  00  00  00  00 | 00  00  00  00  00  00  00  00 
-40-  00  00  00  00  00  00  00  00 | 00  00  00  00  00  00  00  00 
-50-  00  00  00  00  00  00  00  00 | 00  00  00  00  00  00  00  00 
-60-  00  00  00  00  00  00  00  00 | 00  00  00  00  00  00  00  00 
-70-  00  00  00  00  00  00  00  00 | 00  00  00  00  00  00  00  00 
-80-  00  00  00  00  00  00  00  00 | 00  00  00  00  00  00  00  00 
-90-  00  00  00  00  00  00  00  00 | 00  00  00  00  00  00  00  00 
-A0-  00  00  00  00  00  00  00  00 | 00  00  00  00  00  00  00  00 
-B0-  00  00  00  00  00  00  00  00 | 00  00  00  00  00  00  00  00 
-C0-  00  00  00  00  00  00  00  00 | 00  00  00  00  00  00  00  00 
-D0-  00  00  00  00  00  00  00  00 | 00  00  00  00  00  00  00  00 
-E0-  00  00  00  00  00  00  00  00 | 00  00  00  00  00  00  00  00 
-F0-  00  00  00  00  00  00  00  00 | 00  00  00  00  00  00  00  00 



BANK 1130
------00--01--02--03--04--05--06--07-|-08--09--0A--0B--0C--0D--0E--0F-
----------------------------------------------------------------------
-00-  00  00  00  00  00  00  00  00 | 00  00  00  00  00  00  00  00 
-10-  00  00  00  00  00  00  00  00 | 00  00  00  00  00  00  00  00 
-20-  00  00  00  00  00  00  00  00 | 00  00  00  00  00  00  00  00 
-30-  00  00  00  00  00  00  00  00 | 00  00  00  00  00  00  00  00 
-40-  00  00  00  00  00  00  00  00 | 00  00  00  00  00  00  00  00 
-50-  00  00  00  00  00  00  00  00 | 00  00  00  00  00  00  00  00 
-60-  00  00  00  00  00  00  00  00 | 00  00  00  00  00  00  00  00 
-70-  00  00  00  00  00  00  00  00 | 00  00  00  00  00  00  00  00 
-80-  00  00  00  00  00  00  00  00 | 00  00  00  00  00  00  00  00 
-90-  00  00  00  00  00  00  00  00 | 00  00  00  00  00  00  00  00 
-A0-  00  00  00  00  00  00  00  00 | 00  00  00  00  00  00  00  00 
-B0-  00  00  00  00  00  00  00  00 | 00  00  00  00  00  00  00  00 
-C0-  00  00  00  00  00  00  00  00 | 00  00  00  00  00  00  00  00 
-D0-  00  00  00  00  00  00  00  00 | 00  00  00  00  00  00  00  00 
-E0-  00  00  00  00  00  00  00  00 | 00  00  00  00  00  00  00  00 
-F0-  00  00  00  00  00  00  00  00 | 00  00  00  00  00  00  00  00 



BANK 1131
------00--01--02--03--04--05--06--07-|-08--09--0A--0B--0C--0D--0E--0F-
----------------------------------------------------------------------
-00-  00  00  00  00  00  00  00  00 | 00  00  00  00  00  00  00  00 
-10-  00  00  00  00  00  00  00  00 | 00  00  00  00  00  00  00  00 
-20-  00  00  00  00  00  00  00  00 | 00  00  00  00  00  00  00  00 
-30-  00  00  00  00  00  00  00  00 | 00  00  00  00  00  00  00  00 
-40-  00  00  00  00  00  00  00  00 | 00  00  00  00  00  00  00  00 
-50-  00  00  00  00  00  00  00  00 | 00  00  00  00  00  00  00  00 
-60-  00  00  00  00  00  00  00  00 | 00  00  00  00  00  00  00  00 
-70-  00  00  00  00  00  00  00  00 | 00  00  00  00  00  00  00  00 
-80-  00  00  00  00  00  00  00  00 | 00  00  00  00  00  00  00  00 
-90-  00  00  00  00  00  00  00  00 | 00  00  00  00  00  00  00  00 
-A0-  00  00  00  00  00  00  00  00 | 00  00  00  00  00  00  00  00 
-B0-  00  00  00  00  00  00  00  00 | 00  00  00  00  00  00  00  00 
-C0-  00  00  00  00  00  00  00  00 | 00  00  00  00  00  00  00  00 
-D0-  00  00  00  00  00  00  00  00 | 00  00  00  00  00  00  00  00 
-E0-  00  00  00  00  00  00  00  00 | 00  00  00  00  00  00  00  00 
-F0-  00  00  00  00  00  00  00  00 | 00  00  00  00  00  00  00  00 



BANK 1132
------00--01--02--03--04--05--06--07-|-08--09--0A--0B--0C--0D--0E--0F-
----------------------------------------------------------------------
-00-  00  00  00  00  00  00  00  00 | 00  00  00  00  00  00  00  00 
-10-  00  00  00  00  00  00  00  00 | 00  00  00  00  00  00  00  00 
-20-  00  00  00  00  00  00  00  00 | 00  00  00  00  00  00  00  00 
-30-  00  00  00  00  00  00  00  00 | 00  00  00  00  00  00  00  00 
-40-  00  00  00  00  00  00  00  00 | 00  00  00  00  00  00  00  00 
-50-  00  00  00  00  00  00  00  00 | 00  00  00  00  00  00  00  00 
-60-  00  00  00  00  00  00  00  00 | 00  00  00  00  00  00  00  00 
-70-  00  00  00  00  00  00  00  00 | 00  00  00  00  00  00  00  00 
-80-  00  00  00  00  00  00  00  00 | 00  00  00  00  00  00  00  00 
-90-  00  00  00  00  00  00  00  00 | 00  00  00  00  00  00  00  00 
-A0-  00  00  00  00  00  00  00  00 | 00  00  00  00  00  00  00  00 
-B0-  00  00  00  00  00  00  00  00 | 00  00  00  00  00  00  00  00 
-C0-  00  00  00  00  00  00  00  00 | 00  00  00  00  00  00  00  00 
-D0-  00  00  00  00  00  00  00  00 | 00  00  00  00  00  00  00  00 
-E0-  00  00  00  00  00  00  00  00 | 00  00  00  00  00  00  00  00 
-F0-  00  00  00  00  00  00  00  00 | 00  00  00  00  00  00  00  00 



BANK 1133
------00--01--02--03--04--05--06--07-|-08--09--0A--0B--0C--0D--0E--0F-
----------------------------------------------------------------------
-00-  00  00  00  00  00  00  00  00 | 00  00  00  00  00  00  00  00 
-10-  00  00  00  00  00  00  00  00 | 00  00  00  00  00  00  00  00 
-20-  00  00  00  00  00  00  00  00 | 00  00  00  00  00  00  00  00 
-30-  00  00  00  00  00  00  00  00 | 00  00  00  00  00  00  00  00 
-40-  00  00  00  00  00  00  00  00 | 00  00  00  00  00  00  00  00 
-50-  00  00  00  00  00  00  00  00 | 00  00  00  00  00  00  00  00 
-60-  00  00  00  00  00  00  00  00 | 00  00  00  00  00  00  00  00 
-70-  00  00  00  00  00  00  00  00 | 00  00  00  00  00  00  00  00 
-80-  00  00  00  00  00  00  00  00 | 00  00  00  00  00  00  00  00 
-90-  00  00  00  00  00  00  00  00 | 00  00  00  00  00  00  00  00 
-A0-  00  00  00  00  00  00  00  00 | 00  00  00  00  00  00  00  00 
-B0-  00  00  00  00  00  00  00  00 | 00  00  00  00  00  00  00  00 
-C0-  00  00  00  00  00  00  00  00 | 00  00  00  00  00  00  00  00 
-D0-  00  00  00  00  00  00  00  00 | 00  00  00  00  00  00  00  00 
-E0-  00  00  00  00  00  00  00  00 | 00  00  00  00  00  00  00  00 
-F0-  00  00  00  00  00  00  00  00 | 00  00  00  00  00  00  00  00 



BANK 1134
------00--01--02--03--04--05--06--07-|-08--09--0A--0B--0C--0D--0E--0F-
----------------------------------------------------------------------
-00-  00  00  00  00  00  00  00  00 | 00  00  00  00  00  00  00  00 
-10-  00  00  00  00  00  00  00  00 | 00  00  00  00  00  00  00  00 
-20-  00  00  00  00  00  00  00  00 | 00  00  00  00  00  00  00  00 
-30-  00  00  00  00  00  00  00  00 | 00  00  00  00  00  00  00  00 
-40-  00  00  00  00  00  00  00  00 | 00  00  00  00  00  00  00  00 
-50-  00  00  00  00  00  00  00  00 | 00  00  00  00  00  00  00  00 
-60-  00  00  00  00  00  00  00  00 | 00  00  00  00  00  00  00  00 
-70-  00  00  00  00  00  00  00  00 | 00  00  00  00  00  00  00  00 
-80-  00  00  00  00  00  00  00  00 | 00  00  00  00  00  00  00  00 
-90-  00  00  00  00  00  00  00  00 | 00  00  00  00  00  00  00  00 
-A0-  00  00  00  00  00  00  00  00 | 00  00  00  00  00  00  00  00 
-B0-  00  00  00  00  00  00  00  00 | 00  00  00  00  00  00  00  00 
-C0-  00  00  00  00  00  00  00  00 | 00  00  00  00  00  00  00  00 
-D0-  00  00  00  00  00  00  00  00 | 00  00  00  00  00  00  00  00 
-E0-  00  00  00  00  00  00  00  00 | 00  00  00  00  00  00  00  00 
-F0-  00  00  00  00  00  00  00  00 | 00  00  00  00  00  00  00  00 



BANK 1135
------00--01--02--03--04--05--06--07-|-08--09--0A--0B--0C--0D--0E--0F-
----------------------------------------------------------------------
-00-  00  00  00  00  00  00  00  00 | 00  00  00  00  00  00  00  00 
-10-  00  00  00  00  00  00  00  00 | 00  00  00  00  00  00  00  00 
-20-  00  00  00  00  00  00  00  00 | 00  00  00  00  00  00  00  00 
-30-  00  00  00  00  00  00  00  00 | 00  00  00  00  00  00  00  00 
-40-  00  00  00  00  00  00  00  00 | 00  00  00  00  00  00  00  00 
-50-  00  00  00  00  00  00  00  00 | 00  00  00  00  00  00  00  00 
-60-  00  00  00  00  00  00  00  00 | 00  00  00  00  00  00  00  00 
-70-  00  00  00  00  00  00  00  00 | 00  00  00  00  00  00  00  00 
-80-  00  00  00  00  00  00  00  00 | 00  00  00  00  00  00  00  00 
-90-  00  00  00  00  00  00  00  00 | 00  00  00  00  00  00  00  00 
-A0-  00  00  00  00  00  00  00  00 | 00  00  00  00  00  00  00  00 
-B0-  00  00  00  00  00  00  00  00 | 00  00  00  00  00  00  00  00 
-C0-  00  00  00  00  00  00  00  00 | 00  00  00  00  00  00  00  00 
-D0-  00  00  00  00  00  00  00  00 | 00  00  00  00  00  00  00  00 
-E0-  00  00  00  00  00  00  00  00 | 00  00  00  00  00  00  00  00 
-F0-  00  00  00  00  00  00  00  00 | 00  00  00  00  00  00  00  00 



BANK 1136
------00--01--02--03--04--05--06--07-|-08--09--0A--0B--0C--0D--0E--0F-
----------------------------------------------------------------------
-00-  00  00  00  00  00  00  00  00 | 00  00  00  00  00  00  00  00 
-10-  00  00  00  00  00  00  00  00 | 00  00  00  00  00  00  00  00 
-20-  00  00  00  00  00  00  00  00 | 00  00  00  00  00  00  00  00 
-30-  00  00  00  00  00  00  00  00 | 00  00  00  00  00  00  00  00 
-40-  00  00  00  00  00  00  00  00 | 00  00  00  00  00  00  00  00 
-50-  00  00  00  00  00  00  00  00 | 00  00  00  00  00  00  00  00 
-60-  00  00  00  00  00  00  00  00 | 00  00  00  00  00  00  00  00 
-70-  00  00  00  00  00  00  00  00 | 00  00  00  00  00  00  00  00 
-80-  00  00  00  00  00  00  00  00 | 00  00  00  00  00  00  00  00 
-90-  00  00  00  00  00  00  00  00 | 00  00  00  00  00  00  00  00 
-A0-  00  00  00  00  00  00  00  00 | 00  00  00  00  00  00  00  00 
-B0-  00  00  00  00  00  00  00  00 | 00  00  00  00  00  00  00  00 
-C0-  00  00  00  00  00  00  00  00 | 00  00  00  00  00  00  00  00 
-D0-  00  00  00  00  00  00  00  00 | 00  00  00  00  00  00  00  00 
-E0-  00  00  00  00  00  00  00  00 | 00  00  00  00  00  00  00  00 
-F0-  00  00  00  00  00  00  00  00 | 00  00  00  00  00  00  00  00 



BANK 1137
------00--01--02--03--04--05--06--07-|-08--09--0A--0B--0C--0D--0E--0F-
----------------------------------------------------------------------
-00-  00  00  00  00  00  00  00  00 | 00  00  00  00  00  00  00  00 
-10-  00  00  00  00  00  00  00  00 | 00  00  00  00  00  00  00  00 
-20-  00  00  00  00  00  00  00  00 | 00  00  00  00  00  00  00  00 
-30-  00  00  00  00  00  00  00  00 | 00  00  00  00  00  00  00  00 
-40-  00  00  00  00  00  00  00  00 | 00  00  00  00  00  00  00  00 
-50-  00  00  00  00  00  00  00  00 | 00  00  00  00  00  00  00  00 
-60-  00  00  00  00  00  00  00  00 | 00  00  00  00  00  00  00  00 
-70-  00  00  00  00  00  00  00  00 | 00  00  00  00  00  00  00  00 
-80-  00  00  00  00  00  00  00  00 | 00  00  00  00  00  00  00  00 
-90-  00  00  00  00  00  00  00  00 | 00  00  00  00  00  00  00  00 
-A0-  00  00  00  00  00  00  00  00 | 00  00  00  00  00  00  00  00 
-B0-  00  00  00  00  00  00  00  00 | 00  00  00  00  00  00  00  00 
-C0-  00  00  00  00  00  00  00  00 | 00  00  00  00  00  00  00  00 
-D0-  00  00  00  00  00  00  00  00 | 00  00  00  00  00  00  00  00 
-E0-  00  00  00  00  00  00  00  00 | 00  00  00  00  00  00  00  00 
-F0-  00  00  00  00  00  00  00  00 | 00  00  00  00  00  00  00  00 



BANK 1138
------00--01--02--03--04--05--06--07-|-08--09--0A--0B--0C--0D--0E--0F-
----------------------------------------------------------------------
-00-  00  00  00  00  00  00  00  00 | 00  00  00  00  00  00  00  00 
-10-  00  00  00  00  00  00  00  00 | 00  00  00  00  00  00  00  00 
-20-  00  00  00  00  00  00  00  00 | 00  00  00  00  00  00  00  00 
-30-  00  00  00  00  00  00  00  00 | 00  00  00  00  00  00  00  00 
-40-  00  00  00  00  00  00  00  00 | 00  00  00  00  00  00  00  00 
-50-  00  00  00  00  00  00  00  00 | 00  00  00  00  00  00  00  00 
-60-  00  00  00  00  00  00  00  00 | 00  00  00  00  00  00  00  00 
-70-  00  00  00  00  00  00  00  00 | 00  00  00  00  00  00  00  00 
-80-  00  00  00  00  00  00  00  00 | 00  00  00  00  00  00  00  00 
-90-  00  00  00  00  00  00  00  00 | 00  00  00  00  00  00  00  00 
-A0-  00  00  00  00  00  00  00  00 | 00  00  00  00  00  00  00  00 
-B0-  00  00  00  00  00  00  00  00 | 00  00  00  00  00  00  00  00 
-C0-  00  00  00  00  00  00  00  00 | 00  00  00  00  00  00  00  00 
-D0-  00  00  00  00  00  00  00  00 | 00  00  00  00  00  00  00  00 
-E0-  00  00  00  00  00  00  00  00 | 00  00  00  00  00  00  00  00 
-F0-  00  00  00  00  00  00  00  00 | 00  00  00  00  00  00  00  00 



BANK 1139
------00--01--02--03--04--05--06--07-|-08--09--0A--0B--0C--0D--0E--0F-
----------------------------------------------------------------------
-00-  00  00  00  00  00  00  00  00 | 00  00  00  00  00  00  00  00 
-10-  00  00  00  00  00  00  00  00 | 00  00  00  00  00  00  00  00 
-20-  00  00  00  00  00  00  00  00 | 00  00  00  00  00  00  00  00 
-30-  00  00  00  00  00  00  00  00 | 00  00  00  00  00  00  00  00 
-40-  00  00  00  00  00  00  00  00 | 00  00  00  00  00  00  00  00 
-50-  00  00  00  00  00  00  00  00 | 00  00  00  00  00  00  00  00 
-60-  00  00  00  00  00  00  00  00 | 00  00  00  00  00  00  00  00 
-70-  00  00  00  00  00  00  00  00 | 00  00  00  00  00  00  00  00 
-80-  00  00  00  00  00  00  00  00 | 00  00  00  00  00  00  00  00 
-90-  00  00  00  00  00  00  00  00 | 00  00  00  00  00  00  00  00 
-A0-  00  00  00  00  00  00  00  00 | 00  00  00  00  00  00  00  00 
-B0-  00  00  00  00  00  00  00  00 | 00  00  00  00  00  00  00  00 
-C0-  00  00  00  00  00  00  00  00 | 00  00  00  00  00  00  00  00 
-D0-  00  00  00  00  00  00  00  00 | 00  00  00  00  00  00  00  00 
-E0-  00  00  00  00  00  00  00  00 | 00  00  00  00  00  00  00  00 
-F0-  00  00  00  00  00  00  00  00 | 00  00  00  00  00  00  00  00 



BANK 113A
------00--01--02--03--04--05--06--07-|-08--09--0A--0B--0C--0D--0E--0F-
----------------------------------------------------------------------
-00-  00  00  00  00  00  00  00  00 | 00  00  00  00  00  00  00  00 
-10-  00  00  00  00  00  00  00  00 | 00  00  00  00  00  00  00  00 
-20-  00  00  00  00  00  00  00  00 | 00  00  00  00  00  00  00  00 
-30-  00  00  00  00  00  00  00  00 | 00  00  00  00  00  00  00  00 
-40-  00  00  00  00  00  00  00  00 | 00  00  00  00  00  00  00  00 
-50-  00  00  00  00  00  00  00  00 | 00  00  00  00  00  00  00  00 
-60-  00  00  00  00  00  00  00  00 | 00  00  00  00  00  00  00  00 
-70-  00  00  00  00  00  00  00  00 | 00  00  00  00  00  00  00  00 
-80-  00  00  00  00  00  00  00  00 | 00  00  00  00  00  00  00  00 
-90-  00  00  00  00  00  00  00  00 | 00  00  00  00  00  00  00  00 
-A0-  00  00  00  00  00  00  00  00 | 00  00  00  00  00  00  00  00 
-B0-  00  00  00  00  00  00  00  00 | 00  00  00  00  00  00  00  00 
-C0-  00  00  00  00  00  00  00  00 | 00  00  00  00  00  00  00  00 
-D0-  00  00  00  00  00  00  00  00 | 00  00  00  00  00  00  00  00 
-E0-  00  00  00  00  00  00  00  00 | 00  00  00  00  00  00  00  00 
-F0-  00  00  00  00  00  00  00  00 | 00  00  00  00  00  00  00  00 



BANK 113B
------00--01--02--03--04--05--06--07-|-08--09--0A--0B--0C--0D--0E--0F-
----------------------------------------------------------------------
-00-  00  00  00  00  00  00  00  00 | 00  00  00  00  00  00  00  00 
-10-  00  00  00  00  00  00  00  00 | 00  00  00  00  00  00  00  00 
-20-  00  00  00  00  00  00  00  00 | 00  00  00  00  00  00  00  00 
-30-  00  00  00  00  00  00  00  00 | 00  00  00  00  00  00  00  00 
-40-  00  00  00  00  00  00  00  00 | 00  00  00  00  00  00  00  00 
-50-  00  00  00  00  00  00  00  00 | 00  00  00  00  00  00  00  00 
-60-  00  00  00  00  00  00  00  00 | 00  00  00  00  00  00  00  00 
-70-  00  00  00  00  00  00  00  00 | 00  00  00  00  00  00  00  00 
-80-  00  00  00  00  00  00  00  00 | 00  00  00  00  00  00  00  00 
-90-  00  00  00  00  00  00  00  00 | 00  00  00  00  00  00  00  00 
-A0-  00  00  00  00  00  00  00  00 | 00  00  00  00  00  00  00  00 
-B0-  00  00  00  00  00  00  00  00 | 00  00  00  00  00  00  00  00 
-C0-  00  00  00  00  00  00  00  00 | 00  00  00  00  00  00  00  00 
-D0-  00  00  00  00  00  00  00  00 | 00  00  00  00  00  00  00  00 
-E0-  00  00  00  00  00  00  00  00 | 00  00  00  00  00  00  00  00 
-F0-  00  00  00  00  00  00  00  00 | 00  00  00  00  00  00  00  00 



BANK 113C
------00--01--02--03--04--05--06--07-|-08--09--0A--0B--0C--0D--0E--0F-
----------------------------------------------------------------------
-00-  00  00  00  00  00  00  00  00 | 00  00  00  00  00  00  00  00 
-10-  00  00  00  00  00  00  00  00 | 00  00  00  00  00  00  00  00 
-20-  00  00  00  00  00  00  00  00 | 00  00  00  00  00  00  00  00 
-30-  00  00  00  00  00  00  00  00 | 00  00  00  00  00  00  00  00 
-40-  00  00  00  00  00  00  00  00 | 00  00  00  00  00  00  00  00 
-50-  00  00  00  00  00  00  00  00 | 00  00  00  00  00  00  00  00 
-60-  00  00  00  00  00  00  00  00 | 00  00  00  00  00  00  00  00 
-70-  00  00  00  00  00  00  00  00 | 00  00  00  00  00  00  00  00 
-80-  00  00  00  00  00  00  00  00 | 00  00  00  00  00  00  00  00 
-90-  00  00  00  00  00  00  00  00 | 00  00  00  00  00  00  00  00 
-A0-  00  00  00  00  00  00  00  00 | 00  00  00  00  00  00  00  00 
-B0-  00  00  00  00  00  00  00  00 | 00  00  00  00  00  00  00  00 
-C0-  00  00  00  00  00  00  00  00 | 00  00  00  00  00  00  00  00 
-D0-  00  00  00  00  00  00  00  00 | 00  00  00  00  00  00  00  00 
-E0-  00  00  00  00  00  00  00  00 | 00  00  00  00  00  00  00  00 
-F0-  00  00  00  00  00  00  00  00 | 00  00  00  00  00  00  00  00 



BANK 113D
------00--01--02--03--04--05--06--07-|-08--09--0A--0B--0C--0D--0E--0F-
----------------------------------------------------------------------
-00-  00  00  00  00  00  00  00  00 | 00  00  00  00  00  00  00  00 
-10-  00  00  00  00  00  00  00  00 | 00  00  00  00  00  00  00  00 
-20-  00  00  00  00  00  00  00  00 | 00  00  00  00  00  00  00  00 
-30-  00  00  00  00  00  00  00  00 | 00  00  00  00  00  00  00  00 
-40-  00  00  00  00  00  00  00  00 | 00  00  00  00  00  00  00  00 
-50-  00  00  00  00  00  00  00  00 | 00  00  00  00  00  00  00  00 
-60-  00  00  00  00  00  00  00  00 | 00  00  00  00  00  00  00  00 
-70-  00  00  00  00  00  00  00  00 | 00  00  00  00  00  00  00  00 
-80-  00  00  00  00  00  00  00  00 | 00  00  00  00  00  00  00  00 
-90-  00  00  00  00  00  00  00  00 | 00  00  00  00  00  00  00  00 
-A0-  00  00  00  00  00  00  00  00 | 00  00  00  00  00  00  00  00 
-B0-  00  00  00  00  00  00  00  00 | 00  00  00  00  00  00  00  00 
-C0-  00  00  00  00  00  00  00  00 | 00  00  00  00  00  00  00  00 
-D0-  00  00  00  00  00  00  00  00 | 00  00  00  00  00  00  00  00 
-E0-  00  00  00  00  00  00  00  00 | 00  00  00  00  00  00  00  00 
-F0-  00  00  00  00  00  00  00  00 | 00  00  00  00  00  00  00  00 



BANK 113E
------00--01--02--03--04--05--06--07-|-08--09--0A--0B--0C--0D--0E--0F-
----------------------------------------------------------------------
-00-  00  00  00  00  00  00  00  00 | 00  00  00  00  00  00  00  00 
-10-  00  00  00  00  00  00  00  00 | 00  00  00  00  00  00  00  00 
-20-  00  00  00  00  00  00  00  00 | 00  00  00  00  00  00  00  00 
-30-  00  00  00  00  00  00  00  00 | 00  00  00  00  00  00  00  00 
-40-  00  00  00  00  00  00  00  00 | 00  00  00  00  00  00  00  00 
-50-  00  00  00  00  00  00  00  00 | 00  00  00  00  00  00  00  00 
-60-  00  00  00  00  00  00  00  00 | 00  00  00  00  00  00  00  00 
-70-  00  00  00  00  00  00  00  00 | 00  00  00  00  00  00  00  00 
-80-  00  00  00  00  00  00  00  00 | 00  00  00  00  00  00  00  00 
-90-  00  00  00  00  00  00  00  00 | 00  00  00  00  00  00  00  00 
-A0-  00  00  00  00  00  00  00  00 | 00  00  00  00  00  00  00  00 
-B0-  00  00  00  00  00  00  00  00 | 00  00  00  00  00  00  00  00 
-C0-  00  00  00  00  00  00  00  00 | 00  00  00  00  00  00  00  00 
-D0-  00  00  00  00  00  00  00  00 | 00  00  00  00  00  00  00  00 
-E0-  00  00  00  00  00  00  00  00 | 00  00  00  00  00  00  00  00 
-F0-  00  00  00  00  00  00  00  00 | 00  00  00  00  00  00  00  00 



BANK 113F
------00--01--02--03--04--05--06--07-|-08--09--0A--0B--0C--0D--0E--0F-
----------------------------------------------------------------------
-00-  00  00  00  00  00  00  00  00 | 00  00  00  00  00  00  00  00 
-10-  00  00  00  00  00  00  00  00 | 00  00  00  00  00  00  00  00 
-20-  00  00  00  00  00  00  00  00 | 00  00  00  00  00  00  00  00 
-30-  00  00  00  00  00  00  00  00 | 00  00  00  00  00  00  00  00 
-40-  00  00  00  00  00  00  00  00 | 00  00  00  00  00  00  00  00 
-50-  00  00  00  00  00  00  00  00 | 00  00  00  00  00  00  00  00 
-60-  00  00  00  00  00  00  00  00 | 00  00  00  00  00  00  00  00 
-70-  00  00  00  00  00  00  00  00 | 00  00  00  00  00  00  00  00 
-80-  00  00  00  00  00  00  00  00 | 00  00  00  00  00  00  00  00 
-90-  00  00  00  00  00  00  00  00 | 00  00  00  00  00  00  00  00 
-A0-  00  00  00  00  00  00  00  00 | 00  00  00  00  00  00  00  00 
-B0-  00  00  00  00  00  00  00  00 | 00  00  00  00  00  00  00  00 
-C0-  00  00  00  00  00  00  00  00 | 00  00  00  00  00  00  00  00 
-D0-  00  00  00  00  00  00  00  00 | 00  00  00  00  00  00  00  00 
-E0-  00  00  00  00  00  00  00  00 | 00  00  00  00  00  00  00  00 
-F0-  00  00  00  00  00  00  00  00 | 00  00  00  00  00  00  00  00 



BANK 1200
------00--01--02--03--04--05--06--07-|-08--09--0A--0B--0C--0D--0E--0F-
----------------------------------------------------------------------
-00-  00  00  00  00  00  00  00  00 | 00  00  00  00  00  00  00  00 
-10-  00  00  00  00  00  00  00  00 | 00  00  00  00  00  00  00  00 
-20-  00  00  00  00  00  00  00  00 | 00  00  00  00  00  00  00  00 
-30-  00  00  00  00  00  00  00  00 | 00  00  00  00  00  00  00  00 
-40-  00  00  00  00  00  00  00  00 | 00  00  00  00  00  00  00  00 
-50-  00  00  00  00  00  00  00  00 | 00  00  00  00  00  00  00  00 
-60-  00  00  00  00  00  00  00  00 | 00  00  00  00  00  00  00  00 
-70-  00  00  00  00  00  00  00  00 | 00  00  00  00  00  00  00  00 
-80-  00  00  00  00  00  00  00  00 | 00  00  00  00  00  00  00  00 
-90-  00  00  00  00  00  00  00  00 | 00  00  00  00  00  00  00  00 
-A0-  00  00  00  00  00  00  00  00 | 00  00  00  00  00  00  00  00 
-B0-  00  00  00  00  00  00  00  00 | 00  00  00  00  00  00  00  00 
-C0-  00  00  00  00  00  00  00  00 | 00  00  00  00  00  00  00  00 
-D0-  00  00  00  00  00  00  00  00 | 00  00  00  00  00  00  00  00 
-E0-  00  00  00  00  00  00  00  00 | 00  00  00  00  00  00  00  00 
-F0-  00  00  00  00  00  00  00  00 | 00  00  00  00  00  00  00  00 



BANK 1201
------00--01--02--03--04--05--06--07-|-08--09--0A--0B--0C--0D--0E--0F-
----------------------------------------------------------------------
-00-  00  00  00  00  00  00  00  00 | 00  00  00  00  00  00  00  00 
-10-  00  00  00  00  00  00  00  00 | 00  00  00  00  00  00  00  00 
-20-  00  00  00  00  00  00  00  00 | 00  00  00  00  00  00  00  00 
-30-  00  00  00  00  00  00  00  00 | 00  00  00  00  00  00  00  00 
-40-  00  00  00  00  00  00  00  00 | 00  00  00  00  00  00  00  00 
-50-  00  00  00  00  00  00  00  00 | 00  00  00  00  00  00  00  00 
-60-  00  00  00  00  00  00  00  00 | 00  00  00  00  00  00  00  00 
-70-  00  00  00  00  00  00  00  00 | 00  00  00  00  00  00  00  00 
-80-  00  00  00  00  00  00  00  00 | 00  00  00  00  00  00  00  00 
-90-  00  00  00  00  00  00  00  00 | 00  00  00  00  00  00  00  00 
-A0-  00  00  00  00  00  00  00  00 | 00  00  00  00  00  00  00  00 
-B0-  00  00  00  00  00  00  00  00 | 00  00  00  00  00  00  00  00 
-C0-  00  00  00  00  00  00  00  00 | 00  00  00  00  00  00  00  00 
-D0-  00  00  00  00  00  00  00  00 | 00  00  00  00  00  00  00  00 
-E0-  00  00  00  00  00  00  00  00 | 00  00  00  00  00  00  00  00 
-F0-  00  00  00  00  00  00  00  00 | 00  00  00  00  00  00  00  00 



BANK 1202
------00--01--02--03--04--05--06--07-|-08--09--0A--0B--0C--0D--0E--0F-
----------------------------------------------------------------------
-00-  00  00  00  00  00  00  00  00 | 00  00  00  00  00  00  00  00 
-10-  00  00  00  00  00  00  00  00 | 00  00  00  00  00  00  00  00 
-20-  00  00  00  00  00  00  00  00 | 00  00  00  00  00  00  00  00 
-30-  00  00  00  00  00  00  00  00 | 00  00  00  00  00  00  00  00 
-40-  00  00  00  00  00  00  00  00 | 00  00  00  00  00  00  00  00 
-50-  00  00  00  00  00  00  00  00 | 00  00  00  00  00  00  00  00 
-60-  00  00  00  00  00  00  00  00 | 00  00  00  00  00  00  00  00 
-70-  00  00  00  00  00  00  00  00 | 00  00  00  00  00  00  00  00 
-80-  00  00  00  00  00  00  00  00 | 00  00  00  00  00  00  00  00 
-90-  00  00  00  00  00  00  00  00 | 00  00  00  00  00  00  00  00 
-A0-  00  00  00  00  00  00  00  00 | 00  00  00  00  00  00  00  00 
-B0-  00  00  00  00  00  00  00  00 | 00  00  00  00  00  00  00  00 
-C0-  00  00  00  00  00  00  00  00 | 00  00  00  00  00  00  00  00 
-D0-  00  00  00  00  00  00  00  00 | 00  00  00  00  00  00  00  00 
-E0-  00  00  00  00  00  00  00  00 | 00  00  00  00  00  00  00  00 
-F0-  00  00  00  00  00  00  00  00 | 00  00  00  00  00  00  00  00 



BANK 1203
------00--01--02--03--04--05--06--07-|-08--09--0A--0B--0C--0D--0E--0F-
----------------------------------------------------------------------
-00-  00  00  00  00  00  00  00  00 | 00  00  00  00  00  00  00  00 
-10-  00  00  00  00  00  00  00  00 | 00  00  00  00  00  00  00  00 
-20-  00  00  00  00  00  00  00  00 | 00  00  00  00  00  00  00  00 
-30-  00  00  00  00  00  00  00  00 | 00  00  00  00  00  00  00  00 
-40-  00  00  00  00  00  00  00  00 | 00  00  00  00  00  00  00  00 
-50-  00  00  00  00  00  00  00  00 | 00  00  00  00  00  00  00  00 
-60-  00  00  00  00  00  00  00  00 | 00  00  00  00  00  00  00  00 
-70-  00  00  00  00  00  00  00  00 | 00  00  00  00  00  00  00  00 
-80-  00  00  00  00  00  00  00  00 | 00  00  00  00  00  00  00  00 
-90-  00  00  00  00  00  00  00  00 | 00  00  00  00  00  00  00  00 
-A0-  00  00  00  00  00  00  00  00 | 00  00  00  00  00  00  00  00 
-B0-  00  00  00  00  00  00  00  00 | 00  00  00  00  00  00  00  00 
-C0-  00  00  00  00  00  00  00  00 | 00  00  00  00  00  00  00  00 
-D0-  00  00  00  00  00  00  00  00 | 00  00  00  00  00  00  00  00 
-E0-  00  00  00  00  00  00  00  00 | 00  00  00  00  00  00  00  00 
-F0-  00  00  00  00  00  00  00  00 | 00  00  00  00  00  00  00  00 



BANK 1204
------00--01--02--03--04--05--06--07-|-08--09--0A--0B--0C--0D--0E--0F-
----------------------------------------------------------------------
-00-  00  00  00  00  00  00  00  00 | 00  00  00  00  00  00  00  00 
-10-  00  00  00  00  00  00  00  00 | 00  00  00  00  00  00  00  00 
-20-  00  00  00  00  00  00  00  00 | 00  00  00  00  00  00  00  00 
-30-  00  00  00  00  00  00  00  00 | 00  00  00  00  00  00  00  00 
-40-  00  00  00  00  00  00  00  00 | 00  00  00  00  00  00  00  00 
-50-  00  00  00  00  00  00  00  00 | 00  00  00  00  00  00  00  00 
-60-  00  00  00  00  00  00  00  00 | 00  00  00  00  00  00  00  00 
-70-  00  00  00  00  00  00  00  00 | 00  00  00  00  00  00  00  00 
-80-  00  00  00  00  00  00  00  00 | 00  00  00  00  00  00  00  00 
-90-  00  00  00  00  00  00  00  00 | 00  00  00  00  00  00  00  00 
-A0-  00  00  00  00  00  00  00  00 | 00  00  00  00  00  00  00  00 
-B0-  00  00  00  00  00  00  00  00 | 00  00  00  00  00  00  00  00 
-C0-  00  00  00  00  00  00  00  00 | 00  00  00  00  00  00  00  00 
-D0-  00  00  00  00  00  00  00  00 | 00  00  00  00  00  00  00  00 
-E0-  00  00  00  00  00  00  00  00 | 00  00  00  00  00  00  00  00 
-F0-  00  00  00  00  00  00  00  00 | 00  00  00  00  00  00  00  00 



BANK 1205
------00--01--02--03--04--05--06--07-|-08--09--0A--0B--0C--0D--0E--0F-
----------------------------------------------------------------------
-00-  00  00  00  00  00  00  00  00 | 00  00  00  00  00  00  00  00 
-10-  00  00  00  00  00  00  00  00 | 00  00  00  00  00  00  00  00 
-20-  00  00  00  00  00  00  00  00 | 00  00  00  00  00  00  00  00 
-30-  00  00  00  00  00  00  00  00 | 00  00  00  00  00  00  00  00 
-40-  00  00  00  00  00  00  00  00 | 00  00  00  00  00  00  00  00 
-50-  00  00  00  00  00  00  00  00 | 00  00  00  00  00  00  00  00 
-60-  00  00  00  00  00  00  00  00 | 00  00  00  00  00  00  00  00 
-70-  00  00  00  00  00  00  00  00 | 00  00  00  00  00  00  00  00 
-80-  00  00  00  00  00  00  00  00 | 00  00  00  00  00  00  00  00 
-90-  00  00  00  00  00  00  00  00 | 00  00  00  00  00  00  00  00 
-A0-  00  00  00  00  00  00  00  00 | 00  00  00  00  00  00  00  00 
-B0-  00  00  00  00  00  00  00  00 | 00  00  00  00  00  00  00  00 
-C0-  00  00  00  00  00  00  00  00 | 00  00  00  00  00  00  00  00 
-D0-  00  00  00  00  00  00  00  00 | 00  00  00  00  00  00  00  00 
-E0-  00  00  00  00  00  00  00  00 | 00  00  00  00  00  00  00  00 
-F0-  00  00  00  00  00  00  00  00 | 00  00  00  00  00  00  00  00 



BANK 1206
------00--01--02--03--04--05--06--07-|-08--09--0A--0B--0C--0D--0E--0F-
----------------------------------------------------------------------
-00-  00  00  00  00  00  00  00  00 | 00  00  00  00  00  00  00  00 
-10-  00  00  00  00  00  00  00  00 | 00  00  00  00  00  00  00  00 
-20-  00  00  00  00  00  00  00  00 | 00  00  00  00  00  00  00  00 
-30-  00  00  00  00  00  00  00  00 | 00  00  00  00  00  00  00  00 
-40-  00  00  00  00  00  00  00  00 | 00  00  00  00  00  00  00  00 
-50-  00  00  00  00  00  00  00  00 | 00  00  00  00  00  00  00  00 
-60-  00  00  00  00  00  00  00  00 | 00  00  00  00  00  00  00  00 
-70-  00  00  00  00  00  00  00  00 | 00  00  00  00  00  00  00  00 
-80-  00  00  00  00  00  00  00  00 | 00  00  00  00  00  00  00  00 
-90-  00  00  00  00  00  00  00  00 | 00  00  00  00  00  00  00  00 
-A0-  00  00  00  00  00  00  00  00 | 00  00  00  00  00  00  00  00 
-B0-  00  00  00  00  00  00  00  00 | 00  00  00  00  00  00  00  00 
-C0-  00  00  00  00  00  00  00  00 | 00  00  00  00  00  00  00  00 
-D0-  00  00  00  00  00  00  00  00 | 00  00  00  00  00  00  00  00 
-E0-  00  00  00  00  00  00  00  00 | 00  00  00  00  00  00  00  00 
-F0-  00  00  00  00  00  00  00  00 | 00  00  00  00  00  00  00  00 



BANK 1207
------00--01--02--03--04--05--06--07-|-08--09--0A--0B--0C--0D--0E--0F-
----------------------------------------------------------------------
-00-  00  00  00  00  00  00  00  00 | 00  00  00  00  00  00  00  00 
-10-  00  00  00  00  00  00  00  00 | 00  00  00  00  00  00  00  00 
-20-  00  00  00  00  00  00  00  00 | 00  00  00  00  00  00  00  00 
-30-  00  00  00  00  00  00  00  00 | 00  00  00  00  00  00  00  00 
-40-  00  00  00  00  00  00  00  00 | 00  00  00  00  00  00  00  00 
-50-  00  00  00  00  00  00  00  00 | 00  00  00  00  00  00  00  00 
-60-  00  00  00  00  00  00  00  00 | 00  00  00  00  00  00  00  00 
-70-  00  00  00  00  00  00  00  00 | 00  00  00  00  00  00  00  00 
-80-  00  00  00  00  00  00  00  00 | 00  00  00  00  00  00  00  00 
-90-  00  00  00  00  00  00  00  00 | 00  00  00  00  00  00  00  00 
-A0-  00  00  00  00  00  00  00  00 | 00  00  00  00  00  00  00  00 
-B0-  00  00  00  00  00  00  00  00 | 00  00  00  00  00  00  00  00 
-C0-  00  00  00  00  00  00  00  00 | 00  00  00  00  00  00  00  00 
-D0-  00  00  00  00  00  00  00  00 | 00  00  00  00  00  00  00  00 
-E0-  00  00  00  00  00  00  00  00 | 00  00  00  00  00  00  00  00 
-F0-  00  00  00  00  00  00  00  00 | 00  00  00  00  00  00  00  00 



BANK 1208
------00--01--02--03--04--05--06--07-|-08--09--0A--0B--0C--0D--0E--0F-
----------------------------------------------------------------------
-00-  00  00  00  00  00  00  00  00 | 00  00  00  00  00  00  00  00 
-10-  00  00  00  00  00  00  00  00 | 00  00  00  00  00  00  00  00 
-20-  00  00  00  00  00  00  00  00 | 00  00  00  00  00  00  00  00 
-30-  00  00  00  00  00  00  00  00 | 00  00  00  00  00  00  00  00 
-40-  00  00  00  00  00  00  00  00 | 00  00  00  00  00  00  00  00 
-50-  00  00  00  00  00  00  00  00 | 00  00  00  00  00  00  00  00 
-60-  00  00  00  00  00  00  00  00 | 00  00  00  00  00  00  00  00 
-70-  00  00  00  00  00  00  00  00 | 00  00  00  00  00  00  00  00 
-80-  00  00  00  00  00  00  00  00 | 00  00  00  00  00  00  00  00 
-90-  00  00  00  00  00  00  00  00 | 00  00  00  00  00  00  00  00 
-A0-  00  00  00  00  00  00  00  00 | 00  00  00  00  00  00  00  00 
-B0-  00  00  00  00  00  00  00  00 | 00  00  00  00  00  00  00  00 
-C0-  00  00  00  00  00  00  00  00 | 00  00  00  00  00  00  00  00 
-D0-  00  00  00  00  00  00  00  00 | 00  00  00  00  00  00  00  00 
-E0-  00  00  00  00  00  00  00  00 | 00  00  00  00  00  00  00  00 
-F0-  00  00  00  00  00  00  00  00 | 00  00  00  00  00  00  00  00 



BANK 1209
------00--01--02--03--04--05--06--07-|-08--09--0A--0B--0C--0D--0E--0F-
----------------------------------------------------------------------
-00-  00  00  00  00  00  00  00  00 | 00  00  00  00  00  00  00  00 
-10-  00  00  00  00  00  00  00  00 | 00  00  00  00  00  00  00  00 
-20-  00  00  00  00  00  00  00  00 | 00  00  00  00  00  00  00  00 
-30-  00  00  00  00  00  00  00  00 | 00  00  00  00  00  00  00  00 
-40-  00  00  00  00  00  00  00  00 | 00  00  00  00  00  00  00  00 
-50-  00  00  00  00  00  00  00  00 | 00  00  00  00  00  00  00  00 
-60-  00  00  00  00  00  00  00  00 | 00  00  00  00  00  00  00  00 
-70-  00  00  00  00  00  00  00  00 | 00  00  00  00  00  00  00  00 
-80-  00  00  00  00  00  00  00  00 | 00  00  00  00  00  00  00  00 
-90-  00  00  00  00  00  00  00  00 | 00  00  00  00  00  00  00  00 
-A0-  00  00  00  00  00  00  00  00 | 00  00  00  00  00  00  00  00 
-B0-  00  00  00  00  00  00  00  00 | 00  00  00  00  00  00  00  00 
-C0-  00  00  00  00  00  00  00  00 | 00  00  00  00  00  00  00  00 
-D0-  00  00  00  00  00  00  00  00 | 00  00  00  00  00  00  00  00 
-E0-  00  00  00  00  00  00  00  00 | 00  00  00  00  00  00  00  00 
-F0-  00  00  00  00  00  00  00  00 | 00  00  00  00  00  00  00  00 



BANK 120A
------00--01--02--03--04--05--06--07-|-08--09--0A--0B--0C--0D--0E--0F-
----------------------------------------------------------------------
-00-  00  00  00  00  00  00  00  00 | 00  00  00  00  00  00  00  00 
-10-  00  00  00  00  00  00  00  00 | 00  00  00  00  00  00  00  00 
-20-  00  00  00  00  00  00  00  00 | 00  00  00  00  00  00  00  00 
-30-  00  00  00  00  00  00  00  00 | 00  00  00  00  00  00  00  00 
-40-  00  00  00  00  00  00  00  00 | 00  00  00  00  00  00  00  00 
-50-  00  00  00  00  00  00  00  00 | 00  00  00  00  00  00  00  00 
-60-  00  00  00  00  00  00  00  00 | 00  00  00  00  00  00  00  00 
-70-  00  00  00  00  00  00  00  00 | 00  00  00  00  00  00  00  00 
-80-  00  00  00  00  00  00  00  00 | 00  00  00  00  00  00  00  00 
-90-  00  00  00  00  00  00  00  00 | 00  00  00  00  00  00  00  00 
-A0-  00  00  00  00  00  00  00  00 | 00  00  00  00  00  00  00  00 
-B0-  00  00  00  00  00  00  00  00 | 00  00  00  00  00  00  00  00 
-C0-  00  00  00  00  00  00  00  00 | 00  00  00  00  00  00  00  00 
-D0-  00  00  00  00  00  00  00  00 | 00  00  00  00  00  00  00  00 
-E0-  00  00  00  00  00  00  00  00 | 00  00  00  00  00  00  00  00 
-F0-  00  00  00  00  00  00  00  00 | 00  00  00  00  00  00  00  00 



BANK 120B
------00--01--02--03--04--05--06--07-|-08--09--0A--0B--0C--0D--0E--0F-
----------------------------------------------------------------------
-00-  00  00  00  00  00  00  00  00 | 00  00  00  00  00  00  00  00 
-10-  00  00  00  00  00  00  00  00 | 00  00  00  00  00  00  00  00 
-20-  00  00  00  00  00  00  00  00 | 00  00  00  00  00  00  00  00 
-30-  00  00  00  00  00  00  00  00 | 00  00  00  00  00  00  00  00 
-40-  00  00  00  00  00  00  00  00 | 00  00  00  00  00  00  00  00 
-50-  00  00  00  00  00  00  00  00 | 00  00  00  00  00  00  00  00 
-60-  00  00  00  00  00  00  00  00 | 00  00  00  00  00  00  00  00 
-70-  00  00  00  00  00  00  00  00 | 00  00  00  00  00  00  00  00 
-80-  00  00  00  00  00  00  00  00 | 00  00  00  00  00  00  00  00 
-90-  00  00  00  00  00  00  00  00 | 00  00  00  00  00  00  00  00 
-A0-  00  00  00  00  00  00  00  00 | 00  00  00  00  00  00  00  00 
-B0-  00  00  00  00  00  00  00  00 | 00  00  00  00  00  00  00  00 
-C0-  00  00  00  00  00  00  00  00 | 00  00  00  00  00  00  00  00 
-D0-  00  00  00  00  00  00  00  00 | 00  00  00  00  00  00  00  00 
-E0-  00  00  00  00  00  00  00  00 | 00  00  00  00  00  00  00  00 
-F0-  00  00  00  00  00  00  00  00 | 00  00  00  00  00  00  00  00 



BANK 120C
------00--01--02--03--04--05--06--07-|-08--09--0A--0B--0C--0D--0E--0F-
----------------------------------------------------------------------
-00-  00  00  00  00  00  00  00  00 | 00  00  00  00  00  00  00  00 
-10-  00  00  00  00  00  00  00  00 | 00  00  00  00  00  00  00  00 
-20-  00  00  00  00  00  00  00  00 | 00  00  00  00  00  00  00  00 
-30-  00  00  00  00  00  00  00  00 | 00  00  00  00  00  00  00  00 
-40-  00  00  00  00  00  00  00  00 | 00  00  00  00  00  00  00  00 
-50-  00  00  00  00  00  00  00  00 | 00  00  00  00  00  00  00  00 
-60-  00  00  00  00  00  00  00  00 | 00  00  00  00  00  00  00  00 
-70-  00  00  00  00  00  00  00  00 | 00  00  00  00  00  00  00  00 
-80-  00  00  00  00  00  00  00  00 | 00  00  00  00  00  00  00  00 
-90-  00  00  00  00  00  00  00  00 | 00  00  00  00  00  00  00  00 
-A0-  00  00  00  00  00  00  00  00 | 00  00  00  00  00  00  00  00 
-B0-  00  00  00  00  00  00  00  00 | 00  00  00  00  00  00  00  00 
-C0-  00  00  00  00  00  00  00  00 | 00  00  00  00  00  00  00  00 
-D0-  00  00  00  00  00  00  00  00 | 00  00  00  00  00  00  00  00 
-E0-  00  00  00  00  00  00  00  00 | 00  00  00  00  00  00  00  00 
-F0-  00  00  00  00  00  00  00  00 | 00  00  00  00  00  00  00  00 



BANK 120D
------00--01--02--03--04--05--06--07-|-08--09--0A--0B--0C--0D--0E--0F-
----------------------------------------------------------------------
-00-  00  00  00  00  00  00  00  00 | 00  00  00  00  00  00  00  00 
-10-  00  00  00  00  00  00  00  00 | 00  00  00  00  00  00  00  00 
-20-  00  00  00  00  00  00  00  00 | 00  00  00  00  00  00  00  00 
-30-  00  00  00  00  00  00  00  00 | 00  00  00  00  00  00  00  00 
-40-  00  00  00  00  00  00  00  00 | 00  00  00  00  00  00  00  00 
-50-  00  00  00  00  00  00  00  00 | 00  00  00  00  00  00  00  00 
-60-  00  00  00  00  00  00  00  00 | 00  00  00  00  00  00  00  00 
-70-  00  00  00  00  00  00  00  00 | 00  00  00  00  00  00  00  00 
-80-  00  00  00  00  00  00  00  00 | 00  00  00  00  00  00  00  00 
-90-  00  00  00  00  00  00  00  00 | 00  00  00  00  00  00  00  00 
-A0-  00  00  00  00  00  00  00  00 | 00  00  00  00  00  00  00  00 
-B0-  00  00  00  00  00  00  00  00 | 00  00  00  00  00  00  00  00 
-C0-  00  00  00  00  00  00  00  00 | 00  00  00  00  00  00  00  00 
-D0-  00  00  00  00  00  00  00  00 | 00  00  00  00  00  00  00  00 
-E0-  00  00  00  00  00  00  00  00 | 00  00  00  00  00  00  00  00 
-F0-  00  00  00  00  00  00  00  00 | 00  00  00  00  00  00  00  00 



BANK 120E
------00--01--02--03--04--05--06--07-|-08--09--0A--0B--0C--0D--0E--0F-
----------------------------------------------------------------------
-00-  00  00  00  00  00  00  00  00 | 00  00  00  00  00  00  00  00 
-10-  00  00  00  00  00  00  00  00 | 00  00  00  00  00  00  00  00 
-20-  00  00  00  00  00  00  00  00 | 00  00  00  00  00  00  00  00 
-30-  00  00  00  00  00  00  00  00 | 00  00  00  00  00  00  00  00 
-40-  00  00  00  00  00  00  00  00 | 00  00  00  00  00  00  00  00 
-50-  00  00  00  00  00  00  00  00 | 00  00  00  00  00  00  00  00 
-60-  00  00  00  00  00  00  00  00 | 00  00  00  00  00  00  00  00 
-70-  00  00  00  00  00  00  00  00 | 00  00  00  00  00  00  00  00 
-80-  00  00  00  00  00  00  00  00 | 00  00  00  00  00  00  00  00 
-90-  00  00  00  00  00  00  00  00 | 00  00  00  00  00  00  00  00 
-A0-  00  00  00  00  00  00  00  00 | 00  00  00  00  00  00  00  00 
-B0-  00  00  00  00  00  00  00  00 | 00  00  00  00  00  00  00  00 
-C0-  00  00  00  00  00  00  00  00 | 00  00  00  00  00  00  00  00 
-D0-  00  00  00  00  00  00  00  00 | 00  00  00  00  00  00  00  00 
-E0-  00  00  00  00  00  00  00  00 | 00  00  00  00  00  00  00  00 
-F0-  00  00  00  00  00  00  00  00 | 00  00  00  00  00  00  00  00 



BANK 120F
------00--01--02--03--04--05--06--07-|-08--09--0A--0B--0C--0D--0E--0F-
----------------------------------------------------------------------
-00-  00  00  00  00  00  00  00  00 | 00  00  00  00  00  00  00  00 
-10-  00  00  00  00  00  00  00  00 | 00  00  00  00  00  00  00  00 
-20-  00  00  00  00  00  00  00  00 | 00  00  00  00  00  00  00  00 
-30-  00  00  00  00  00  00  00  00 | 00  00  00  00  00  00  00  00 
-40-  00  00  00  00  00  00  00  00 | 00  00  00  00  00  00  00  00 
-50-  00  00  00  00  00  00  00  00 | 00  00  00  00  00  00  00  00 
-60-  00  00  00  00  00  00  00  00 | 00  00  00  00  00  00  00  00 
-70-  00  00  00  00  00  00  00  00 | 00  00  00  00  00  00  00  00 
-80-  00  00  00  00  00  00  00  00 | 00  00  00  00  00  00  00  00 
-90-  00  00  00  00  00  00  00  00 | 00  00  00  00  00  00  00  00 
-A0-  00  00  00  00  00  00  00  00 | 00  00  00  00  00  00  00  00 
-B0-  00  00  00  00  00  00  00  00 | 00  00  00  00  00  00  00  00 
-C0-  00  00  00  00  00  00  00  00 | 00  00  00  00  00  00  00  00 
-D0-  00  00  00  00  00  00  00  00 | 00  00  00  00  00  00  00  00 
-E0-  00  00  00  00  00  00  00  00 | 00  00  00  00  00  00  00  00 
-F0-  00  00  00  00  00  00  00  00 | 00  00  00  00  00  00  00  00 



BANK 1210
------00--01--02--03--04--05--06--07-|-08--09--0A--0B--0C--0D--0E--0F-
----------------------------------------------------------------------
-00-  00  00  00  00  00  00  00  00 | 00  00  00  00  00  00  00  00 
-10-  00  00  00  00  00  00  00  00 | 00  00  00  00  00  00  00  00 
-20-  00  00  00  00  00  00  00  00 | 00  00  00  00  00  00  00  00 
-30-  00  00  00  00  00  00  00  00 | 00  00  00  00  00  00  00  00 
-40-  00  00  00  00  00  00  00  00 | 00  00  00  00  00  00  00  00 
-50-  00  00  00  00  00  00  00  00 | 00  00  00  00  00  00  00  00 
-60-  00  00  00  00  00  00  00  00 | 00  00  00  00  00  00  00  00 
-70-  00  00  00  00  00  00  00  00 | 00  00  00  00  00  00  00  00 
-80-  00  00  00  00  00  00  00  00 | 00  00  00  00  00  00  00  00 
-90-  00  00  00  00  00  00  00  00 | 00  00  00  00  00  00  00  00 
-A0-  00  00  00  00  00  00  00  00 | 00  00  00  00  00  00  00  00 
-B0-  00  00  00  00  00  00  00  00 | 00  00  00  00  00  00  00  00 
-C0-  00  00  00  00  00  00  00  00 | 00  00  00  00  00  00  00  00 
-D0-  00  00  00  00  00  00  00  00 | 00  00  00  00  00  00  00  00 
-E0-  00  00  00  00  00  00  00  00 | 00  00  00  00  00  00  00  00 
-F0-  00  00  00  00  00  00  00  00 | 00  00  00  00  00  00  00  00 



BANK 1211
------00--01--02--03--04--05--06--07-|-08--09--0A--0B--0C--0D--0E--0F-
----------------------------------------------------------------------
-00-  00  00  00  00  00  00  00  00 | 00  00  00  00  00  00  00  00 
-10-  00  00  00  00  00  00  00  00 | 00  00  00  00  00  00  00  00 
-20-  00  00  00  00  00  00  00  00 | 00  00  00  00  00  00  00  00 
-30-  00  00  00  00  00  00  00  00 | 00  00  00  00  00  00  00  00 
-40-  00  00  00  00  00  00  00  00 | 00  00  00  00  00  00  00  00 
-50-  00  00  00  00  00  00  00  00 | 00  00  00  00  00  00  00  00 
-60-  00  00  00  00  00  00  00  00 | 00  00  00  00  00  00  00  00 
-70-  00  00  00  00  00  00  00  00 | 00  00  00  00  00  00  00  00 
-80-  00  00  00  00  00  00  00  00 | 00  00  00  00  00  00  00  00 
-90-  00  00  00  00  00  00  00  00 | 00  00  00  00  00  00  00  00 
-A0-  00  00  00  00  00  00  00  00 | 00  00  00  00  00  00  00  00 
-B0-  00  00  00  00  00  00  00  00 | 00  00  00  00  00  00  00  00 
-C0-  00  00  00  00  00  00  00  00 | 00  00  00  00  00  00  00  00 
-D0-  00  00  00  00  00  00  00  00 | 00  00  00  00  00  00  00  00 
-E0-  00  00  00  00  00  00  00  00 | 00  00  00  00  00  00  00  00 
-F0-  00  00  00  00  00  00  00  00 | 00  00  00  00  00  00  00  00 



BANK 1212
------00--01--02--03--04--05--06--07-|-08--09--0A--0B--0C--0D--0E--0F-
----------------------------------------------------------------------
-00-  00  00  00  00  00  00  00  00 | 00  00  00  00  00  00  00  00 
-10-  00  00  00  00  00  00  00  00 | 00  00  00  00  00  00  00  00 
-20-  00  00  00  00  00  00  00  00 | 00  00  00  00  00  00  00  00 
-30-  00  00  00  00  00  00  00  00 | 00  00  00  00  00  00  00  00 
-40-  00  00  00  00  00  00  00  00 | 00  00  00  00  00  00  00  00 
-50-  00  00  00  00  00  00  00  00 | 00  00  00  00  00  00  00  00 
-60-  00  00  00  00  00  00  00  00 | 00  00  00  00  00  00  00  00 
-70-  00  00  00  00  00  00  00  00 | 00  00  00  00  00  00  00  00 
-80-  00  00  00  00  00  00  00  00 | 00  00  00  00  00  00  00  00 
-90-  00  00  00  00  00  00  00  00 | 00  00  00  00  00  00  00  00 
-A0-  00  00  00  00  00  00  00  00 | 00  00  00  00  00  00  00  00 
-B0-  00  00  00  00  00  00  00  00 | 00  00  00  00  00  00  00  00 
-C0-  00  00  00  00  00  00  00  00 | 00  00  00  00  00  00  00  00 
-D0-  00  00  00  00  00  00  00  00 | 00  00  00  00  00  00  00  00 
-E0-  00  00  00  00  00  00  00  00 | 00  00  00  00  00  00  00  00 
-F0-  00  00  00  00  00  00  00  00 | 00  00  00  00  00  00  00  00 



BANK 1213
------00--01--02--03--04--05--06--07-|-08--09--0A--0B--0C--0D--0E--0F-
----------------------------------------------------------------------
-00-  00  00  00  00  00  00  00  00 | 00  00  00  00  00  00  00  00 
-10-  00  00  00  00  00  00  00  00 | 00  00  00  00  00  00  00  00 
-20-  00  00  00  00  00  00  00  00 | 00  00  00  00  00  00  00  00 
-30-  00  00  00  00  00  00  00  00 | 00  00  00  00  00  00  00  00 
-40-  00  00  00  00  00  00  00  00 | 00  00  00  00  00  00  00  00 
-50-  00  00  00  00  00  00  00  00 | 00  00  00  00  00  00  00  00 
-60-  00  00  00  00  00  00  00  00 | 00  00  00  00  00  00  00  00 
-70-  00  00  00  00  00  00  00  00 | 00  00  00  00  00  00  00  00 
-80-  00  00  00  00  00  00  00  00 | 00  00  00  00  00  00  00  00 
-90-  00  00  00  00  00  00  00  00 | 00  00  00  00  00  00  00  00 
-A0-  00  00  00  00  00  00  00  00 | 00  00  00  00  00  00  00  00 
-B0-  00  00  00  00  00  00  00  00 | 00  00  00  00  00  00  00  00 
-C0-  00  00  00  00  00  00  00  00 | 00  00  00  00  00  00  00  00 
-D0-  00  00  00  00  00  00  00  00 | 00  00  00  00  00  00  00  00 
-E0-  00  00  00  00  00  00  00  00 | 00  00  00  00  00  00  00  00 
-F0-  00  00  00  00  00  00  00  00 | 00  00  00  00  00  00  00  00 



BANK 1214
------00--01--02--03--04--05--06--07-|-08--09--0A--0B--0C--0D--0E--0F-
----------------------------------------------------------------------
-00-  00  00  00  00  00  00  00  00 | 00  00  00  00  00  00  00  00 
-10-  00  00  00  00  00  00  00  00 | 00  00  00  00  00  00  00  00 
-20-  00  00  00  00  00  00  00  00 | 00  00  00  00  00  00  00  00 
-30-  00  00  00  00  00  00  00  00 | 00  00  00  00  00  00  00  00 
-40-  00  00  00  00  00  00  00  00 | 00  00  00  00  00  00  00  00 
-50-  00  00  00  00  00  00  00  00 | 00  00  00  00  00  00  00  00 
-60-  00  00  00  00  00  00  00  00 | 00  00  00  00  00  00  00  00 
-70-  00  00  00  00  00  00  00  00 | 00  00  00  00  00  00  00  00 
-80-  00  00  00  00  00  00  00  00 | 00  00  00  00  00  00  00  00 
-90-  00  00  00  00  00  00  00  00 | 00  00  00  00  00  00  00  00 
-A0-  00  00  00  00  00  00  00  00 | 00  00  00  00  00  00  00  00 
-B0-  00  00  00  00  00  00  00  00 | 00  00  00  00  00  00  00  00 
-C0-  00  00  00  00  00  00  00  00 | 00  00  00  00  00  00  00  00 
-D0-  00  00  00  00  00  00  00  00 | 00  00  00  00  00  00  00  00 
-E0-  00  00  00  00  00  00  00  00 | 00  00  00  00  00  00  00  00 
-F0-  00  00  00  00  00  00  00  00 | 00  00  00  00  00  00  00  00 



BANK 1215
------00--01--02--03--04--05--06--07-|-08--09--0A--0B--0C--0D--0E--0F-
----------------------------------------------------------------------
-00-  00  00  00  00  00  00  00  00 | 00  00  00  00  00  00  00  00 
-10-  00  00  00  00  00  00  00  00 | 00  00  00  00  00  00  00  00 
-20-  00  00  00  00  00  00  00  00 | 00  00  00  00  00  00  00  00 
-30-  00  00  00  00  00  00  00  00 | 00  00  00  00  00  00  00  00 
-40-  00  00  00  00  00  00  00  00 | 00  00  00  00  00  00  00  00 
-50-  00  00  00  00  00  00  00  00 | 00  00  00  00  00  00  00  00 
-60-  00  00  00  00  00  00  00  00 | 00  00  00  00  00  00  00  00 
-70-  00  00  00  00  00  00  00  00 | 00  00  00  00  00  00  00  00 
-80-  00  00  00  00  00  00  00  00 | 00  00  00  00  00  00  00  00 
-90-  00  00  00  00  00  00  00  00 | 00  00  00  00  00  00  00  00 
-A0-  00  00  00  00  00  00  00  00 | 00  00  00  00  00  00  00  00 
-B0-  00  00  00  00  00  00  00  00 | 00  00  00  00  00  00  00  00 
-C0-  00  00  00  00  00  00  00  00 | 00  00  00  00  00  00  00  00 
-D0-  00  00  00  00  00  00  00  00 | 00  00  00  00  00  00  00  00 
-E0-  00  00  00  00  00  00  00  00 | 00  00  00  00  00  00  00  00 
-F0-  00  00  00  00  00  00  00  00 | 00  00  00  00  00  00  00  00 



BANK 1216
------00--01--02--03--04--05--06--07-|-08--09--0A--0B--0C--0D--0E--0F-
----------------------------------------------------------------------
-00-  00  00  00  00  00  00  00  00 | 00  00  00  00  00  00  00  00 
-10-  00  00  00  00  00  00  00  00 | 00  00  00  00  00  00  00  00 
-20-  00  00  00  00  00  00  00  00 | 00  00  00  00  00  00  00  00 
-30-  00  00  00  00  00  00  00  00 | 00  00  00  00  00  00  00  00 
-40-  00  00  00  00  00  00  00  00 | 00  00  00  00  00  00  00  00 
-50-  00  00  00  00  00  00  00  00 | 00  00  00  00  00  00  00  00 
-60-  00  00  00  00  00  00  00  00 | 00  00  00  00  00  00  00  00 
-70-  00  00  00  00  00  00  00  00 | 00  00  00  00  00  00  00  00 
-80-  00  00  00  00  00  00  00  00 | 00  00  00  00  00  00  00  00 
-90-  00  00  00  00  00  00  00  00 | 00  00  00  00  00  00  00  00 
-A0-  00  00  00  00  00  00  00  00 | 00  00  00  00  00  00  00  00 
-B0-  00  00  00  00  00  00  00  00 | 00  00  00  00  00  00  00  00 
-C0-  00  00  00  00  00  00  00  00 | 00  00  00  00  00  00  00  00 
-D0-  00  00  00  00  00  00  00  00 | 00  00  00  00  00  00  00  00 
-E0-  00  00  00  00  00  00  00  00 | 00  00  00  00  00  00  00  00 
-F0-  00  00  00  00  00  00  00  00 | 00  00  00  00  00  00  00  00 



BANK 1217
------00--01--02--03--04--05--06--07-|-08--09--0A--0B--0C--0D--0E--0F-
----------------------------------------------------------------------
-00-  00  00  00  00  00  00  00  00 | 00  00  00  00  00  00  00  00 
-10-  00  00  00  00  00  00  00  00 | 00  00  00  00  00  00  00  00 
-20-  00  00  00  00  00  00  00  00 | 00  00  00  00  00  00  00  00 
-30-  00  00  00  00  00  00  00  00 | 00  00  00  00  00  00  00  00 
-40-  00  00  00  00  00  00  00  00 | 00  00  00  00  00  00  00  00 
-50-  00  00  00  00  00  00  00  00 | 00  00  00  00  00  00  00  00 
-60-  00  00  00  00  00  00  00  00 | 00  00  00  00  00  00  00  00 
-70-  00  00  00  00  00  00  00  00 | 00  00  00  00  00  00  00  00 
-80-  00  00  00  00  00  00  00  00 | 00  00  00  00  00  00  00  00 
-90-  00  00  00  00  00  00  00  00 | 00  00  00  00  00  00  00  00 
-A0-  00  00  00  00  00  00  00  00 | 00  00  00  00  00  00  00  00 
-B0-  00  00  00  00  00  00  00  00 | 00  00  00  00  00  00  00  00 
-C0-  00  00  00  00  00  00  00  00 | 00  00  00  00  00  00  00  00 
-D0-  00  00  00  00  00  00  00  00 | 00  00  00  00  00  00  00  00 
-E0-  00  00  00  00  00  00  00  00 | 00  00  00  00  00  00  00  00 
-F0-  00  00  00  00  00  00  00  00 | 00  00  00  00  00  00  00  00 



BANK 1218
------00--01--02--03--04--05--06--07-|-08--09--0A--0B--0C--0D--0E--0F-
----------------------------------------------------------------------
-00-  00  00  00  00  00  00  00  00 | 00  00  00  00  00  00  00  00 
-10-  00  00  00  00  00  00  00  00 | 00  00  00  00  00  00  00  00 
-20-  00  00  00  00  00  00  00  00 | 00  00  00  00  00  00  00  00 
-30-  00  00  00  00  00  00  00  00 | 00  00  00  00  00  00  00  00 
-40-  00  00  00  00  00  00  00  00 | 00  00  00  00  00  00  00  00 
-50-  00  00  00  00  00  00  00  00 | 00  00  00  00  00  00  00  00 
-60-  00  00  00  00  00  00  00  00 | 00  00  00  00  00  00  00  00 
-70-  00  00  00  00  00  00  00  00 | 00  00  00  00  00  00  00  00 
-80-  00  00  00  00  00  00  00  00 | 00  00  00  00  00  00  00  00 
-90-  00  00  00  00  00  00  00  00 | 00  00  00  00  00  00  00  00 
-A0-  00  00  00  00  00  00  00  00 | 00  00  00  00  00  00  00  00 
-B0-  00  00  00  00  00  00  00  00 | 00  00  00  00  00  00  00  00 
-C0-  00  00  00  00  00  00  00  00 | 00  00  00  00  00  00  00  00 
-D0-  00  00  00  00  00  00  00  00 | 00  00  00  00  00  00  00  00 
-E0-  00  00  00  00  00  00  00  00 | 00  00  00  00  00  00  00  00 
-F0-  00  00  00  00  00  00  00  00 | 00  00  00  00  00  00  00  00 



BANK 1219
------00--01--02--03--04--05--06--07-|-08--09--0A--0B--0C--0D--0E--0F-
----------------------------------------------------------------------
-00-  00  00  00  00  00  00  00  00 | 00  00  00  00  00  00  00  00 
-10-  00  00  00  00  00  00  00  00 | 00  00  00  00  00  00  00  00 
-20-  00  00  00  00  00  00  00  00 | 00  00  00  00  00  00  00  00 
-30-  00  00  00  00  00  00  00  00 | 00  00  00  00  00  00  00  00 
-40-  00  00  00  00  00  00  00  00 | 00  00  00  00  00  00  00  00 
-50-  00  00  00  00  00  00  00  00 | 00  00  00  00  00  00  00  00 
-60-  00  00  00  00  00  00  00  00 | 00  00  00  00  00  00  00  00 
-70-  00  00  00  00  00  00  00  00 | 00  00  00  00  00  00  00  00 
-80-  00  00  00  00  00  00  00  00 | 00  00  00  00  00  00  00  00 
-90-  00  00  00  00  00  00  00  00 | 00  00  00  00  00  00  00  00 
-A0-  00  00  00  00  00  00  00  00 | 00  00  00  00  00  00  00  00 
-B0-  00  00  00  00  00  00  00  00 | 00  00  00  00  00  00  00  00 
-C0-  00  00  00  00  00  00  00  00 | 00  00  00  00  00  00  00  00 
-D0-  00  00  00  00  00  00  00  00 | 00  00  00  00  00  00  00  00 
-E0-  00  00  00  00  00  00  00  00 | 00  00  00  00  00  00  00  00 
-F0-  00  00  00  00  00  00  00  00 | 00  00  00  00  00  00  00  00 



BANK 121A
------00--01--02--03--04--05--06--07-|-08--09--0A--0B--0C--0D--0E--0F-
----------------------------------------------------------------------
-00-  00  00  00  00  00  00  00  00 | 00  00  00  00  00  00  00  00 
-10-  00  00  00  00  00  00  00  00 | 00  00  00  00  00  00  00  00 
-20-  00  00  00  00  00  00  00  00 | 00  00  00  00  00  00  00  00 
-30-  00  00  00  00  00  00  00  00 | 00  00  00  00  00  00  00  00 
-40-  00  00  00  00  00  00  00  00 | 00  00  00  00  00  00  00  00 
-50-  00  00  00  00  00  00  00  00 | 00  00  00  00  00  00  00  00 
-60-  00  00  00  00  00  00  00  00 | 00  00  00  00  00  00  00  00 
-70-  00  00  00  00  00  00  00  00 | 00  00  00  00  00  00  00  00 
-80-  00  00  00  00  00  00  00  00 | 00  00  00  00  00  00  00  00 
-90-  00  00  00  00  00  00  00  00 | 00  00  00  00  00  00  00  00 
-A0-  00  00  00  00  00  00  00  00 | 00  00  00  00  00  00  00  00 
-B0-  00  00  00  00  00  00  00  00 | 00  00  00  00  00  00  00  00 
-C0-  00  00  00  00  00  00  00  00 | 00  00  00  00  00  00  00  00 
-D0-  00  00  00  00  00  00  00  00 | 00  00  00  00  00  00  00  00 
-E0-  00  00  00  00  00  00  00  00 | 00  00  00  00  00  00  00  00 
-F0-  00  00  00  00  00  00  00  00 | 00  00  00  00  00  00  00  00 



BANK 121B
------00--01--02--03--04--05--06--07-|-08--09--0A--0B--0C--0D--0E--0F-
----------------------------------------------------------------------
-00-  00  00  00  00  00  00  00  00 | 00  00  00  00  00  00  00  00 
-10-  00  00  00  00  00  00  00  00 | 00  00  00  00  00  00  00  00 
-20-  00  00  00  00  00  00  00  00 | 00  00  00  00  00  00  00  00 
-30-  00  00  00  00  00  00  00  00 | 00  00  00  00  00  00  00  00 
-40-  00  00  00  00  00  00  00  00 | 00  00  00  00  00  00  00  00 
-50-  00  00  00  00  00  00  00  00 | 00  00  00  00  00  00  00  00 
-60-  00  00  00  00  00  00  00  00 | 00  00  00  00  00  00  00  00 
-70-  00  00  00  00  00  00  00  00 | 00  00  00  00  00  00  00  00 
-80-  00  00  00  00  00  00  00  00 | 00  00  00  00  00  00  00  00 
-90-  00  00  00  00  00  00  00  00 | 00  00  00  00  00  00  00  00 
-A0-  00  00  00  00  00  00  00  00 | 00  00  00  00  00  00  00  00 
-B0-  00  00  00  00  00  00  00  00 | 00  00  00  00  00  00  00  00 
-C0-  00  00  00  00  00  00  00  00 | 00  00  00  00  00  00  00  00 
-D0-  00  00  00  00  00  00  00  00 | 00  00  00  00  00  00  00  00 
-E0-  00  00  00  00  00  00  00  00 | 00  00  00  00  00  00  00  00 
-F0-  00  00  00  00  00  00  00  00 | 00  00  00  00  00  00  00  00 



BANK 121C
------00--01--02--03--04--05--06--07-|-08--09--0A--0B--0C--0D--0E--0F-
----------------------------------------------------------------------
-00-  00  00  00  00  00  00  00  00 | 00  00  00  00  00  00  00  00 
-10-  00  00  00  00  00  00  00  00 | 00  00  00  00  00  00  00  00 
-20-  00  00  00  00  00  00  00  00 | 00  00  00  00  00  00  00  00 
-30-  00  00  00  00  00  00  00  00 | 00  00  00  00  00  00  00  00 
-40-  00  00  00  00  00  00  00  00 | 00  00  00  00  00  00  00  00 
-50-  00  00  00  00  00  00  00  00 | 00  00  00  00  00  00  00  00 
-60-  00  00  00  00  00  00  00  00 | 00  00  00  00  00  00  00  00 
-70-  00  00  00  00  00  00  00  00 | 00  00  00  00  00  00  00  00 
-80-  00  00  00  00  00  00  00  00 | 00  00  00  00  00  00  00  00 
-90-  00  00  00  00  00  00  00  00 | 00  00  00  00  00  00  00  00 
-A0-  00  00  00  00  00  00  00  00 | 00  00  00  00  00  00  00  00 
-B0-  00  00  00  00  00  00  00  00 | 00  00  00  00  00  00  00  00 
-C0-  00  00  00  00  00  00  00  00 | 00  00  00  00  00  00  00  00 
-D0-  00  00  00  00  00  00  00  00 | 00  00  00  00  00  00  00  00 
-E0-  00  00  00  00  00  00  00  00 | 00  00  00  00  00  00  00  00 
-F0-  00  00  00  00  00  00  00  00 | 00  00  00  00  00  00  00  00 



BANK 121D
------00--01--02--03--04--05--06--07-|-08--09--0A--0B--0C--0D--0E--0F-
----------------------------------------------------------------------
-00-  00  00  00  00  00  00  00  00 | 00  00  00  00  00  00  00  00 
-10-  00  00  00  00  00  00  00  00 | 00  00  00  00  00  00  00  00 
-20-  00  00  00  00  00  00  00  00 | 00  00  00  00  00  00  00  00 
-30-  00  00  00  00  00  00  00  00 | 00  00  00  00  00  00  00  00 
-40-  00  00  00  00  00  00  00  00 | 00  00  00  00  00  00  00  00 
-50-  00  00  00  00  00  00  00  00 | 00  00  00  00  00  00  00  00 
-60-  00  00  00  00  00  00  00  00 | 00  00  00  00  00  00  00  00 
-70-  00  00  00  00  00  00  00  00 | 00  00  00  00  00  00  00  00 
-80-  00  00  00  00  00  00  00  00 | 00  00  00  00  00  00  00  00 
-90-  00  00  00  00  00  00  00  00 | 00  00  00  00  00  00  00  00 
-A0-  00  00  00  00  00  00  00  00 | 00  00  00  00  00  00  00  00 
-B0-  00  00  00  00  00  00  00  00 | 00  00  00  00  00  00  00  00 
-C0-  00  00  00  00  00  00  00  00 | 00  00  00  00  00  00  00  00 
-D0-  00  00  00  00  00  00  00  00 | 00  00  00  00  00  00  00  00 
-E0-  00  00  00  00  00  00  00  00 | 00  00  00  00  00  00  00  00 
-F0-  00  00  00  00  00  00  00  00 | 00  00  00  00  00  00  00  00 



BANK 121E
------00--01--02--03--04--05--06--07-|-08--09--0A--0B--0C--0D--0E--0F-
----------------------------------------------------------------------
-00-  00  00  00  00  00  00  00  00 | 00  00  00  00  00  00  00  00 
-10-  00  00  00  00  00  00  00  00 | 00  00  00  00  00  00  00  00 
-20-  00  00  00  00  00  00  00  00 | 00  00  00  00  00  00  00  00 
-30-  00  00  00  00  00  00  00  00 | 00  00  00  00  00  00  00  00 
-40-  00  00  00  00  00  00  00  00 | 00  00  00  00  00  00  00  00 
-50-  00  00  00  00  00  00  00  00 | 00  00  00  00  00  00  00  00 
-60-  00  00  00  00  00  00  00  00 | 00  00  00  00  00  00  00  00 
-70-  00  00  00  00  00  00  00  00 | 00  00  00  00  00  00  00  00 
-80-  00  00  00  00  00  00  00  00 | 00  00  00  00  00  00  00  00 
-90-  00  00  00  00  00  00  00  00 | 00  00  00  00  00  00  00  00 
-A0-  00  00  00  00  00  00  00  00 | 00  00  00  00  00  00  00  00 
-B0-  00  00  00  00  00  00  00  00 | 00  00  00  00  00  00  00  00 
-C0-  00  00  00  00  00  00  00  00 | 00  00  00  00  00  00  00  00 
-D0-  00  00  00  00  00  00  00  00 | 00  00  00  00  00  00  00  00 
-E0-  00  00  00  00  00  00  00  00 | 00  00  00  00  00  00  00  00 
-F0-  00  00  00  00  00  00  00  00 | 00  00  00  00  00  00  00  00 



BANK 121F
------00--01--02--03--04--05--06--07-|-08--09--0A--0B--0C--0D--0E--0F-
----------------------------------------------------------------------
-00-  00  00  00  00  00  00  00  00 | 00  00  00  00  00  00  00  00 
-10-  00  00  00  00  00  00  00  00 | 00  00  00  00  00  00  00  00 
-20-  00  00  00  00  00  00  00  00 | 00  00  00  00  00  00  00  00 
-30-  00  00  00  00  00  00  00  00 | 00  00  00  00  00  00  00  00 
-40-  00  00  00  00  00  00  00  00 | 00  00  00  00  00  00  00  00 
-50-  00  00  00  00  00  00  00  00 | 00  00  00  00  00  00  00  00 
-60-  00  00  00  00  00  00  00  00 | 00  00  00  00  00  00  00  00 
-70-  00  00  00  00  00  00  00  00 | 00  00  00  00  00  00  00  00 
-80-  00  00  00  00  00  00  00  00 | 00  00  00  00  00  00  00  00 
-90-  00  00  00  00  00  00  00  00 | 00  00  00  00  00  00  00  00 
-A0-  00  00  00  00  00  00  00  00 | 00  00  00  00  00  00  00  00 
-B0-  00  00  00  00  00  00  00  00 | 00  00  00  00  00  00  00  00 
-C0-  00  00  00  00  00  00  00  00 | 00  00  00  00  00  00  00  00 
-D0-  00  00  00  00  00  00  00  00 | 00  00  00  00  00  00  00  00 
-E0-  00  00  00  00  00  00  00  00 | 00  00  00  00  00  00  00  00 
-F0-  00  00  00  00  00  00  00  00 | 00  00  00  00  00  00  00  00 



BANK 1220
------00--01--02--03--04--05--06--07-|-08--09--0A--0B--0C--0D--0E--0F-
----------------------------------------------------------------------
-00-  00  00  00  00  00  00  00  00 | 00  00  00  00  00  00  00  00 
-10-  00  00  00  00  00  00  00  00 | 00  00  00  00  00  00  00  00 
-20-  00  00  00  00  00  00  00  00 | 00  00  00  00  00  00  00  00 
-30-  00  00  00  00  00  00  00  00 | 00  00  00  00  00  00  00  00 
-40-  00  00  00  00  00  00  00  00 | 00  00  00  00  00  00  00  00 
-50-  00  00  00  00  00  00  00  00 | 00  00  00  00  00  00  00  00 
-60-  00  00  00  00  00  00  00  00 | 00  00  00  00  00  00  00  00 
-70-  00  00  00  00  00  00  00  00 | 00  00  00  00  00  00  00  00 
-80-  00  00  00  00  00  00  00  00 | 00  00  00  00  00  00  00  00 
-90-  00  00  00  00  00  00  00  00 | 00  00  00  00  00  00  00  00 
-A0-  00  00  00  00  00  00  00  00 | 00  00  00  00  00  00  00  00 
-B0-  00  00  00  00  00  00  00  00 | 00  00  00  00  00  00  00  00 
-C0-  00  00  00  00  00  00  00  00 | 00  00  00  00  00  00  00  00 
-D0-  00  00  00  00  00  00  00  00 | 00  00  00  00  00  00  00  00 
-E0-  00  00  00  00  00  00  00  00 | 00  00  00  00  00  00  00  00 
-F0-  00  00  00  00  00  00  00  00 | 00  00  00  00  00  00  00  00 



BANK 1221
------00--01--02--03--04--05--06--07-|-08--09--0A--0B--0C--0D--0E--0F-
----------------------------------------------------------------------
-00-  00  00  00  00  00  00  00  00 | 00  00  00  00  00  00  00  00 
-10-  00  00  00  00  00  00  00  00 | 00  00  00  00  00  00  00  00 
-20-  00  00  00  00  00  00  00  00 | 00  00  00  00  00  00  00  00 
-30-  00  00  00  00  00  00  00  00 | 00  00  00  00  00  00  00  00 
-40-  00  00  00  00  00  00  00  00 | 00  00  00  00  00  00  00  00 
-50-  00  00  00  00  00  00  00  00 | 00  00  00  00  00  00  00  00 
-60-  00  00  00  00  00  00  00  00 | 00  00  00  00  00  00  00  00 
-70-  00  00  00  00  00  00  00  00 | 00  00  00  00  00  00  00  00 
-80-  00  00  00  00  00  00  00  00 | 00  00  00  00  00  00  00  00 
-90-  00  00  00  00  00  00  00  00 | 00  00  00  00  00  00  00  00 
-A0-  00  00  00  00  00  00  00  00 | 00  00  00  00  00  00  00  00 
-B0-  00  00  00  00  00  00  00  00 | 00  00  00  00  00  00  00  00 
-C0-  00  00  00  00  00  00  00  00 | 00  00  00  00  00  00  00  00 
-D0-  00  00  00  00  00  00  00  00 | 00  00  00  00  00  00  00  00 
-E0-  00  00  00  00  00  00  00  00 | 00  00  00  00  00  00  00  00 
-F0-  00  00  00  00  00  00  00  00 | 00  00  00  00  00  00  00  00 



BANK 1222
------00--01--02--03--04--05--06--07-|-08--09--0A--0B--0C--0D--0E--0F-
----------------------------------------------------------------------
-00-  00  00  00  00  00  00  00  00 | 00  00  00  00  00  00  00  00 
-10-  00  00  00  00  00  00  00  00 | 00  00  00  00  00  00  00  00 
-20-  00  00  00  00  00  00  00  00 | 00  00  00  00  00  00  00  00 
-30-  00  00  00  00  00  00  00  00 | 00  00  00  00  00  00  00  00 
-40-  00  00  00  00  00  00  00  00 | 00  00  00  00  00  00  00  00 
-50-  00  00  00  00  00  00  00  00 | 00  00  00  00  00  00  00  00 
-60-  00  00  00  00  00  00  00  00 | 00  00  00  00  00  00  00  00 
-70-  00  00  00  00  00  00  00  00 | 00  00  00  00  00  00  00  00 
-80-  00  00  00  00  00  00  00  00 | 00  00  00  00  00  00  00  00 
-90-  00  00  00  00  00  00  00  00 | 00  00  00  00  00  00  00  00 
-A0-  00  00  00  00  00  00  00  00 | 00  00  00  00  00  00  00  00 
-B0-  00  00  00  00  00  00  00  00 | 00  00  00  00  00  00  00  00 
-C0-  00  00  00  00  00  00  00  00 | 00  00  00  00  00  00  00  00 
-D0-  00  00  00  00  00  00  00  00 | 00  00  00  00  00  00  00  00 
-E0-  00  00  00  00  00  00  00  00 | 00  00  00  00  00  00  00  00 
-F0-  00  00  00  00  00  00  00  00 | 00  00  00  00  00  00  00  00 



BANK 1223
------00--01--02--03--04--05--06--07-|-08--09--0A--0B--0C--0D--0E--0F-
----------------------------------------------------------------------
-00-  00  00  00  00  00  00  00  00 | 00  00  00  00  00  00  00  00 
-10-  00  00  00  00  00  00  00  00 | 00  00  00  00  00  00  00  00 
-20-  00  00  00  00  00  00  00  00 | 00  00  00  00  00  00  00  00 
-30-  00  00  00  00  00  00  00  00 | 00  00  00  00  00  00  00  00 
-40-  00  00  00  00  00  00  00  00 | 00  00  00  00  00  00  00  00 
-50-  00  00  00  00  00  00  00  00 | 00  00  00  00  00  00  00  00 
-60-  00  00  00  00  00  00  00  00 | 00  00  00  00  00  00  00  00 
-70-  00  00  00  00  00  00  00  00 | 00  00  00  00  00  00  00  00 
-80-  00  00  00  00  00  00  00  00 | 00  00  00  00  00  00  00  00 
-90-  00  00  00  00  00  00  00  00 | 00  00  00  00  00  00  00  00 
-A0-  00  00  00  00  00  00  00  00 | 00  00  00  00  00  00  00  00 
-B0-  00  00  00  00  00  00  00  00 | 00  00  00  00  00  00  00  00 
-C0-  00  00  00  00  00  00  00  00 | 00  00  00  00  00  00  00  00 
-D0-  00  00  00  00  00  00  00  00 | 00  00  00  00  00  00  00  00 
-E0-  00  00  00  00  00  00  00  00 | 00  00  00  00  00  00  00  00 
-F0-  00  00  00  00  00  00  00  00 | 00  00  00  00  00  00  00  00 



BANK 1224
------00--01--02--03--04--05--06--07-|-08--09--0A--0B--0C--0D--0E--0F-
----------------------------------------------------------------------
-00-  00  00  00  00  00  00  00  00 | 00  00  00  00  00  00  00  00 
-10-  00  00  00  00  00  00  00  00 | 00  00  00  00  00  00  00  00 
-20-  00  00  00  00  00  00  00  00 | 00  00  00  00  00  00  00  00 
-30-  00  00  00  00  00  00  00  00 | 00  00  00  00  00  00  00  00 
-40-  00  00  00  00  00  00  00  00 | 00  00  00  00  00  00  00  00 
-50-  00  00  00  00  00  00  00  00 | 00  00  00  00  00  00  00  00 
-60-  00  00  00  00  00  00  00  00 | 00  00  00  00  00  00  00  00 
-70-  00  00  00  00  00  00  00  00 | 00  00  00  00  00  00  00  00 
-80-  00  00  00  00  00  00  00  00 | 00  00  00  00  00  00  00  00 
-90-  00  00  00  00  00  00  00  00 | 00  00  00  00  00  00  00  00 
-A0-  00  00  00  00  00  00  00  00 | 00  00  00  00  00  00  00  00 
-B0-  00  00  00  00  00  00  00  00 | 00  00  00  00  00  00  00  00 
-C0-  00  00  00  00  00  00  00  00 | 00  00  00  00  00  00  00  00 
-D0-  00  00  00  00  00  00  00  00 | 00  00  00  00  00  00  00  00 
-E0-  00  00  00  00  00  00  00  00 | 00  00  00  00  00  00  00  00 
-F0-  00  00  00  00  00  00  00  00 | 00  00  00  00  00  00  00  00 



BANK 1225
------00--01--02--03--04--05--06--07-|-08--09--0A--0B--0C--0D--0E--0F-
----------------------------------------------------------------------
-00-  00  00  00  00  00  00  00  00 | 00  00  00  00  00  00  00  00 
-10-  00  00  00  00  00  00  00  00 | 00  00  00  00  00  00  00  00 
-20-  00  00  00  00  00  00  00  00 | 00  00  00  00  00  00  00  00 
-30-  00  00  00  00  00  00  00  00 | 00  00  00  00  00  00  00  00 
-40-  00  00  00  00  00  00  00  00 | 00  00  00  00  00  00  00  00 
-50-  00  00  00  00  00  00  00  00 | 00  00  00  00  00  00  00  00 
-60-  00  00  00  00  00  00  00  00 | 00  00  00  00  00  00  00  00 
-70-  00  00  00  00  00  00  00  00 | 00  00  00  00  00  00  00  00 
-80-  00  00  00  00  00  00  00  00 | 00  00  00  00  00  00  00  00 
-90-  00  00  00  00  00  00  00  00 | 00  00  00  00  00  00  00  00 
-A0-  00  00  00  00  00  00  00  00 | 00  00  00  00  00  00  00  00 
-B0-  00  00  00  00  00  00  00  00 | 00  00  00  00  00  00  00  00 
-C0-  00  00  00  00  00  00  00  00 | 00  00  00  00  00  00  00  00 
-D0-  00  00  00  00  00  00  00  00 | 00  00  00  00  00  00  00  00 
-E0-  00  00  00  00  00  00  00  00 | 00  00  00  00  00  00  00  00 
-F0-  00  00  00  00  00  00  00  00 | 00  00  00  00  00  00  00  00 



BANK 1226
------00--01--02--03--04--05--06--07-|-08--09--0A--0B--0C--0D--0E--0F-
----------------------------------------------------------------------
-00-  00  00  00  00  00  00  00  00 | 00  00  00  00  00  00  00  00 
-10-  00  00  00  00  00  00  00  00 | 00  00  00  00  00  00  00  00 
-20-  00  00  00  00  00  00  00  00 | 00  00  00  00  00  00  00  00 
-30-  00  00  00  00  00  00  00  00 | 00  00  00  00  00  00  00  00 
-40-  00  00  00  00  00  00  00  00 | 00  00  00  00  00  00  00  00 
-50-  00  00  00  00  00  00  00  00 | 00  00  00  00  00  00  00  00 
-60-  00  00  00  00  00  00  00  00 | 00  00  00  00  00  00  00  00 
-70-  00  00  00  00  00  00  00  00 | 00  00  00  00  00  00  00  00 
-80-  00  00  00  00  00  00  00  00 | 00  00  00  00  00  00  00  00 
-90-  00  00  00  00  00  00  00  00 | 00  00  00  00  00  00  00  00 
-A0-  00  00  00  00  00  00  00  00 | 00  00  00  00  00  00  00  00 
-B0-  00  00  00  00  00  00  00  00 | 00  00  00  00  00  00  00  00 
-C0-  00  00  00  00  00  00  00  00 | 00  00  00  00  00  00  00  00 
-D0-  00  00  00  00  00  00  00  00 | 00  00  00  00  00  00  00  00 
-E0-  00  00  00  00  00  00  00  00 | 00  00  00  00  00  00  00  00 
-F0-  00  00  00  00  00  00  00  00 | 00  00  00  00  00  00  00  00 



BANK 1227
------00--01--02--03--04--05--06--07-|-08--09--0A--0B--0C--0D--0E--0F-
----------------------------------------------------------------------
-00-  00  00  00  00  00  00  00  00 | 00  00  00  00  00  00  00  00 
-10-  00  00  00  00  00  00  00  00 | 00  00  00  00  00  00  00  00 
-20-  00  00  00  00  00  00  00  00 | 00  00  00  00  00  00  00  00 
-30-  00  00  00  00  00  00  00  00 | 00  00  00  00  00  00  00  00 
-40-  00  00  00  00  00  00  00  00 | 00  00  00  00  00  00  00  00 
-50-  00  00  00  00  00  00  00  00 | 00  00  00  00  00  00  00  00 
-60-  00  00  00  00  00  00  00  00 | 00  00  00  00  00  00  00  00 
-70-  00  00  00  00  00  00  00  00 | 00  00  00  00  00  00  00  00 
-80-  00  00  00  00  00  00  00  00 | 00  00  00  00  00  00  00  00 
-90-  00  00  00  00  00  00  00  00 | 00  00  00  00  00  00  00  00 
-A0-  00  00  00  00  00  00  00  00 | 00  00  00  00  00  00  00  00 
-B0-  00  00  00  00  00  00  00  00 | 00  00  00  00  00  00  00  00 
-C0-  00  00  00  00  00  00  00  00 | 00  00  00  00  00  00  00  00 
-D0-  00  00  00  00  00  00  00  00 | 00  00  00  00  00  00  00  00 
-E0-  00  00  00  00  00  00  00  00 | 00  00  00  00  00  00  00  00 
-F0-  00  00  00  00  00  00  00  00 | 00  00  00  00  00  00  00  00 



BANK 1228
------00--01--02--03--04--05--06--07-|-08--09--0A--0B--0C--0D--0E--0F-
----------------------------------------------------------------------
-00-  00  00  00  00  00  00  00  00 | 00  00  00  00  00  00  00  00 
-10-  00  00  00  00  00  00  00  00 | 00  00  00  00  00  00  00  00 
-20-  00  00  00  00  00  00  00  00 | 00  00  00  00  00  00  00  00 
-30-  00  00  00  00  00  00  00  00 | 00  00  00  00  00  00  00  00 
-40-  00  00  00  00  00  00  00  00 | 00  00  00  00  00  00  00  00 
-50-  00  00  00  00  00  00  00  00 | 00  00  00  00  00  00  00  00 
-60-  00  00  00  00  00  00  00  00 | 00  00  00  00  00  00  00  00 
-70-  00  00  00  00  00  00  00  00 | 00  00  00  00  00  00  00  00 
-80-  00  00  00  00  00  00  00  00 | 00  00  00  00  00  00  00  00 
-90-  00  00  00  00  00  00  00  00 | 00  00  00  00  00  00  00  00 
-A0-  00  00  00  00  00  00  00  00 | 00  00  00  00  00  00  00  00 
-B0-  00  00  00  00  00  00  00  00 | 00  00  00  00  00  00  00  00 
-C0-  00  00  00  00  00  00  00  00 | 00  00  00  00  00  00  00  00 
-D0-  00  00  00  00  00  00  00  00 | 00  00  00  00  00  00  00  00 
-E0-  00  00  00  00  00  00  00  00 | 00  00  00  00  00  00  00  00 
-F0-  00  00  00  00  00  00  00  00 | 00  00  00  00  00  00  00  00 



BANK 1229
------00--01--02--03--04--05--06--07-|-08--09--0A--0B--0C--0D--0E--0F-
----------------------------------------------------------------------
-00-  00  00  00  00  00  00  00  00 | 00  00  00  00  00  00  00  00 
-10-  00  00  00  00  00  00  00  00 | 00  00  00  00  00  00  00  00 
-20-  00  00  00  00  00  00  00  00 | 00  00  00  00  00  00  00  00 
-30-  00  00  00  00  00  00  00  00 | 00  00  00  00  00  00  00  00 
-40-  00  00  00  00  00  00  00  00 | 00  00  00  00  00  00  00  00 
-50-  00  00  00  00  00  00  00  00 | 00  00  00  00  00  00  00  00 
-60-  00  00  00  00  00  00  00  00 | 00  00  00  00  00  00  00  00 
-70-  00  00  00  00  00  00  00  00 | 00  00  00  00  00  00  00  00 
-80-  00  00  00  00  00  00  00  00 | 00  00  00  00  00  00  00  00 
-90-  00  00  00  00  00  00  00  00 | 00  00  00  00  00  00  00  00 
-A0-  00  00  00  00  00  00  00  00 | 00  00  00  00  00  00  00  00 
-B0-  00  00  00  00  00  00  00  00 | 00  00  00  00  00  00  00  00 
-C0-  00  00  00  00  00  00  00  00 | 00  00  00  00  00  00  00  00 
-D0-  00  00  00  00  00  00  00  00 | 00  00  00  00  00  00  00  00 
-E0-  00  00  00  00  00  00  00  00 | 00  00  00  00  00  00  00  00 
-F0-  00  00  00  00  00  00  00  00 | 00  00  00  00  00  00  00  00 



BANK 122A
------00--01--02--03--04--05--06--07-|-08--09--0A--0B--0C--0D--0E--0F-
----------------------------------------------------------------------
-00-  00  00  00  00  00  00  00  00 | 00  00  00  00  00  00  00  00 
-10-  00  00  00  00  00  00  00  00 | 00  00  00  00  00  00  00  00 
-20-  00  00  00  00  00  00  00  00 | 00  00  00  00  00  00  00  00 
-30-  00  00  00  00  00  00  00  00 | 00  00  00  00  00  00  00  00 
-40-  00  00  00  00  00  00  00  00 | 00  00  00  00  00  00  00  00 
-50-  00  00  00  00  00  00  00  00 | 00  00  00  00  00  00  00  00 
-60-  00  00  00  00  00  00  00  00 | 00  00  00  00  00  00  00  00 
-70-  00  00  00  00  00  00  00  00 | 00  00  00  00  00  00  00  00 
-80-  00  00  00  00  00  00  00  00 | 00  00  00  00  00  00  00  00 
-90-  00  00  00  00  00  00  00  00 | 00  00  00  00  00  00  00  00 
-A0-  00  00  00  00  00  00  00  00 | 00  00  00  00  00  00  00  00 
-B0-  00  00  00  00  00  00  00  00 | 00  00  00  00  00  00  00  00 
-C0-  00  00  00  00  00  00  00  00 | 00  00  00  00  00  00  00  00 
-D0-  00  00  00  00  00  00  00  00 | 00  00  00  00  00  00  00  00 
-E0-  00  00  00  00  00  00  00  00 | 00  00  00  00  00  00  00  00 
-F0-  00  00  00  00  00  00  00  00 | 00  00  00  00  00  00  00  00 



BANK 122B
------00--01--02--03--04--05--06--07-|-08--09--0A--0B--0C--0D--0E--0F-
----------------------------------------------------------------------
-00-  00  00  00  00  00  00  00  00 | 00  00  00  00  00  00  00  00 
-10-  00  00  00  00  00  00  00  00 | 00  00  00  00  00  00  00  00 
-20-  00  00  00  00  00  00  00  00 | 00  00  00  00  00  00  00  00 
-30-  00  00  00  00  00  00  00  00 | 00  00  00  00  00  00  00  00 
-40-  00  00  00  00  00  00  00  00 | 00  00  00  00  00  00  00  00 
-50-  00  00  00  00  00  00  00  00 | 00  00  00  00  00  00  00  00 
-60-  00  00  00  00  00  00  00  00 | 00  00  00  00  00  00  00  00 
-70-  00  00  00  00  00  00  00  00 | 00  00  00  00  00  00  00  00 
-80-  00  00  00  00  00  00  00  00 | 00  00  00  00  00  00  00  00 
-90-  00  00  00  00  00  00  00  00 | 00  00  00  00  00  00  00  00 
-A0-  00  00  00  00  00  00  00  00 | 00  00  00  00  00  00  00  00 
-B0-  00  00  00  00  00  00  00  00 | 00  00  00  00  00  00  00  00 
-C0-  00  00  00  00  00  00  00  00 | 00  00  00  00  00  00  00  00 
-D0-  00  00  00  00  00  00  00  00 | 00  00  00  00  00  00  00  00 
-E0-  00  00  00  00  00  00  00  00 | 00  00  00  00  00  00  00  00 
-F0-  00  00  00  00  00  00  00  00 | 00  00  00  00  00  00  00  00 



BANK 122C
------00--01--02--03--04--05--06--07-|-08--09--0A--0B--0C--0D--0E--0F-
----------------------------------------------------------------------
-00-  00  00  00  00  00  00  00  00 | 00  00  00  00  00  00  00  00 
-10-  00  00  00  00  00  00  00  00 | 00  00  00  00  00  00  00  00 
-20-  00  00  00  00  00  00  00  00 | 00  00  00  00  00  00  00  00 
-30-  00  00  00  00  00  00  00  00 | 00  00  00  00  00  00  00  00 
-40-  00  00  00  00  00  00  00  00 | 00  00  00  00  00  00  00  00 
-50-  00  00  00  00  00  00  00  00 | 00  00  00  00  00  00  00  00 
-60-  00  00  00  00  00  00  00  00 | 00  00  00  00  00  00  00  00 
-70-  00  00  00  00  00  00  00  00 | 00  00  00  00  00  00  00  00 
-80-  00  00  00  00  00  00  00  00 | 00  00  00  00  00  00  00  00 
-90-  00  00  00  00  00  00  00  00 | 00  00  00  00  00  00  00  00 
-A0-  00  00  00  00  00  00  00  00 | 00  00  00  00  00  00  00  00 
-B0-  00  00  00  00  00  00  00  00 | 00  00  00  00  00  00  00  00 
-C0-  00  00  00  00  00  00  00  00 | 00  00  00  00  00  00  00  00 
-D0-  00  00  00  00  00  00  00  00 | 00  00  00  00  00  00  00  00 
-E0-  00  00  00  00  00  00  00  00 | 00  00  00  00  00  00  00  00 
-F0-  00  00  00  00  00  00  00  00 | 00  00  00  00  00  00  00  00 



BANK 122D
------00--01--02--03--04--05--06--07-|-08--09--0A--0B--0C--0D--0E--0F-
----------------------------------------------------------------------
-00-  00  00  00  00  00  00  00  00 | 00  00  00  00  00  00  00  00 
-10-  00  00  00  00  00  00  00  00 | 00  00  00  00  00  00  00  00 
-20-  00  00  00  00  00  00  00  00 | 00  00  00  00  00  00  00  00 
-30-  00  00  00  00  00  00  00  00 | 00  00  00  00  00  00  00  00 
-40-  00  00  00  00  00  00  00  00 | 00  00  00  00  00  00  00  00 
-50-  00  00  00  00  00  00  00  00 | 00  00  00  00  00  00  00  00 
-60-  00  00  00  00  00  00  00  00 | 00  00  00  00  00  00  00  00 
-70-  00  00  00  00  00  00  00  00 | 00  00  00  00  00  00  00  00 
-80-  00  00  00  00  00  00  00  00 | 00  00  00  00  00  00  00  00 
-90-  00  00  00  00  00  00  00  00 | 00  00  00  00  00  00  00  00 
-A0-  00  00  00  00  00  00  00  00 | 00  00  00  00  00  00  00  00 
-B0-  00  00  00  00  00  00  00  00 | 00  00  00  00  00  00  00  00 
-C0-  00  00  00  00  00  00  00  00 | 00  00  00  00  00  00  00  00 
-D0-  00  00  00  00  00  00  00  00 | 00  00  00  00  00  00  00  00 
-E0-  00  00  00  00  00  00  00  00 | 00  00  00  00  00  00  00  00 
-F0-  00  00  00  00  00  00  00  00 | 00  00  00  00  00  00  00  00 



BANK 122E
------00--01--02--03--04--05--06--07-|-08--09--0A--0B--0C--0D--0E--0F-
----------------------------------------------------------------------
-00-  00  00  00  00  00  00  00  00 | 00  00  00  00  00  00  00  00 
-10-  00  00  00  00  00  00  00  00 | 00  00  00  00  00  00  00  00 
-20-  00  00  00  00  00  00  00  00 | 00  00  00  00  00  00  00  00 
-30-  00  00  00  00  00  00  00  00 | 00  00  00  00  00  00  00  00 
-40-  00  00  00  00  00  00  00  00 | 00  00  00  00  00  00  00  00 
-50-  00  00  00  00  00  00  00  00 | 00  00  00  00  00  00  00  00 
-60-  00  00  00  00  00  00  00  00 | 00  00  00  00  00  00  00  00 
-70-  00  00  00  00  00  00  00  00 | 00  00  00  00  00  00  00  00 
-80-  00  00  00  00  00  00  00  00 | 00  00  00  00  00  00  00  00 
-90-  00  00  00  00  00  00  00  00 | 00  00  00  00  00  00  00  00 
-A0-  00  00  00  00  00  00  00  00 | 00  00  00  00  00  00  00  00 
-B0-  00  00  00  00  00  00  00  00 | 00  00  00  00  00  00  00  00 
-C0-  00  00  00  00  00  00  00  00 | 00  00  00  00  00  00  00  00 
-D0-  00  00  00  00  00  00  00  00 | 00  00  00  00  00  00  00  00 
-E0-  00  00  00  00  00  00  00  00 | 00  00  00  00  00  00  00  00 
-F0-  00  00  00  00  00  00  00  00 | 00  00  00  00  00  00  00  00 



BANK 122F
------00--01--02--03--04--05--06--07-|-08--09--0A--0B--0C--0D--0E--0F-
----------------------------------------------------------------------
-00-  00  00  00  00  00  00  00  00 | 00  00  00  00  00  00  00  00 
-10-  00  00  00  00  00  00  00  00 | 00  00  00  00  00  00  00  00 
-20-  00  00  00  00  00  00  00  00 | 00  00  00  00  00  00  00  00 
-30-  00  00  00  00  00  00  00  00 | 00  00  00  00  00  00  00  00 
-40-  00  00  00  00  00  00  00  00 | 00  00  00  00  00  00  00  00 
-50-  00  00  00  00  00  00  00  00 | 00  00  00  00  00  00  00  00 
-60-  00  00  00  00  00  00  00  00 | 00  00  00  00  00  00  00  00 
-70-  00  00  00  00  00  00  00  00 | 00  00  00  00  00  00  00  00 
-80-  00  00  00  00  00  00  00  00 | 00  00  00  00  00  00  00  00 
-90-  00  00  00  00  00  00  00  00 | 00  00  00  00  00  00  00  00 
-A0-  00  00  00  00  00  00  00  00 | 00  00  00  00  00  00  00  00 
-B0-  00  00  00  00  00  00  00  00 | 00  00  00  00  00  00  00  00 
-C0-  00  00  00  00  00  00  00  00 | 00  00  00  00  00  00  00  00 
-D0-  00  00  00  00  00  00  00  00 | 00  00  00  00  00  00  00  00 
-E0-  00  00  00  00  00  00  00  00 | 00  00  00  00  00  00  00  00 
-F0-  00  00  00  00  00  00  00  00 | 00  00  00  00  00  00  00  00 



BANK 1230
------00--01--02--03--04--05--06--07-|-08--09--0A--0B--0C--0D--0E--0F-
----------------------------------------------------------------------
-00-  00  00  00  00  00  00  00  00 | 00  00  00  00  00  00  00  00 
-10-  00  00  00  00  00  00  00  00 | 00  00  00  00  00  00  00  00 
-20-  00  00  00  00  00  00  00  00 | 00  00  00  00  00  00  00  00 
-30-  00  00  00  00  00  00  00  00 | 00  00  00  00  00  00  00  00 
-40-  00  00  00  00  00  00  00  00 | 00  00  00  00  00  00  00  00 
-50-  00  00  00  00  00  00  00  00 | 00  00  00  00  00  00  00  00 
-60-  00  00  00  00  00  00  00  00 | 00  00  00  00  00  00  00  00 
-70-  00  00  00  00  00  00  00  00 | 00  00  00  00  00  00  00  00 
-80-  00  00  00  00  00  00  00  00 | 00  00  00  00  00  00  00  00 
-90-  00  00  00  00  00  00  00  00 | 00  00  00  00  00  00  00  00 
-A0-  00  00  00  00  00  00  00  00 | 00  00  00  00  00  00  00  00 
-B0-  00  00  00  00  00  00  00  00 | 00  00  00  00  00  00  00  00 
-C0-  00  00  00  00  00  00  00  00 | 00  00  00  00  00  00  00  00 
-D0-  00  00  00  00  00  00  00  00 | 00  00  00  00  00  00  00  00 
-E0-  00  00  00  00  00  00  00  00 | 00  00  00  00  00  00  00  00 
-F0-  00  00  00  00  00  00  00  00 | 00  00  00  00  00  00  00  00 



BANK 1231
------00--01--02--03--04--05--06--07-|-08--09--0A--0B--0C--0D--0E--0F-
----------------------------------------------------------------------
-00-  00  00  00  00  00  00  00  00 | 00  00  00  00  00  00  00  00 
-10-  00  00  00  00  00  00  00  00 | 00  00  00  00  00  00  00  00 
-20-  00  00  00  00  00  00  00  00 | 00  00  00  00  00  00  00  00 
-30-  00  00  00  00  00  00  00  00 | 00  00  00  00  00  00  00  00 
-40-  00  00  00  00  00  00  00  00 | 00  00  00  00  00  00  00  00 
-50-  00  00  00  00  00  00  00  00 | 00  00  00  00  00  00  00  00 
-60-  00  00  00  00  00  00  00  00 | 00  00  00  00  00  00  00  00 
-70-  00  00  00  00  00  00  00  00 | 00  00  00  00  00  00  00  00 
-80-  00  00  00  00  00  00  00  00 | 00  00  00  00  00  00  00  00 
-90-  00  00  00  00  00  00  00  00 | 00  00  00  00  00  00  00  00 
-A0-  00  00  00  00  00  00  00  00 | 00  00  00  00  00  00  00  00 
-B0-  00  00  00  00  00  00  00  00 | 00  00  00  00  00  00  00  00 
-C0-  00  00  00  00  00  00  00  00 | 00  00  00  00  00  00  00  00 
-D0-  00  00  00  00  00  00  00  00 | 00  00  00  00  00  00  00  00 
-E0-  00  00  00  00  00  00  00  00 | 00  00  00  00  00  00  00  00 
-F0-  00  00  00  00  00  00  00  00 | 00  00  00  00  00  00  00  00 



BANK 1232
------00--01--02--03--04--05--06--07-|-08--09--0A--0B--0C--0D--0E--0F-
----------------------------------------------------------------------
-00-  00  00  00  00  00  00  00  00 | 00  00  00  00  00  00  00  00 
-10-  00  00  00  00  00  00  00  00 | 00  00  00  00  00  00  00  00 
-20-  00  00  00  00  00  00  00  00 | 00  00  00  00  00  00  00  00 
-30-  00  00  00  00  00  00  00  00 | 00  00  00  00  00  00  00  00 
-40-  00  00  00  00  00  00  00  00 | 00  00  00  00  00  00  00  00 
-50-  00  00  00  00  00  00  00  00 | 00  00  00  00  00  00  00  00 
-60-  00  00  00  00  00  00  00  00 | 00  00  00  00  00  00  00  00 
-70-  00  00  00  00  00  00  00  00 | 00  00  00  00  00  00  00  00 
-80-  00  00  00  00  00  00  00  00 | 00  00  00  00  00  00  00  00 
-90-  00  00  00  00  00  00  00  00 | 00  00  00  00  00  00  00  00 
-A0-  00  00  00  00  00  00  00  00 | 00  00  00  00  00  00  00  00 
-B0-  00  00  00  00  00  00  00  00 | 00  00  00  00  00  00  00  00 
-C0-  00  00  00  00  00  00  00  00 | 00  00  00  00  00  00  00  00 
-D0-  00  00  00  00  00  00  00  00 | 00  00  00  00  00  00  00  00 
-E0-  00  00  00  00  00  00  00  00 | 00  00  00  00  00  00  00  00 
-F0-  00  00  00  00  00  00  00  00 | 00  00  00  00  00  00  00  00 



BANK 1233
------00--01--02--03--04--05--06--07-|-08--09--0A--0B--0C--0D--0E--0F-
----------------------------------------------------------------------
-00-  00  00  00  00  00  00  00  00 | 00  00  00  00  00  00  00  00 
-10-  00  00  00  00  00  00  00  00 | 00  00  00  00  00  00  00  00 
-20-  00  00  00  00  00  00  00  00 | 00  00  00  00  00  00  00  00 
-30-  00  00  00  00  00  00  00  00 | 00  00  00  00  00  00  00  00 
-40-  00  00  00  00  00  00  00  00 | 00  00  00  00  00  00  00  00 
-50-  00  00  00  00  00  00  00  00 | 00  00  00  00  00  00  00  00 
-60-  00  00  00  00  00  00  00  00 | 00  00  00  00  00  00  00  00 
-70-  00  00  00  00  00  00  00  00 | 00  00  00  00  00  00  00  00 
-80-  00  00  00  00  00  00  00  00 | 00  00  00  00  00  00  00  00 
-90-  00  00  00  00  00  00  00  00 | 00  00  00  00  00  00  00  00 
-A0-  00  00  00  00  00  00  00  00 | 00  00  00  00  00  00  00  00 
-B0-  00  00  00  00  00  00  00  00 | 00  00  00  00  00  00  00  00 
-C0-  00  00  00  00  00  00  00  00 | 00  00  00  00  00  00  00  00 
-D0-  00  00  00  00  00  00  00  00 | 00  00  00  00  00  00  00  00 
-E0-  00  00  00  00  00  00  00  00 | 00  00  00  00  00  00  00  00 
-F0-  00  00  00  00  00  00  00  00 | 00  00  00  00  00  00  00  00 



BANK 1234
------00--01--02--03--04--05--06--07-|-08--09--0A--0B--0C--0D--0E--0F-
----------------------------------------------------------------------
-00-  00  00  00  00  00  00  00  00 | 00  00  00  00  00  00  00  00 
-10-  00  00  00  00  00  00  00  00 | 00  00  00  00  00  00  00  00 
-20-  00  00  00  00  00  00  00  00 | 00  00  00  00  00  00  00  00 
-30-  00  00  00  00  00  00  00  00 | 00  00  00  00  00  00  00  00 
-40-  00  00  00  00  00  00  00  00 | 00  00  00  00  00  00  00  00 
-50-  00  00  00  00  00  00  00  00 | 00  00  00  00  00  00  00  00 
-60-  00  00  00  00  00  00  00  00 | 00  00  00  00  00  00  00  00 
-70-  00  00  00  00  00  00  00  00 | 00  00  00  00  00  00  00  00 
-80-  00  00  00  00  00  00  00  00 | 00  00  00  00  00  00  00  00 
-90-  00  00  00  00  00  00  00  00 | 00  00  00  00  00  00  00  00 
-A0-  00  00  00  00  00  00  00  00 | 00  00  00  00  00  00  00  00 
-B0-  00  00  00  00  00  00  00  00 | 00  00  00  00  00  00  00  00 
-C0-  00  00  00  00  00  00  00  00 | 00  00  00  00  00  00  00  00 
-D0-  00  00  00  00  00  00  00  00 | 00  00  00  00  00  00  00  00 
-E0-  00  00  00  00  00  00  00  00 | 00  00  00  00  00  00  00  00 
-F0-  00  00  00  00  00  00  00  00 | 00  00  00  00  00  00  00  00 



BANK 1235
------00--01--02--03--04--05--06--07-|-08--09--0A--0B--0C--0D--0E--0F-
----------------------------------------------------------------------
-00-  00  00  00  00  00  00  00  00 | 00  00  00  00  00  00  00  00 
-10-  00  00  00  00  00  00  00  00 | 00  00  00  00  00  00  00  00 
-20-  00  00  00  00  00  00  00  00 | 00  00  00  00  00  00  00  00 
-30-  00  00  00  00  00  00  00  00 | 00  00  00  00  00  00  00  00 
-40-  00  00  00  00  00  00  00  00 | 00  00  00  00  00  00  00  00 
-50-  00  00  00  00  00  00  00  00 | 00  00  00  00  00  00  00  00 
-60-  00  00  00  00  00  00  00  00 | 00  00  00  00  00  00  00  00 
-70-  00  00  00  00  00  00  00  00 | 00  00  00  00  00  00  00  00 
-80-  00  00  00  00  00  00  00  00 | 00  00  00  00  00  00  00  00 
-90-  00  00  00  00  00  00  00  00 | 00  00  00  00  00  00  00  00 
-A0-  00  00  00  00  00  00  00  00 | 00  00  00  00  00  00  00  00 
-B0-  00  00  00  00  00  00  00  00 | 00  00  00  00  00  00  00  00 
-C0-  00  00  00  00  00  00  00  00 | 00  00  00  00  00  00  00  00 
-D0-  00  00  00  00  00  00  00  00 | 00  00  00  00  00  00  00  00 
-E0-  00  00  00  00  00  00  00  00 | 00  00  00  00  00  00  00  00 
-F0-  00  00  00  00  00  00  00  00 | 00  00  00  00  00  00  00  00 



BANK 1236
------00--01--02--03--04--05--06--07-|-08--09--0A--0B--0C--0D--0E--0F-
----------------------------------------------------------------------
-00-  00  00  00  00  00  00  00  00 | 00  00  00  00  00  00  00  00 
-10-  00  00  00  00  00  00  00  00 | 00  00  00  00  00  00  00  00 
-20-  00  00  00  00  00  00  00  00 | 00  00  00  00  00  00  00  00 
-30-  00  00  00  00  00  00  00  00 | 00  00  00  00  00  00  00  00 
-40-  00  00  00  00  00  00  00  00 | 00  00  00  00  00  00  00  00 
-50-  00  00  00  00  00  00  00  00 | 00  00  00  00  00  00  00  00 
-60-  00  00  00  00  00  00  00  00 | 00  00  00  00  00  00  00  00 
-70-  00  00  00  00  00  00  00  00 | 00  00  00  00  00  00  00  00 
-80-  00  00  00  00  00  00  00  00 | 00  00  00  00  00  00  00  00 
-90-  00  00  00  00  00  00  00  00 | 00  00  00  00  00  00  00  00 
-A0-  00  00  00  00  00  00  00  00 | 00  00  00  00  00  00  00  00 
-B0-  00  00  00  00  00  00  00  00 | 00  00  00  00  00  00  00  00 
-C0-  00  00  00  00  00  00  00  00 | 00  00  00  00  00  00  00  00 
-D0-  00  00  00  00  00  00  00  00 | 00  00  00  00  00  00  00  00 
-E0-  00  00  00  00  00  00  00  00 | 00  00  00  00  00  00  00  00 
-F0-  00  00  00  00  00  00  00  00 | 00  00  00  00  00  00  00  00 



BANK 1237
------00--01--02--03--04--05--06--07-|-08--09--0A--0B--0C--0D--0E--0F-
----------------------------------------------------------------------
-00-  00  00  00  00  00  00  00  00 | 00  00  00  00  00  00  00  00 
-10-  00  00  00  00  00  00  00  00 | 00  00  00  00  00  00  00  00 
-20-  00  00  00  00  00  00  00  00 | 00  00  00  00  00  00  00  00 
-30-  00  00  00  00  00  00  00  00 | 00  00  00  00  00  00  00  00 
-40-  00  00  00  00  00  00  00  00 | 00  00  00  00  00  00  00  00 
-50-  00  00  00  00  00  00  00  00 | 00  00  00  00  00  00  00  00 
-60-  00  00  00  00  00  00  00  00 | 00  00  00  00  00  00  00  00 
-70-  00  00  00  00  00  00  00  00 | 00  00  00  00  00  00  00  00 
-80-  00  00  00  00  00  00  00  00 | 00  00  00  00  00  00  00  00 
-90-  00  00  00  00  00  00  00  00 | 00  00  00  00  00  00  00  00 
-A0-  00  00  00  00  00  00  00  00 | 00  00  00  00  00  00  00  00 
-B0-  00  00  00  00  00  00  00  00 | 00  00  00  00  00  00  00  00 
-C0-  00  00  00  00  00  00  00  00 | 00  00  00  00  00  00  00  00 
-D0-  00  00  00  00  00  00  00  00 | 00  00  00  00  00  00  00  00 
-E0-  00  00  00  00  00  00  00  00 | 00  00  00  00  00  00  00  00 
-F0-  00  00  00  00  00  00  00  00 | 00  00  00  00  00  00  00  00 



BANK 1238
------00--01--02--03--04--05--06--07-|-08--09--0A--0B--0C--0D--0E--0F-
----------------------------------------------------------------------
-00-  00  00  00  00  00  00  00  00 | 00  00  00  00  00  00  00  00 
-10-  00  00  00  00  00  00  00  00 | 00  00  00  00  00  00  00  00 
-20-  00  00  00  00  00  00  00  00 | 00  00  00  00  00  00  00  00 
-30-  00  00  00  00  00  00  00  00 | 00  00  00  00  00  00  00  00 
-40-  00  00  00  00  00  00  00  00 | 00  00  00  00  00  00  00  00 
-50-  00  00  00  00  00  00  00  00 | 00  00  00  00  00  00  00  00 
-60-  00  00  00  00  00  00  00  00 | 00  00  00  00  00  00  00  00 
-70-  00  00  00  00  00  00  00  00 | 00  00  00  00  00  00  00  00 
-80-  00  00  00  00  00  00  00  00 | 00  00  00  00  00  00  00  00 
-90-  00  00  00  00  00  00  00  00 | 00  00  00  00  00  00  00  00 
-A0-  00  00  00  00  00  00  00  00 | 00  00  00  00  00  00  00  00 
-B0-  00  00  00  00  00  00  00  00 | 00  00  00  00  00  00  00  00 
-C0-  00  00  00  00  00  00  00  00 | 00  00  00  00  00  00  00  00 
-D0-  00  00  00  00  00  00  00  00 | 00  00  00  00  00  00  00  00 
-E0-  00  00  00  00  00  00  00  00 | 00  00  00  00  00  00  00  00 
-F0-  00  00  00  00  00  00  00  00 | 00  00  00  00  00  00  00  00 



BANK 1239
------00--01--02--03--04--05--06--07-|-08--09--0A--0B--0C--0D--0E--0F-
----------------------------------------------------------------------
-00-  00  00  00  00  00  00  00  00 | 00  00  00  00  00  00  00  00 
-10-  00  00  00  00  00  00  00  00 | 00  00  00  00  00  00  00  00 
-20-  00  00  00  00  00  00  00  00 | 00  00  00  00  00  00  00  00 
-30-  00  00  00  00  00  00  00  00 | 00  00  00  00  00  00  00  00 
-40-  00  00  00  00  00  00  00  00 | 00  00  00  00  00  00  00  00 
-50-  00  00  00  00  00  00  00  00 | 00  00  00  00  00  00  00  00 
-60-  00  00  00  00  00  00  00  00 | 00  00  00  00  00  00  00  00 
-70-  00  00  00  00  00  00  00  00 | 00  00  00  00  00  00  00  00 
-80-  00  00  00  00  00  00  00  00 | 00  00  00  00  00  00  00  00 
-90-  00  00  00  00  00  00  00  00 | 00  00  00  00  00  00  00  00 
-A0-  00  00  00  00  00  00  00  00 | 00  00  00  00  00  00  00  00 
-B0-  00  00  00  00  00  00  00  00 | 00  00  00  00  00  00  00  00 
-C0-  00  00  00  00  00  00  00  00 | 00  00  00  00  00  00  00  00 
-D0-  00  00  00  00  00  00  00  00 | 00  00  00  00  00  00  00  00 
-E0-  00  00  00  00  00  00  00  00 | 00  00  00  00  00  00  00  00 
-F0-  00  00  00  00  00  00  00  00 | 00  00  00  00  00  00  00  00 



BANK 123A
------00--01--02--03--04--05--06--07-|-08--09--0A--0B--0C--0D--0E--0F-
----------------------------------------------------------------------
-00-  00  00  00  00  00  00  00  00 | 00  00  00  00  00  00  00  00 
-10-  00  00  00  00  00  00  00  00 | 00  00  00  00  00  00  00  00 
-20-  00  00  00  00  00  00  00  00 | 00  00  00  00  00  00  00  00 
-30-  00  00  00  00  00  00  00  00 | 00  00  00  00  00  00  00  00 
-40-  00  00  00  00  00  00  00  00 | 00  00  00  00  00  00  00  00 
-50-  00  00  00  00  00  00  00  00 | 00  00  00  00  00  00  00  00 
-60-  00  00  00  00  00  00  00  00 | 00  00  00  00  00  00  00  00 
-70-  00  00  00  00  00  00  00  00 | 00  00  00  00  00  00  00  00 
-80-  00  00  00  00  00  00  00  00 | 00  00  00  00  00  00  00  00 
-90-  00  00  00  00  00  00  00  00 | 00  00  00  00  00  00  00  00 
-A0-  00  00  00  00  00  00  00  00 | 00  00  00  00  00  00  00  00 
-B0-  00  00  00  00  00  00  00  00 | 00  00  00  00  00  00  00  00 
-C0-  00  00  00  00  00  00  00  00 | 00  00  00  00  00  00  00  00 
-D0-  00  00  00  00  00  00  00  00 | 00  00  00  00  00  00  00  00 
-E0-  00  00  00  00  00  00  00  00 | 00  00  00  00  00  00  00  00 
-F0-  00  00  00  00  00  00  00  00 | 00  00  00  00  00  00  00  00 



BANK 123B
------00--01--02--03--04--05--06--07-|-08--09--0A--0B--0C--0D--0E--0F-
----------------------------------------------------------------------
-00-  00  00  00  00  00  00  00  00 | 00  00  00  00  00  00  00  00 
-10-  00  00  00  00  00  00  00  00 | 00  00  00  00  00  00  00  00 
-20-  00  00  00  00  00  00  00  00 | 00  00  00  00  00  00  00  00 
-30-  00  00  00  00  00  00  00  00 | 00  00  00  00  00  00  00  00 
-40-  00  00  00  00  00  00  00  00 | 00  00  00  00  00  00  00  00 
-50-  00  00  00  00  00  00  00  00 | 00  00  00  00  00  00  00  00 
-60-  00  00  00  00  00  00  00  00 | 00  00  00  00  00  00  00  00 
-70-  00  00  00  00  00  00  00  00 | 00  00  00  00  00  00  00  00 
-80-  00  00  00  00  00  00  00  00 | 00  00  00  00  00  00  00  00 
-90-  00  00  00  00  00  00  00  00 | 00  00  00  00  00  00  00  00 
-A0-  00  00  00  00  00  00  00  00 | 00  00  00  00  00  00  00  00 
-B0-  00  00  00  00  00  00  00  00 | 00  00  00  00  00  00  00  00 
-C0-  00  00  00  00  00  00  00  00 | 00  00  00  00  00  00  00  00 
-D0-  00  00  00  00  00  00  00  00 | 00  00  00  00  00  00  00  00 
-E0-  00  00  00  00  00  00  00  00 | 00  00  00  00  00  00  00  00 
-F0-  00  00  00  00  00  00  00  00 | 00  00  00  00  00  00  00  00 



BANK 123C
------00--01--02--03--04--05--06--07-|-08--09--0A--0B--0C--0D--0E--0F-
----------------------------------------------------------------------
-00-  00  00  00  00  00  00  00  00 | 00  00  00  00  00  00  00  00 
-10-  00  00  00  00  00  00  00  00 | 00  00  00  00  00  00  00  00 
-20-  00  00  00  00  00  00  00  00 | 00  00  00  00  00  00  00  00 
-30-  00  00  00  00  00  00  00  00 | 00  00  00  00  00  00  00  00 
-40-  00  00  00  00  00  00  00  00 | 00  00  00  00  00  00  00  00 
-50-  00  00  00  00  00  00  00  00 | 00  00  00  00  00  00  00  00 
-60-  00  00  00  00  00  00  00  00 | 00  00  00  00  00  00  00  00 
-70-  00  00  00  00  00  00  00  00 | 00  00  00  00  00  00  00  00 
-80-  00  00  00  00  00  00  00  00 | 00  00  00  00  00  00  00  00 
-90-  00  00  00  00  00  00  00  00 | 00  00  00  00  00  00  00  00 
-A0-  00  00  00  00  00  00  00  00 | 00  00  00  00  00  00  00  00 
-B0-  00  00  00  00  00  00  00  00 | 00  00  00  00  00  00  00  00 
-C0-  00  00  00  00  00  00  00  00 | 00  00  00  00  00  00  00  00 
-D0-  00  00  00  00  00  00  00  00 | 00  00  00  00  00  00  00  00 
-E0-  00  00  00  00  00  00  00  00 | 00  00  00  00  00  00  00  00 
-F0-  00  00  00  00  00  00  00  00 | 00  00  00  00  00  00  00  00 



BANK 123D
------00--01--02--03--04--05--06--07-|-08--09--0A--0B--0C--0D--0E--0F-
----------------------------------------------------------------------
-00-  00  00  00  00  00  00  00  00 | 00  00  00  00  00  00  00  00 
-10-  00  00  00  00  00  00  00  00 | 00  00  00  00  00  00  00  00 
-20-  00  00  00  00  00  00  00  00 | 00  00  00  00  00  00  00  00 
-30-  00  00  00  00  00  00  00  00 | 00  00  00  00  00  00  00  00 
-40-  00  00  00  00  00  00  00  00 | 00  00  00  00  00  00  00  00 
-50-  00  00  00  00  00  00  00  00 | 00  00  00  00  00  00  00  00 
-60-  00  00  00  00  00  00  00  00 | 00  00  00  00  00  00  00  00 
-70-  00  00  00  00  00  00  00  00 | 00  00  00  00  00  00  00  00 
-80-  00  00  00  00  00  00  00  00 | 00  00  00  00  00  00  00  00 
-90-  00  00  00  00  00  00  00  00 | 00  00  00  00  00  00  00  00 
-A0-  00  00  00  00  00  00  00  00 | 00  00  00  00  00  00  00  00 
-B0-  00  00  00  00  00  00  00  00 | 00  00  00  00  00  00  00  00 
-C0-  00  00  00  00  00  00  00  00 | 00  00  00  00  00  00  00  00 
-D0-  00  00  00  00  00  00  00  00 | 00  00  00  00  00  00  00  00 
-E0-  00  00  00  00  00  00  00  00 | 00  00  00  00  00  00  00  00 
-F0-  00  00  00  00  00  00  00  00 | 00  00  00  00  00  00  00  00 



BANK 123E
------00--01--02--03--04--05--06--07-|-08--09--0A--0B--0C--0D--0E--0F-
----------------------------------------------------------------------
-00-  00  00  00  00  00  00  00  00 | 00  00  00  00  00  00  00  00 
-10-  00  00  00  00  00  00  00  00 | 00  00  00  00  00  00  00  00 
-20-  00  00  00  00  00  00  00  00 | 00  00  00  00  00  00  00  00 
-30-  00  00  00  00  00  00  00  00 | 00  00  00  00  00  00  00  00 
-40-  00  00  00  00  00  00  00  00 | 00  00  00  00  00  00  00  00 
-50-  00  00  00  00  00  00  00  00 | 00  00  00  00  00  00  00  00 
-60-  00  00  00  00  00  00  00  00 | 00  00  00  00  00  00  00  00 
-70-  00  00  00  00  00  00  00  00 | 00  00  00  00  00  00  00  00 
-80-  00  00  00  00  00  00  00  00 | 00  00  00  00  00  00  00  00 
-90-  00  00  00  00  00  00  00  00 | 00  00  00  00  00  00  00  00 
-A0-  00  00  00  00  00  00  00  00 | 00  00  00  00  00  00  00  00 
-B0-  00  00  00  00  00  00  00  00 | 00  00  00  00  00  00  00  00 
-C0-  00  00  00  00  00  00  00  00 | 00  00  00  00  00  00  00  00 
-D0-  00  00  00  00  00  00  00  00 | 00  00  00  00  00  00  00  00 
-E0-  00  00  00  00  00  00  00  00 | 00  00  00  00  00  00  00  00 
-F0-  00  00  00  00  00  00  00  00 | 00  00  00  00  00  00  00  00 



BANK 123F
------00--01--02--03--04--05--06--07-|-08--09--0A--0B--0C--0D--0E--0F-
----------------------------------------------------------------------
-00-  00  00  00  00  00  00  00  00 | 00  00  00  00  00  00  00  00 
-10-  00  00  00  00  00  00  00  00 | 00  00  00  00  00  00  00  00 
-20-  00  00  00  00  00  00  00  00 | 00  00  00  00  00  00  00  00 
-30-  00  00  00  00  00  00  00  00 | 00  00  00  00  00  00  00  00 
-40-  00  00  00  00  00  00  00  00 | 00  00  00  00  00  00  00  00 
-50-  00  00  00  00  00  00  00  00 | 00  00  00  00  00  00  00  00 
-60-  00  00  00  00  00  00  00  00 | 00  00  00  00  00  00  00  00 
-70-  00  00  00  00  00  00  00  00 | 00  00  00  00  00  00  00  00 
-80-  00  00  00  00  00  00  00  00 | 00  00  00  00  00  00  00  00 
-90-  00  00  00  00  00  00  00  00 | 00  00  00  00  00  00  00  00 
-A0-  00  00  00  00  00  00  00  00 | 00  00  00  00  00  00  00  00 
-B0-  00  00  00  00  00  00  00  00 | 00  00  00  00  00  00  00  00 
-C0-  00  00  00  00  00  00  00  00 | 00  00  00  00  00  00  00  00 
-D0-  00  00  00  00  00  00  00  00 | 00  00  00  00  00  00  00  00 
-E0-  00  00  00  00  00  00  00  00 | 00  00  00  00  00  00  00  00 
-F0-  00  00  00  00  00  00  00  00 | 00  00  00  00  00  00  00  00 



BANK 1600
------00--01--02--03--04--05--06--07-|-08--09--0A--0B--0C--0D--0E--0F-
----------------------------------------------------------------------
-00-  00  00  00  00  00  00  00  00 | 00  00  00  00  00  00  00  00 
-10-  00  00  00  00  00  00  00  00 | 00  00  00  00  00  00  00  00 
-20-  00  00  00  00  00  00  00  00 | 00  00  00  00  00  00  00  00 
-30-  00  00  00  00  00  00  00  00 | 00  00  00  00  00  00  00  00 
-40-  00  00  00  00  00  00  00  00 | 00  00  00  00  00  00  00  00 
-50-  00  00  00  00  00  00  00  00 | 00  00  00  00  00  00  00  00 
-60-  00  00  00  00  00  00  00  00 | 00  00  00  00  00  00  00  00 
-70-  00  00  00  00  00  00  00  00 | 00  00  00  00  00  00  00  00 
-80-  00  00  00  00  00  00  00  00 | 00  00  00  00  00  00  00  00 
-90-  00  00  00  00  00  00  00  00 | 00  00  00  00  00  00  00  00 
-A0-  00  00  00  00  00  00  00  00 | 00  00  00  00  00  00  00  00 
-B0-  00  00  00  00  00  00  00  00 | 00  00  00  00  00  00  00  00 
-C0-  00  00  00  00  00  00  00  00 | 00  00  00  00  00  00  00  00 
-D0-  00  00  00  00  00  00  00  00 | 00  00  00  00  00  00  00  00 
-E0-  00  00  00  00  00  00  00  00 | 00  00  00  00  00  00  00  00 
-F0-  00  00  00  00  00  00  00  00 | 00  00  00  00  00  00  00  00 



BANK 1601
------00--01--02--03--04--05--06--07-|-08--09--0A--0B--0C--0D--0E--0F-
----------------------------------------------------------------------
-00-  00  00  00  00  00  00  00  00 | 00  00  00  00  00  00  00  00 
-10-  00  00  00  00  00  00  00  00 | 00  00  00  00  00  00  00  00 
-20-  00  00  00  00  00  00  00  00 | 00  00  00  00  00  00  00  00 
-30-  00  00  00  00  00  00  00  00 | 00  00  00  00  00  00  00  00 
-40-  00  00  00  00  00  00  00  00 | 00  00  00  00  00  00  00  00 
-50-  00  00  00  00  00  00  00  00 | 00  00  00  00  00  00  00  00 
-60-  00  00  00  00  00  00  00  00 | 00  00  00  00  00  00  00  00 
-70-  00  00  00  00  00  00  00  00 | 00  00  00  00  00  00  00  00 
-80-  00  00  00  00  00  00  00  00 | 00  00  00  00  00  00  00  00 
-90-  00  00  00  00  00  00  00  00 | 00  00  00  00  00  00  00  00 
-A0-  00  00  00  00  00  00  00  00 | 00  00  00  00  00  00  00  00 
-B0-  00  00  00  00  00  00  00  00 | 00  00  00  00  00  00  00  00 
-C0-  00  00  00  00  00  00  00  00 | 00  00  00  00  00  00  00  00 
-D0-  00  00  00  00  00  00  00  00 | 00  00  00  00  00  00  00  00 
-E0-  00  00  00  00  00  00  00  00 | 00  00  00  00  00  00  00  00 
-F0-  00  00  00  00  00  00  00  00 | 00  00  00  00  00  00  00  00 



BANK 1602
------00--01--02--03--04--05--06--07-|-08--09--0A--0B--0C--0D--0E--0F-
----------------------------------------------------------------------
-00-  00  00  00  00  00  00  00  00 | 00  00  00  00  00  00  00  00 
-10-  00  00  00  00  00  00  00  00 | 00  00  00  00  00  00  00  00 
-20-  00  00  00  00  00  00  00  00 | 00  00  00  00  00  00  00  00 
-30-  00  00  00  00  00  00  00  00 | 00  00  00  00  00  00  00  00 
-40-  00  00  00  00  00  00  00  00 | 00  00  00  00  00  00  00  00 
-50-  00  00  00  00  00  00  00  00 | 00  00  00  00  00  00  00  00 
-60-  00  00  00  00  00  00  00  00 | 00  00  00  00  00  00  00  00 
-70-  00  00  00  00  00  00  00  00 | 00  00  00  00  00  00  00  00 
-80-  00  00  00  00  00  00  00  00 | 00  00  00  00  00  00  00  00 
-90-  00  00  00  00  00  00  00  00 | 00  00  00  00  00  00  00  00 
-A0-  00  00  00  00  00  00  00  00 | 00  00  00  00  00  00  00  00 
-B0-  00  00  00  00  00  00  00  00 | 00  00  00  00  00  00  00  00 
-C0-  00  00  00  00  00  00  00  00 | 00  00  00  00  00  00  00  00 
-D0-  00  00  00  00  00  00  00  00 | 00  00  00  00  00  00  00  00 
-E0-  00  00  00  00  00  00  00  00 | 00  00  00  00  00  00  00  00 
-F0-  00  00  00  00  00  00  00  00 | 00  00  00  00  00  00  00  00 



BANK 1603
------00--01--02--03--04--05--06--07-|-08--09--0A--0B--0C--0D--0E--0F-
----------------------------------------------------------------------
-00-  00  00  00  00  00  00  00  00 | 00  00  00  00  00  00  00  00 
-10-  00  00  00  00  00  00  00  00 | 00  00  00  00  00  00  00  00 
-20-  00  00  00  00  00  00  00  00 | 00  00  00  00  00  00  00  00 
-30-  00  00  00  00  00  00  00  00 | 00  00  00  00  00  00  00  00 
-40-  00  00  00  00  00  00  00  00 | 00  00  00  00  00  00  00  00 
-50-  00  00  00  00  00  00  00  00 | 00  00  00  00  00  00  00  00 
-60-  00  00  00  00  00  00  00  00 | 00  00  00  00  00  00  00  00 
-70-  00  00  00  00  00  00  00  00 | 00  00  00  00  00  00  00  00 
-80-  00  00  00  00  00  00  00  00 | 00  00  00  00  00  00  00  00 
-90-  00  00  00  00  00  00  00  00 | 00  00  00  00  00  00  00  00 
-A0-  00  00  00  00  00  00  00  00 | 00  00  00  00  00  00  00  00 
-B0-  00  00  00  00  00  00  00  00 | 00  00  00  00  00  00  00  00 
-C0-  00  00  00  00  00  00  00  00 | 00  00  00  00  00  00  00  00 
-D0-  00  00  00  00  00  00  00  00 | 00  00  00  00  00  00  00  00 
-E0-  00  00  00  00  00  00  00  00 | 00  00  00  00  00  00  00  00 
-F0-  00  00  00  00  00  00  00  00 | 00  00  00  00  00  00  00  00 



BANK 1604
------00--01--02--03--04--05--06--07-|-08--09--0A--0B--0C--0D--0E--0F-
----------------------------------------------------------------------
-00-  00  00  00  00  00  00  00  00 | 00  00  00  00  00  00  00  00 
-10-  00  00  00  00  00  00  00  00 | 00  00  00  00  00  00  00  00 
-20-  00  00  00  00  00  00  00  00 | 00  00  00  00  00  00  00  00 
-30-  00  00  00  00  00  00  00  00 | 00  00  00  00  00  00  00  00 
-40-  00  00  00  00  00  00  00  00 | 00  00  00  00  00  00  00  00 
-50-  00  00  00  00  00  00  00  00 | 00  00  00  00  00  00  00  00 
-60-  00  00  00  00  00  00  00  00 | 00  00  00  00  00  00  00  00 
-70-  00  00  00  00  00  00  00  00 | 00  00  00  00  00  00  00  00 
-80-  00  00  00  00  00  00  00  00 | 00  00  00  00  00  00  00  00 
-90-  00  00  00  00  00  00  00  00 | 00  00  00  00  00  00  00  00 
-A0-  00  00  00  00  00  00  00  00 | 00  00  00  00  00  00  00  00 
-B0-  00  00  00  00  00  00  00  00 | 00  00  00  00  00  00  00  00 
-C0-  00  00  00  00  00  00  00  00 | 00  00  00  00  00  00  00  00 
-D0-  00  00  00  00  00  00  00  00 | 00  00  00  00  00  00  00  00 
-E0-  00  00  00  00  00  00  00  00 | 00  00  00  00  00  00  00  00 
-F0-  00  00  00  00  00  00  00  00 | 00  00  00  00  00  00  00  00 



BANK 1605
------00--01--02--03--04--05--06--07-|-08--09--0A--0B--0C--0D--0E--0F-
----------------------------------------------------------------------
-00-  00  00  00  00  00  00  00  00 | 00  00  00  00  00  00  00  00 
-10-  00  00  00  00  00  00  00  00 | 00  00  00  00  00  00  00  00 
-20-  00  00  00  00  00  00  00  00 | 00  00  00  00  00  00  00  00 
-30-  00  00  00  00  00  00  00  00 | 00  00  00  00  00  00  00  00 
-40-  00  00  00  00  00  00  00  00 | 00  00  00  00  00  00  00  00 
-50-  00  00  00  00  00  00  00  00 | 00  00  00  00  00  00  00  00 
-60-  00  00  00  00  00  00  00  00 | 00  00  00  00  00  00  00  00 
-70-  00  00  00  00  00  00  00  00 | 00  00  00  00  00  00  00  00 
-80-  00  00  00  00  00  00  00  00 | 00  00  00  00  00  00  00  00 
-90-  00  00  00  00  00  00  00  00 | 00  00  00  00  00  00  00  00 
-A0-  00  00  00  00  00  00  00  00 | 00  00  00  00  00  00  00  00 
-B0-  00  00  00  00  00  00  00  00 | 00  00  00  00  00  00  00  00 
-C0-  00  00  00  00  00  00  00  00 | 00  00  00  00  00  00  00  00 
-D0-  00  00  00  00  00  00  00  00 | 00  00  00  00  00  00  00  00 
-E0-  00  00  00  00  00  00  00  00 | 00  00  00  00  00  00  00  00 
-F0-  00  00  00  00  00  00  00  00 | 00  00  00  00  00  00  00  00 



BANK 1606
------00--01--02--03--04--05--06--07-|-08--09--0A--0B--0C--0D--0E--0F-
----------------------------------------------------------------------
-00-  00  00  00  00  00  00  00  00 | 00  00  00  00  00  00  00  00 
-10-  00  00  00  00  00  00  00  00 | 00  00  00  00  00  00  00  00 
-20-  00  00  00  00  00  00  00  00 | 00  00  00  00  00  00  00  00 
-30-  00  00  00  00  00  00  00  00 | 00  00  00  00  00  00  00  00 
-40-  00  00  00  00  00  00  00  00 | 00  00  00  00  00  00  00  00 
-50-  00  00  00  00  00  00  00  00 | 00  00  00  00  00  00  00  00 
-60-  00  00  00  00  00  00  00  00 | 00  00  00  00  00  00  00  00 
-70-  00  00  00  00  00  00  00  00 | 00  00  00  00  00  00  00  00 
-80-  00  00  00  00  00  00  00  00 | 00  00  00  00  00  00  00  00 
-90-  00  00  00  00  00  00  00  00 | 00  00  00  00  00  00  00  00 
-A0-  00  00  00  00  00  00  00  00 | 00  00  00  00  00  00  00  00 
-B0-  00  00  00  00  00  00  00  00 | 00  00  00  00  00  00  00  00 
-C0-  00  00  00  00  00  00  00  00 | 00  00  00  00  00  00  00  00 
-D0-  00  00  00  00  00  00  00  00 | 00  00  00  00  00  00  00  00 
-E0-  00  00  00  00  00  00  00  00 | 00  00  00  00  00  00  00  00 
-F0-  00  00  00  00  00  00  00  00 | 00  00  00  00  00  00  00  00 



BANK 1607
------00--01--02--03--04--05--06--07-|-08--09--0A--0B--0C--0D--0E--0F-
----------------------------------------------------------------------
-00-  00  00  00  00  00  00  00  00 | 00  00  00  00  00  00  00  00 
-10-  00  00  00  00  00  00  00  00 | 00  00  00  00  00  00  00  00 
-20-  00  00  00  00  00  00  00  00 | 00  00  00  00  00  00  00  00 
-30-  00  00  00  00  00  00  00  00 | 00  00  00  00  00  00  00  00 
-40-  00  00  00  00  00  00  00  00 | 00  00  00  00  00  00  00  00 
-50-  00  00  00  00  00  00  00  00 | 00  00  00  00  00  00  00  00 
-60-  00  00  00  00  00  00  00  00 | 00  00  00  00  00  00  00  00 
-70-  00  00  00  00  00  00  00  00 | 00  00  00  00  00  00  00  00 
-80-  00  00  00  00  00  00  00  00 | 00  00  00  00  00  00  00  00 
-90-  00  00  00  00  00  00  00  00 | 00  00  00  00  00  00  00  00 
-A0-  00  00  00  00  00  00  00  00 | 00  00  00  00  00  00  00  00 
-B0-  00  00  00  00  00  00  00  00 | 00  00  00  00  00  00  00  00 
-C0-  00  00  00  00  00  00  00  00 | 00  00  00  00  00  00  00  00 
-D0-  00  00  00  00  00  00  00  00 | 00  00  00  00  00  00  00  00 
-E0-  00  00  00  00  00  00  00  00 | 00  00  00  00  00  00  00  00 
-F0-  00  00  00  00  00  00  00  00 | 00  00  00  00  00  00  00  00 



BANK 1608
------00--01--02--03--04--05--06--07-|-08--09--0A--0B--0C--0D--0E--0F-
----------------------------------------------------------------------
-00-  00  00  00  00  00  00  00  00 | 00  00  00  00  00  00  00  00 
-10-  00  00  00  00  00  00  00  00 | 00  00  00  00  00  00  00  00 
-20-  00  00  00  00  00  00  00  00 | 00  00  00  00  00  00  00  00 
-30-  00  00  00  00  00  00  00  00 | 00  00  00  00  00  00  00  00 
-40-  00  00  00  00  00  00  00  00 | 00  00  00  00  00  00  00  00 
-50-  00  00  00  00  00  00  00  00 | 00  00  00  00  00  00  00  00 
-60-  00  00  00  00  00  00  00  00 | 00  00  00  00  00  00  00  00 
-70-  00  00  00  00  00  00  00  00 | 00  00  00  00  00  00  00  00 
-80-  00  00  00  00  00  00  00  00 | 00  00  00  00  00  00  00  00 
-90-  00  00  00  00  00  00  00  00 | 00  00  00  00  00  00  00  00 
-A0-  00  00  00  00  00  00  00  00 | 00  00  00  00  00  00  00  00 
-B0-  00  00  00  00  00  00  00  00 | 00  00  00  00  00  00  00  00 
-C0-  00  00  00  00  00  00  00  00 | 00  00  00  00  00  00  00  00 
-D0-  00  00  00  00  00  00  00  00 | 00  00  00  00  00  00  00  00 
-E0-  00  00  00  00  00  00  00  00 | 00  00  00  00  00  00  00  00 
-F0-  00  00  00  00  00  00  00  00 | 00  00  00  00  00  00  00  00 



BANK 1609
------00--01--02--03--04--05--06--07-|-08--09--0A--0B--0C--0D--0E--0F-
----------------------------------------------------------------------
-00-  00  00  00  00  00  00  00  00 | 00  00  00  00  00  00  00  00 
-10-  00  00  00  00  00  00  00  00 | 00  00  00  00  00  00  00  00 
-20-  00  00  00  00  00  00  00  00 | 00  00  00  00  00  00  00  00 
-30-  00  00  00  00  00  00  00  00 | 00  00  00  00  00  00  00  00 
-40-  00  00  00  00  00  00  00  00 | 00  00  00  00  00  00  00  00 
-50-  00  00  00  00  00  00  00  00 | 00  00  00  00  00  00  00  00 
-60-  00  00  00  00  00  00  00  00 | 00  00  00  00  00  00  00  00 
-70-  00  00  00  00  00  00  00  00 | 00  00  00  00  00  00  00  00 
-80-  00  00  00  00  00  00  00  00 | 00  00  00  00  00  00  00  00 
-90-  00  00  00  00  00  00  00  00 | 00  00  00  00  00  00  00  00 
-A0-  00  00  00  00  00  00  00  00 | 00  00  00  00  00  00  00  00 
-B0-  00  00  00  00  00  00  00  00 | 00  00  00  00  00  00  00  00 
-C0-  00  00  00  00  00  00  00  00 | 00  00  00  00  00  00  00  00 
-D0-  00  00  00  00  00  00  00  00 | 00  00  00  00  00  00  00  00 
-E0-  00  00  00  00  00  00  00  00 | 00  00  00  00  00  00  00  00 
-F0-  00  00  00  00  00  00  00  00 | 00  00  00  00  00  00  00  00 



BANK 160A
------00--01--02--03--04--05--06--07-|-08--09--0A--0B--0C--0D--0E--0F-
----------------------------------------------------------------------
-00-  00  00  00  00  00  00  00  00 | 00  00  00  00  00  00  00  00 
-10-  00  00  00  00  00  00  00  00 | 00  00  00  00  00  00  00  00 
-20-  00  00  00  00  00  00  00  00 | 00  00  00  00  00  00  00  00 
-30-  00  00  00  00  00  00  00  00 | 00  00  00  00  00  00  00  00 
-40-  00  00  00  00  00  00  00  00 | 00  00  00  00  00  00  00  00 
-50-  00  00  00  00  00  00  00  00 | 00  00  00  00  00  00  00  00 
-60-  00  00  00  00  00  00  00  00 | 00  00  00  00  00  00  00  00 
-70-  00  00  00  00  00  00  00  00 | 00  00  00  00  00  00  00  00 
-80-  00  00  00  00  00  00  00  00 | 00  00  00  00  00  00  00  00 
-90-  00  00  00  00  00  00  00  00 | 00  00  00  00  00  00  00  00 
-A0-  00  00  00  00  00  00  00  00 | 00  00  00  00  00  00  00  00 
-B0-  00  00  00  00  00  00  00  00 | 00  00  00  00  00  00  00  00 
-C0-  00  00  00  00  00  00  00  00 | 00  00  00  00  00  00  00  00 
-D0-  00  00  00  00  00  00  00  00 | 00  00  00  00  00  00  00  00 
-E0-  00  00  00  00  00  00  00  00 | 00  00  00  00  00  00  00  00 
-F0-  00  00  00  00  00  00  00  00 | 00  00  00  00  00  00  00  00 



BANK 160B
------00--01--02--03--04--05--06--07-|-08--09--0A--0B--0C--0D--0E--0F-
----------------------------------------------------------------------
-00-  00  00  00  00  00  00  00  00 | 00  00  00  00  00  00  00  00 
-10-  00  00  00  00  00  00  00  00 | 00  00  00  00  00  00  00  00 
-20-  00  00  00  00  00  00  00  00 | 00  00  00  00  00  00  00  00 
-30-  00  00  00  00  00  00  00  00 | 00  00  00  00  00  00  00  00 
-40-  00  00  00  00  00  00  00  00 | 00  00  00  00  00  00  00  00 
-50-  00  00  00  00  00  00  00  00 | 00  00  00  00  00  00  00  00 
-60-  00  00  00  00  00  00  00  00 | 00  00  00  00  00  00  00  00 
-70-  00  00  00  00  00  00  00  00 | 00  00  00  00  00  00  00  00 
-80-  00  00  00  00  00  00  00  00 | 00  00  00  00  00  00  00  00 
-90-  00  00  00  00  00  00  00  00 | 00  00  00  00  00  00  00  00 
-A0-  00  00  00  00  00  00  00  00 | 00  00  00  00  00  00  00  00 
-B0-  00  00  00  00  00  00  00  00 | 00  00  00  00  00  00  00  00 
-C0-  00  00  00  00  00  00  00  00 | 00  00  00  00  00  00  00  00 
-D0-  00  00  00  00  00  00  00  00 | 00  00  00  00  00  00  00  00 
-E0-  00  00  00  00  00  00  00  00 | 00  00  00  00  00  00  00  00 
-F0-  00  00  00  00  00  00  00  00 | 00  00  00  00  00  00  00  00 



BANK 160C
------00--01--02--03--04--05--06--07-|-08--09--0A--0B--0C--0D--0E--0F-
----------------------------------------------------------------------
-00-  00  00  00  00  00  00  00  00 | 00  00  00  00  00  00  00  00 
-10-  00  00  00  00  00  00  00  00 | 00  00  00  00  00  00  00  00 
-20-  00  00  00  00  00  00  00  00 | 00  00  00  00  00  00  00  00 
-30-  00  00  00  00  00  00  00  00 | 00  00  00  00  00  00  00  00 
-40-  00  00  00  00  00  00  00  00 | 00  00  00  00  00  00  00  00 
-50-  00  00  00  00  00  00  00  00 | 00  00  00  00  00  00  00  00 
-60-  00  00  00  00  00  00  00  00 | 00  00  00  00  00  00  00  00 
-70-  00  00  00  00  00  00  00  00 | 00  00  00  00  00  00  00  00 
-80-  00  00  00  00  00  00  00  00 | 00  00  00  00  00  00  00  00 
-90-  00  00  00  00  00  00  00  00 | 00  00  00  00  00  00  00  00 
-A0-  00  00  00  00  00  00  00  00 | 00  00  00  00  00  00  00  00 
-B0-  00  00  00  00  00  00  00  00 | 00  00  00  00  00  00  00  00 
-C0-  00  00  00  00  00  00  00  00 | 00  00  00  00  00  00  00  00 
-D0-  00  00  00  00  00  00  00  00 | 00  00  00  00  00  00  00  00 
-E0-  00  00  00  00  00  00  00  00 | 00  00  00  00  00  00  00  00 
-F0-  00  00  00  00  00  00  00  00 | 00  00  00  00  00  00  00  00 



BANK 160D
------00--01--02--03--04--05--06--07-|-08--09--0A--0B--0C--0D--0E--0F-
----------------------------------------------------------------------
-00-  00  00  00  00  00  00  00  00 | 00  00  00  00  00  00  00  00 
-10-  00  00  00  00  00  00  00  00 | 00  00  00  00  00  00  00  00 
-20-  00  00  00  00  00  00  00  00 | 00  00  00  00  00  00  00  00 
-30-  00  00  00  00  00  00  00  00 | 00  00  00  00  00  00  00  00 
-40-  00  00  00  00  00  00  00  00 | 00  00  00  00  00  00  00  00 
-50-  00  00  00  00  00  00  00  00 | 00  00  00  00  00  00  00  00 
-60-  00  00  00  00  00  00  00  00 | 00  00  00  00  00  00  00  00 
-70-  00  00  00  00  00  00  00  00 | 00  00  00  00  00  00  00  00 
-80-  00  00  00  00  00  00  00  00 | 00  00  00  00  00  00  00  00 
-90-  00  00  00  00  00  00  00  00 | 00  00  00  00  00  00  00  00 
-A0-  00  00  00  00  00  00  00  00 | 00  00  00  00  00  00  00  00 
-B0-  00  00  00  00  00  00  00  00 | 00  00  00  00  00  00  00  00 
-C0-  00  00  00  00  00  00  00  00 | 00  00  00  00  00  00  00  00 
-D0-  00  00  00  00  00  00  00  00 | 00  00  00  00  00  00  00  00 
-E0-  00  00  00  00  00  00  00  00 | 00  00  00  00  00  00  00  00 
-F0-  00  00  00  00  00  00  00  00 | 00  00  00  00  00  00  00  00 



BANK 160E
------00--01--02--03--04--05--06--07-|-08--09--0A--0B--0C--0D--0E--0F-
----------------------------------------------------------------------
-00-  00  00  00  00  00  00  00  00 | 00  00  00  00  00  00  00  00 
-10-  00  00  00  00  00  00  00  00 | 00  00  00  00  00  00  00  00 
-20-  00  00  00  00  00  00  00  00 | 00  00  00  00  00  00  00  00 
-30-  00  00  00  00  00  00  00  00 | 00  00  00  00  00  00  00  00 
-40-  00  00  00  00  00  00  00  00 | 00  00  00  00  00  00  00  00 
-50-  00  00  00  00  00  00  00  00 | 00  00  00  00  00  00  00  00 
-60-  00  00  00  00  00  00  00  00 | 00  00  00  00  00  00  00  00 
-70-  00  00  00  00  00  00  00  00 | 00  00  00  00  00  00  00  00 
-80-  00  00  00  00  00  00  00  00 | 00  00  00  00  00  00  00  00 
-90-  00  00  00  00  00  00  00  00 | 00  00  00  00  00  00  00  00 
-A0-  00  00  00  00  00  00  00  00 | 00  00  00  00  00  00  00  00 
-B0-  00  00  00  00  00  00  00  00 | 00  00  00  00  00  00  00  00 
-C0-  00  00  00  00  00  00  00  00 | 00  00  00  00  00  00  00  00 
-D0-  00  00  00  00  00  00  00  00 | 00  00  00  00  00  00  00  00 
-E0-  00  00  00  00  00  00  00  00 | 00  00  00  00  00  00  00  00 
-F0-  00  00  00  00  00  00  00  00 | 00  00  00  00  00  00  00  00 



BANK 160F
------00--01--02--03--04--05--06--07-|-08--09--0A--0B--0C--0D--0E--0F-
----------------------------------------------------------------------
-00-  00  00  00  00  00  00  00  00 | 00  00  00  00  00  00  00  00 
-10-  00  00  00  00  00  00  00  00 | 00  00  00  00  00  00  00  00 
-20-  00  00  00  00  00  00  00  00 | 00  00  00  00  00  00  00  00 
-30-  00  00  00  00  00  00  00  00 | 00  00  00  00  00  00  00  00 
-40-  00  00  00  00  00  00  00  00 | 00  00  00  00  00  00  00  00 
-50-  00  00  00  00  00  00  00  00 | 00  00  00  00  00  00  00  00 
-60-  00  00  00  00  00  00  00  00 | 00  00  00  00  00  00  00  00 
-70-  00  00  00  00  00  00  00  00 | 00  00  00  00  00  00  00  00 
-80-  00  00  00  00  00  00  00  00 | 00  00  00  00  00  00  00  00 
-90-  00  00  00  00  00  00  00  00 | 00  00  00  00  00  00  00  00 
-A0-  00  00  00  00  00  00  00  00 | 00  00  00  00  00  00  00  00 
-B0-  00  00  00  00  00  00  00  00 | 00  00  00  00  00  00  00  00 
-C0-  00  00  00  00  00  00  00  00 | 00  00  00  00  00  00  00  00 
-D0-  00  00  00  00  00  00  00  00 | 00  00  00  00  00  00  00  00 
-E0-  00  00  00  00  00  00  00  00 | 00  00  00  00  00  00  00  00 
-F0-  00  00  00  00  00  00  00  00 | 00  00  00  00  00  00  00  00 



BANK 1610
------00--01--02--03--04--05--06--07-|-08--09--0A--0B--0C--0D--0E--0F-
----------------------------------------------------------------------
-00-  00  00  00  00  00  00  00  00 | 00  00  00  00  00  00  00  00 
-10-  00  00  00  00  00  00  00  00 | 00  00  00  00  00  00  00  00 
-20-  00  00  00  00  00  00  00  00 | 00  00  00  00  00  00  00  00 
-30-  00  00  00  00  00  00  00  00 | 00  00  00  00  00  00  00  00 
-40-  00  00  00  00  00  00  00  00 | 00  00  00  00  00  00  00  00 
-50-  00  00  00  00  00  00  00  00 | 00  00  00  00  00  00  00  00 
-60-  00  00  00  00  00  00  00  00 | 00  00  00  00  00  00  00  00 
-70-  00  00  00  00  00  00  00  00 | 00  00  00  00  00  00  00  00 
-80-  00  00  00  00  00  00  00  00 | 00  00  00  00  00  00  00  00 
-90-  00  00  00  00  00  00  00  00 | 00  00  00  00  00  00  00  00 
-A0-  00  00  00  00  00  00  00  00 | 00  00  00  00  00  00  00  00 
-B0-  00  00  00  00  00  00  00  00 | 00  00  00  00  00  00  00  00 
-C0-  00  00  00  00  00  00  00  00 | 00  00  00  00  00  00  00  00 
-D0-  00  00  00  00  00  00  00  00 | 00  00  00  00  00  00  00  00 
-E0-  00  00  00  00  00  00  00  00 | 00  00  00  00  00  00  00  00 
-F0-  00  00  00  00  00  00  00  00 | 00  00  00  00  00  00  00  00 



BANK 1611
------00--01--02--03--04--05--06--07-|-08--09--0A--0B--0C--0D--0E--0F-
----------------------------------------------------------------------
-00-  00  00  00  00  00  00  00  00 | 00  00  00  00  00  00  00  00 
-10-  00  00  00  00  00  00  00  00 | 00  00  00  00  00  00  00  00 
-20-  00  00  00  00  00  00  00  00 | 00  00  00  00  00  00  00  00 
-30-  00  00  00  00  00  00  00  00 | 00  00  00  00  00  00  00  00 
-40-  00  00  00  00  00  00  00  00 | 00  00  00  00  00  00  00  00 
-50-  00  00  00  00  00  00  00  00 | 00  00  00  00  00  00  00  00 
-60-  00  00  00  00  00  00  00  00 | 00  00  00  00  00  00  00  00 
-70-  00  00  00  00  00  00  00  00 | 00  00  00  00  00  00  00  00 
-80-  00  00  00  00  00  00  00  00 | 00  00  00  00  00  00  00  00 
-90-  00  00  00  00  00  00  00  00 | 00  00  00  00  00  00  00  00 
-A0-  00  00  00  00  00  00  00  00 | 00  00  00  00  00  00  00  00 
-B0-  00  00  00  00  00  00  00  00 | 00  00  00  00  00  00  00  00 
-C0-  00  00  00  00  00  00  00  00 | 00  00  00  00  00  00  00  00 
-D0-  00  00  00  00  00  00  00  00 | 00  00  00  00  00  00  00  00 
-E0-  00  00  00  00  00  00  00  00 | 00  00  00  00  00  00  00  00 
-F0-  00  00  00  00  00  00  00  00 | 00  00  00  00  00  00  00  00 



BANK 1612
------00--01--02--03--04--05--06--07-|-08--09--0A--0B--0C--0D--0E--0F-
----------------------------------------------------------------------
-00-  00  00  00  00  00  00  00  00 | 00  00  00  00  00  00  00  00 
-10-  00  00  00  00  00  00  00  00 | 00  00  00  00  00  00  00  00 
-20-  00  00  00  00  00  00  00  00 | 00  00  00  00  00  00  00  00 
-30-  00  00  00  00  00  00  00  00 | 00  00  00  00  00  00  00  00 
-40-  00  00  00  00  00  00  00  00 | 00  00  00  00  00  00  00  00 
-50-  00  00  00  00  00  00  00  00 | 00  00  00  00  00  00  00  00 
-60-  00  00  00  00  00  00  00  00 | 00  00  00  00  00  00  00  00 
-70-  00  00  00  00  00  00  00  00 | 00  00  00  00  00  00  00  00 
-80-  00  00  00  00  00  00  00  00 | 00  00  00  00  00  00  00  00 
-90-  00  00  00  00  00  00  00  00 | 00  00  00  00  00  00  00  00 
-A0-  00  00  00  00  00  00  00  00 | 00  00  00  00  00  00  00  00 
-B0-  00  00  00  00  00  00  00  00 | 00  00  00  00  00  00  00  00 
-C0-  00  00  00  00  00  00  00  00 | 00  00  00  00  00  00  00  00 
-D0-  00  00  00  00  00  00  00  00 | 00  00  00  00  00  00  00  00 
-E0-  00  00  00  00  00  00  00  00 | 00  00  00  00  00  00  00  00 
-F0-  00  00  00  00  00  00  00  00 | 00  00  00  00  00  00  00  00 



BANK 1613
------00--01--02--03--04--05--06--07-|-08--09--0A--0B--0C--0D--0E--0F-
----------------------------------------------------------------------
-00-  00  00  00  00  00  00  00  00 | 00  00  00  00  00  00  00  00 
-10-  00  00  00  00  00  00  00  00 | 00  00  00  00  00  00  00  00 
-20-  00  00  00  00  00  00  00  00 | 00  00  00  00  00  00  00  00 
-30-  00  00  00  00  00  00  00  00 | 00  00  00  00  00  00  00  00 
-40-  00  00  00  00  00  00  00  00 | 00  00  00  00  00  00  00  00 
-50-  00  00  00  00  00  00  00  00 | 00  00  00  00  00  00  00  00 
-60-  00  00  00  00  00  00  00  00 | 00  00  00  00  00  00  00  00 
-70-  00  00  00  00  00  00  00  00 | 00  00  00  00  00  00  00  00 
-80-  00  00  00  00  00  00  00  00 | 00  00  00  00  00  00  00  00 
-90-  00  00  00  00  00  00  00  00 | 00  00  00  00  00  00  00  00 
-A0-  00  00  00  00  00  00  00  00 | 00  00  00  00  00  00  00  00 
-B0-  00  00  00  00  00  00  00  00 | 00  00  00  00  00  00  00  00 
-C0-  00  00  00  00  00  00  00  00 | 00  00  00  00  00  00  00  00 
-D0-  00  00  00  00  00  00  00  00 | 00  00  00  00  00  00  00  00 
-E0-  00  00  00  00  00  00  00  00 | 00  00  00  00  00  00  00  00 
-F0-  00  00  00  00  00  00  00  00 | 00  00  00  00  00  00  00  00 



BANK 1614
------00--01--02--03--04--05--06--07-|-08--09--0A--0B--0C--0D--0E--0F-
----------------------------------------------------------------------
-00-  00  00  00  00  00  00  00  00 | 00  00  00  00  00  00  00  00 
-10-  00  00  00  00  00  00  00  00 | 00  00  00  00  00  00  00  00 
-20-  00  00  00  00  00  00  00  00 | 00  00  00  00  00  00  00  00 
-30-  00  00  00  00  00  00  00  00 | 00  00  00  00  00  00  00  00 
-40-  00  00  00  00  00  00  00  00 | 00  00  00  00  00  00  00  00 
-50-  00  00  00  00  00  00  00  00 | 00  00  00  00  00  00  00  00 
-60-  00  00  00  00  00  00  00  00 | 00  00  00  00  00  00  00  00 
-70-  00  00  00  00  00  00  00  00 | 00  00  00  00  00  00  00  00 
-80-  00  00  00  00  00  00  00  00 | 00  00  00  00  00  00  00  00 
-90-  00  00  00  00  00  00  00  00 | 00  00  00  00  00  00  00  00 
-A0-  00  00  00  00  00  00  00  00 | 00  00  00  00  00  00  00  00 
-B0-  00  00  00  00  00  00  00  00 | 00  00  00  00  00  00  00  00 
-C0-  00  00  00  00  00  00  00  00 | 00  00  00  00  00  00  00  00 
-D0-  00  00  00  00  00  00  00  00 | 00  00  00  00  00  00  00  00 
-E0-  00  00  00  00  00  00  00  00 | 00  00  00  00  00  00  00  00 
-F0-  00  00  00  00  00  00  00  00 | 00  00  00  00  00  00  00  00 



BANK 1615
------00--01--02--03--04--05--06--07-|-08--09--0A--0B--0C--0D--0E--0F-
----------------------------------------------------------------------
-00-  00  00  00  00  00  00  00  00 | 00  00  00  00  00  00  00  00 
-10-  00  00  00  00  00  00  00  00 | 00  00  00  00  00  00  00  00 
-20-  00  00  00  00  00  00  00  00 | 00  00  00  00  00  00  00  00 
-30-  00  00  00  00  00  00  00  00 | 00  00  00  00  00  00  00  00 
-40-  00  00  00  00  00  00  00  00 | 00  00  00  00  00  00  00  00 
-50-  00  00  00  00  00  00  00  00 | 00  00  00  00  00  00  00  00 
-60-  00  00  00  00  00  00  00  00 | 00  00  00  00  00  00  00  00 
-70-  00  00  00  00  00  00  00  00 | 00  00  00  00  00  00  00  00 
-80-  00  00  00  00  00  00  00  00 | 00  00  00  00  00  00  00  00 
-90-  00  00  00  00  00  00  00  00 | 00  00  00  00  00  00  00  00 
-A0-  00  00  00  00  00  00  00  00 | 00  00  00  00  00  00  00  00 
-B0-  00  00  00  00  00  00  00  00 | 00  00  00  00  00  00  00  00 
-C0-  00  00  00  00  00  00  00  00 | 00  00  00  00  00  00  00  00 
-D0-  00  00  00  00  00  00  00  00 | 00  00  00  00  00  00  00  00 
-E0-  00  00  00  00  00  00  00  00 | 00  00  00  00  00  00  00  00 
-F0-  00  00  00  00  00  00  00  00 | 00  00  00  00  00  00  00  00 



BANK 1616
------00--01--02--03--04--05--06--07-|-08--09--0A--0B--0C--0D--0E--0F-
----------------------------------------------------------------------
-00-  00  00  00  00  00  00  00  00 | 00  00  00  00  00  00  00  00 
-10-  00  00  00  00  00  00  00  00 | 00  00  00  00  00  00  00  00 
-20-  00  00  00  00  00  00  00  00 | 00  00  00  00  00  00  00  00 
-30-  00  00  00  00  00  00  00  00 | 00  00  00  00  00  00  00  00 
-40-  00  00  00  00  00  00  00  00 | 00  00  00  00  00  00  00  00 
-50-  00  00  00  00  00  00  00  00 | 00  00  00  00  00  00  00  00 
-60-  00  00  00  00  00  00  00  00 | 00  00  00  00  00  00  00  00 
-70-  00  00  00  00  00  00  00  00 | 00  00  00  00  00  00  00  00 
-80-  00  00  00  00  00  00  00  00 | 00  00  00  00  00  00  00  00 
-90-  00  00  00  00  00  00  00  00 | 00  00  00  00  00  00  00  00 
-A0-  00  00  00  00  00  00  00  00 | 00  00  00  00  00  00  00  00 
-B0-  00  00  00  00  00  00  00  00 | 00  00  00  00  00  00  00  00 
-C0-  00  00  00  00  00  00  00  00 | 00  00  00  00  00  00  00  00 
-D0-  00  00  00  00  00  00  00  00 | 00  00  00  00  00  00  00  00 
-E0-  00  00  00  00  00  00  00  00 | 00  00  00  00  00  00  00  00 
-F0-  00  00  00  00  00  00  00  00 | 00  00  00  00  00  00  00  00 



BANK 1617
------00--01--02--03--04--05--06--07-|-08--09--0A--0B--0C--0D--0E--0F-
----------------------------------------------------------------------
-00-  00  00  00  00  00  00  00  00 | 00  00  00  00  00  00  00  00 
-10-  00  00  00  00  00  00  00  00 | 00  00  00  00  00  00  00  00 
-20-  00  00  00  00  00  00  00  00 | 00  00  00  00  00  00  00  00 
-30-  00  00  00  00  00  00  00  00 | 00  00  00  00  00  00  00  00 
-40-  00  00  00  00  00  00  00  00 | 00  00  00  00  00  00  00  00 
-50-  00  00  00  00  00  00  00  00 | 00  00  00  00  00  00  00  00 
-60-  00  00  00  00  00  00  00  00 | 00  00  00  00  00  00  00  00 
-70-  00  00  00  00  00  00  00  00 | 00  00  00  00  00  00  00  00 
-80-  00  00  00  00  00  00  00  00 | 00  00  00  00  00  00  00  00 
-90-  00  00  00  00  00  00  00  00 | 00  00  00  00  00  00  00  00 
-A0-  00  00  00  00  00  00  00  00 | 00  00  00  00  00  00  00  00 
-B0-  00  00  00  00  00  00  00  00 | 00  00  00  00  00  00  00  00 
-C0-  00  00  00  00  00  00  00  00 | 00  00  00  00  00  00  00  00 
-D0-  00  00  00  00  00  00  00  00 | 00  00  00  00  00  00  00  00 
-E0-  00  00  00  00  00  00  00  00 | 00  00  00  00  00  00  00  00 
-F0-  00  00  00  00  00  00  00  00 | 00  00  00  00  00  00  00  00 



BANK 1618
------00--01--02--03--04--05--06--07-|-08--09--0A--0B--0C--0D--0E--0F-
----------------------------------------------------------------------
-00-  00  00  00  00  00  00  00  00 | 00  00  00  00  00  00  00  00 
-10-  00  00  00  00  00  00  00  00 | 00  00  00  00  00  00  00  00 
-20-  00  00  00  00  00  00  00  00 | 00  00  00  00  00  00  00  00 
-30-  00  00  00  00  00  00  00  00 | 00  00  00  00  00  00  00  00 
-40-  00  00  00  00  00  00  00  00 | 00  00  00  00  00  00  00  00 
-50-  00  00  00  00  00  00  00  00 | 00  00  00  00  00  00  00  00 
-60-  00  00  00  00  00  00  00  00 | 00  00  00  00  00  00  00  00 
-70-  00  00  00  00  00  00  00  00 | 00  00  00  00  00  00  00  00 
-80-  00  00  00  00  00  00  00  00 | 00  00  00  00  00  00  00  00 
-90-  00  00  00  00  00  00  00  00 | 00  00  00  00  00  00  00  00 
-A0-  00  00  00  00  00  00  00  00 | 00  00  00  00  00  00  00  00 
-B0-  00  00  00  00  00  00  00  00 | 00  00  00  00  00  00  00  00 
-C0-  00  00  00  00  00  00  00  00 | 00  00  00  00  00  00  00  00 
-D0-  00  00  00  00  00  00  00  00 | 00  00  00  00  00  00  00  00 
-E0-  00  00  00  00  00  00  00  00 | 00  00  00  00  00  00  00  00 
-F0-  00  00  00  00  00  00  00  00 | 00  00  00  00  00  00  00  00 



BANK 1619
------00--01--02--03--04--05--06--07-|-08--09--0A--0B--0C--0D--0E--0F-
----------------------------------------------------------------------
-00-  00  00  00  00  00  00  00  00 | 00  00  00  00  00  00  00  00 
-10-  00  00  00  00  00  00  00  00 | 00  00  00  00  00  00  00  00 
-20-  00  00  00  00  00  00  00  00 | 00  00  00  00  00  00  00  00 
-30-  00  00  00  00  00  00  00  00 | 00  00  00  00  00  00  00  00 
-40-  00  00  00  00  00  00  00  00 | 00  00  00  00  00  00  00  00 
-50-  00  00  00  00  00  00  00  00 | 00  00  00  00  00  00  00  00 
-60-  00  00  00  00  00  00  00  00 | 00  00  00  00  00  00  00  00 
-70-  00  00  00  00  00  00  00  00 | 00  00  00  00  00  00  00  00 
-80-  00  00  00  00  00  00  00  00 | 00  00  00  00  00  00  00  00 
-90-  00  00  00  00  00  00  00  00 | 00  00  00  00  00  00  00  00 
-A0-  00  00  00  00  00  00  00  00 | 00  00  00  00  00  00  00  00 
-B0-  00  00  00  00  00  00  00  00 | 00  00  00  00  00  00  00  00 
-C0-  00  00  00  00  00  00  00  00 | 00  00  00  00  00  00  00  00 
-D0-  00  00  00  00  00  00  00  00 | 00  00  00  00  00  00  00  00 
-E0-  00  00  00  00  00  00  00  00 | 00  00  00  00  00  00  00  00 
-F0-  00  00  00  00  00  00  00  00 | 00  00  00  00  00  00  00  00 



BANK 161A
------00--01--02--03--04--05--06--07-|-08--09--0A--0B--0C--0D--0E--0F-
----------------------------------------------------------------------
-00-  00  00  00  00  00  00  00  00 | 00  00  00  00  00  00  00  00 
-10-  00  00  00  00  00  00  00  00 | 00  00  00  00  00  00  00  00 
-20-  00  00  00  00  00  00  00  00 | 00  00  00  00  00  00  00  00 
-30-  00  00  00  00  00  00  00  00 | 00  00  00  00  00  00  00  00 
-40-  00  00  00  00  00  00  00  00 | 00  00  00  00  00  00  00  00 
-50-  00  00  00  00  00  00  00  00 | 00  00  00  00  00  00  00  00 
-60-  00  00  00  00  00  00  00  00 | 00  00  00  00  00  00  00  00 
-70-  00  00  00  00  00  00  00  00 | 00  00  00  00  00  00  00  00 
-80-  00  00  00  00  00  00  00  00 | 00  00  00  00  00  00  00  00 
-90-  00  00  00  00  00  00  00  00 | 00  00  00  00  00  00  00  00 
-A0-  00  00  00  00  00  00  00  00 | 00  00  00  00  00  00  00  00 
-B0-  00  00  00  00  00  00  00  00 | 00  00  00  00  00  00  00  00 
-C0-  00  00  00  00  00  00  00  00 | 00  00  00  00  00  00  00  00 
-D0-  00  00  00  00  00  00  00  00 | 00  00  00  00  00  00  00  00 
-E0-  00  00  00  00  00  00  00  00 | 00  00  00  00  00  00  00  00 
-F0-  00  00  00  00  00  00  00  00 | 00  00  00  00  00  00  00  00 



BANK 161B
------00--01--02--03--04--05--06--07-|-08--09--0A--0B--0C--0D--0E--0F-
----------------------------------------------------------------------
-00-  00  00  00  00  00  00  00  00 | 00  00  00  00  00  00  00  00 
-10-  00  00  00  00  00  00  00  00 | 00  00  00  00  00  00  00  00 
-20-  00  00  00  00  00  00  00  00 | 00  00  00  00  00  00  00  00 
-30-  00  00  00  00  00  00  00  00 | 00  00  00  00  00  00  00  00 
-40-  00  00  00  00  00  00  00  00 | 00  00  00  00  00  00  00  00 
-50-  00  00  00  00  00  00  00  00 | 00  00  00  00  00  00  00  00 
-60-  00  00  00  00  00  00  00  00 | 00  00  00  00  00  00  00  00 
-70-  00  00  00  00  00  00  00  00 | 00  00  00  00  00  00  00  00 
-80-  00  00  00  00  00  00  00  00 | 00  00  00  00  00  00  00  00 
-90-  00  00  00  00  00  00  00  00 | 00  00  00  00  00  00  00  00 
-A0-  00  00  00  00  00  00  00  00 | 00  00  00  00  00  00  00  00 
-B0-  00  00  00  00  00  00  00  00 | 00  00  00  00  00  00  00  00 
-C0-  00  00  00  00  00  00  00  00 | 00  00  00  00  00  00  00  00 
-D0-  00  00  00  00  00  00  00  00 | 00  00  00  00  00  00  00  00 
-E0-  00  00  00  00  00  00  00  00 | 00  00  00  00  00  00  00  00 
-F0-  00  00  00  00  00  00  00  00 | 00  00  00  00  00  00  00  00 



BANK 161C
------00--01--02--03--04--05--06--07-|-08--09--0A--0B--0C--0D--0E--0F-
----------------------------------------------------------------------
-00-  00  00  00  00  00  00  00  00 | 00  00  00  00  00  00  00  00 
-10-  00  00  00  00  00  00  00  00 | 00  00  00  00  00  00  00  00 
-20-  00  00  00  00  00  00  00  00 | 00  00  00  00  00  00  00  00 
-30-  00  00  00  00  00  00  00  00 | 00  00  00  00  00  00  00  00 
-40-  00  00  00  00  00  00  00  00 | 00  00  00  00  00  00  00  00 
-50-  00  00  00  00  00  00  00  00 | 00  00  00  00  00  00  00  00 
-60-  00  00  00  00  00  00  00  00 | 00  00  00  00  00  00  00  00 
-70-  00  00  00  00  00  00  00  00 | 00  00  00  00  00  00  00  00 
-80-  00  00  00  00  00  00  00  00 | 00  00  00  00  00  00  00  00 
-90-  00  00  00  00  00  00  00  00 | 00  00  00  00  00  00  00  00 
-A0-  00  00  00  00  00  00  00  00 | 00  00  00  00  00  00  00  00 
-B0-  00  00  00  00  00  00  00  00 | 00  00  00  00  00  00  00  00 
-C0-  00  00  00  00  00  00  00  00 | 00  00  00  00  00  00  00  00 
-D0-  00  00  00  00  00  00  00  00 | 00  00  00  00  00  00  00  00 
-E0-  00  00  00  00  00  00  00  00 | 00  00  00  00  00  00  00  00 
-F0-  00  00  00  00  00  00  00  00 | 00  00  00  00  00  00  00  00 



BANK 161D
------00--01--02--03--04--05--06--07-|-08--09--0A--0B--0C--0D--0E--0F-
----------------------------------------------------------------------
-00-  00  00  00  00  00  00  00  00 | 00  00  00  00  00  00  00  00 
-10-  00  00  00  00  00  00  00  00 | 00  00  00  00  00  00  00  00 
-20-  00  00  00  00  00  00  00  00 | 00  00  00  00  00  00  00  00 
-30-  00  00  00  00  00  00  00  00 | 00  00  00  00  00  00  00  00 
-40-  00  00  00  00  00  00  00  00 | 00  00  00  00  00  00  00  00 
-50-  00  00  00  00  00  00  00  00 | 00  00  00  00  00  00  00  00 
-60-  00  00  00  00  00  00  00  00 | 00  00  00  00  00  00  00  00 
-70-  00  00  00  00  00  00  00  00 | 00  00  00  00  00  00  00  00 
-80-  00  00  00  00  00  00  00  00 | 00  00  00  00  00  00  00  00 
-90-  00  00  00  00  00  00  00  00 | 00  00  00  00  00  00  00  00 
-A0-  00  00  00  00  00  00  00  00 | 00  00  00  00  00  00  00  00 
-B0-  00  00  00  00  00  00  00  00 | 00  00  00  00  00  00  00  00 
-C0-  00  00  00  00  00  00  00  00 | 00  00  00  00  00  00  00  00 
-D0-  00  00  00  00  00  00  00  00 | 00  00  00  00  00  00  00  00 
-E0-  00  00  00  00  00  00  00  00 | 00  00  00  00  00  00  00  00 
-F0-  00  00  00  00  00  00  00  00 | 00  00  00  00  00  00  00  00 



BANK 161E
------00--01--02--03--04--05--06--07-|-08--09--0A--0B--0C--0D--0E--0F-
----------------------------------------------------------------------
-00-  00  00  00  00  00  00  00  00 | 00  00  00  00  00  00  00  00 
-10-  00  00  00  00  00  00  00  00 | 00  00  00  00  00  00  00  00 
-20-  00  00  00  00  00  00  00  00 | 00  00  00  00  00  00  00  00 
-30-  00  00  00  00  00  00  00  00 | 00  00  00  00  00  00  00  00 
-40-  00  00  00  00  00  00  00  00 | 00  00  00  00  00  00  00  00 
-50-  00  00  00  00  00  00  00  00 | 00  00  00  00  00  00  00  00 
-60-  00  00  00  00  00  00  00  00 | 00  00  00  00  00  00  00  00 
-70-  00  00  00  00  00  00  00  00 | 00  00  00  00  00  00  00  00 
-80-  00  00  00  00  00  00  00  00 | 00  00  00  00  00  00  00  00 
-90-  00  00  00  00  00  00  00  00 | 00  00  00  00  00  00  00  00 
-A0-  00  00  00  00  00  00  00  00 | 00  00  00  00  00  00  00  00 
-B0-  00  00  00  00  00  00  00  00 | 00  00  00  00  00  00  00  00 
-C0-  00  00  00  00  00  00  00  00 | 00  00  00  00  00  00  00  00 
-D0-  00  00  00  00  00  00  00  00 | 00  00  00  00  00  00  00  00 
-E0-  00  00  00  00  00  00  00  00 | 00  00  00  00  00  00  00  00 
-F0-  00  00  00  00  00  00  00  00 | 00  00  00  00  00  00  00  00 



BANK 161F
------00--01--02--03--04--05--06--07-|-08--09--0A--0B--0C--0D--0E--0F-
----------------------------------------------------------------------
-00-  00  00  00  00  00  00  00  00 | 00  00  00  00  00  00  00  00 
-10-  00  00  00  00  00  00  00  00 | 00  00  00  00  00  00  00  00 
-20-  00  00  00  00  00  00  00  00 | 00  00  00  00  00  00  00  00 
-30-  00  00  00  00  00  00  00  00 | 00  00  00  00  00  00  00  00 
-40-  00  00  00  00  00  00  00  00 | 00  00  00  00  00  00  00  00 
-50-  00  00  00  00  00  00  00  00 | 00  00  00  00  00  00  00  00 
-60-  00  00  00  00  00  00  00  00 | 00  00  00  00  00  00  00  00 
-70-  00  00  00  00  00  00  00  00 | 00  00  00  00  00  00  00  00 
-80-  00  00  00  00  00  00  00  00 | 00  00  00  00  00  00  00  00 
-90-  00  00  00  00  00  00  00  00 | 00  00  00  00  00  00  00  00 
-A0-  00  00  00  00  00  00  00  00 | 00  00  00  00  00  00  00  00 
-B0-  00  00  00  00  00  00  00  00 | 00  00  00  00  00  00  00  00 
-C0-  00  00  00  00  00  00  00  00 | 00  00  00  00  00  00  00  00 
-D0-  00  00  00  00  00  00  00  00 | 00  00  00  00  00  00  00  00 
-E0-  00  00  00  00  00  00  00  00 | 00  00  00  00  00  00  00  00 
-F0-  00  00  00  00  00  00  00  00 | 00  00  00  00  00  00  00  00 



BANK 1620
------00--01--02--03--04--05--06--07-|-08--09--0A--0B--0C--0D--0E--0F-
----------------------------------------------------------------------
-00-  00  00  00  00  00  00  00  00 | 00  00  00  00  00  00  00  00 
-10-  00  00  00  00  00  00  00  00 | 00  00  00  00  00  00  00  00 
-20-  00  00  00  00  00  00  00  00 | 00  00  00  00  00  00  00  00 
-30-  00  00  00  00  00  00  00  00 | 00  00  00  00  00  00  00  00 
-40-  00  00  00  00  00  00  00  00 | 00  00  00  00  00  00  00  00 
-50-  00  00  00  00  00  00  00  00 | 00  00  00  00  00  00  00  00 
-60-  00  00  00  00  00  00  00  00 | 00  00  00  00  00  00  00  00 
-70-  00  00  00  00  00  00  00  00 | 00  00  00  00  00  00  00  00 
-80-  00  00  00  00  00  00  00  00 | 00  00  00  00  00  00  00  00 
-90-  00  00  00  00  00  00  00  00 | 00  00  00  00  00  00  00  00 
-A0-  00  00  00  00  00  00  00  00 | 00  00  00  00  00  00  00  00 
-B0-  00  00  00  00  00  00  00  00 | 00  00  00  00  00  00  00  00 
-C0-  00  00  00  00  00  00  00  00 | 00  00  00  00  00  00  00  00 
-D0-  00  00  00  00  00  00  00  00 | 00  00  00  00  00  00  00  00 
-E0-  00  00  00  00  00  00  00  00 | 00  00  00  00  00  00  00  00 
-F0-  00  00  00  00  00  00  00  00 | 00  00  00  00  00  00  00  00 



BANK 1621
------00--01--02--03--04--05--06--07-|-08--09--0A--0B--0C--0D--0E--0F-
----------------------------------------------------------------------
-00-  00  00  00  00  00  00  00  00 | 00  00  00  00  00  00  00  00 
-10-  00  00  00  00  00  00  00  00 | 00  00  00  00  00  00  00  00 
-20-  00  00  00  00  00  00  00  00 | 00  00  00  00  00  00  00  00 
-30-  00  00  00  00  00  00  00  00 | 00  00  00  00  00  00  00  00 
-40-  00  00  00  00  00  00  00  00 | 00  00  00  00  00  00  00  00 
-50-  00  00  00  00  00  00  00  00 | 00  00  00  00  00  00  00  00 
-60-  00  00  00  00  00  00  00  00 | 00  00  00  00  00  00  00  00 
-70-  00  00  00  00  00  00  00  00 | 00  00  00  00  00  00  00  00 
-80-  00  00  00  00  00  00  00  00 | 00  00  00  00  00  00  00  00 
-90-  00  00  00  00  00  00  00  00 | 00  00  00  00  00  00  00  00 
-A0-  00  00  00  00  00  00  00  00 | 00  00  00  00  00  00  00  00 
-B0-  00  00  00  00  00  00  00  00 | 00  00  00  00  00  00  00  00 
-C0-  00  00  00  00  00  00  00  00 | 00  00  00  00  00  00  00  00 
-D0-  00  00  00  00  00  00  00  00 | 00  00  00  00  00  00  00  00 
-E0-  00  00  00  00  00  00  00  00 | 00  00  00  00  00  00  00  00 
-F0-  00  00  00  00  00  00  00  00 | 00  00  00  00  00  00  00  00 



BANK 1622
------00--01--02--03--04--05--06--07-|-08--09--0A--0B--0C--0D--0E--0F-
----------------------------------------------------------------------
-00-  00  00  00  00  00  00  00  00 | 00  00  00  00  00  00  00  00 
-10-  00  00  00  00  00  00  00  00 | 00  00  00  00  00  00  00  00 
-20-  00  00  00  00  00  00  00  00 | 00  00  00  00  00  00  00  00 
-30-  00  00  00  00  00  00  00  00 | 00  00  00  00  00  00  00  00 
-40-  00  00  00  00  00  00  00  00 | 00  00  00  00  00  00  00  00 
-50-  00  00  00  00  00  00  00  00 | 00  00  00  00  00  00  00  00 
-60-  00  00  00  00  00  00  00  00 | 00  00  00  00  00  00  00  00 
-70-  00  00  00  00  00  00  00  00 | 00  00  00  00  00  00  00  00 
-80-  00  00  00  00  00  00  00  00 | 00  00  00  00  00  00  00  00 
-90-  00  00  00  00  00  00  00  00 | 00  00  00  00  00  00  00  00 
-A0-  00  00  00  00  00  00  00  00 | 00  00  00  00  00  00  00  00 
-B0-  00  00  00  00  00  00  00  00 | 00  00  00  00  00  00  00  00 
-C0-  00  00  00  00  00  00  00  00 | 00  00  00  00  00  00  00  00 
-D0-  00  00  00  00  00  00  00  00 | 00  00  00  00  00  00  00  00 
-E0-  00  00  00  00  00  00  00  00 | 00  00  00  00  00  00  00  00 
-F0-  00  00  00  00  00  00  00  00 | 00  00  00  00  00  00  00  00 



BANK 1623
------00--01--02--03--04--05--06--07-|-08--09--0A--0B--0C--0D--0E--0F-
----------------------------------------------------------------------
-00-  00  00  00  00  00  00  00  00 | 00  00  00  00  00  00  00  00 
-10-  00  00  00  00  00  00  00  00 | 00  00  00  00  00  00  00  00 
-20-  00  00  00  00  00  00  00  00 | 00  00  00  00  00  00  00  00 
-30-  00  00  00  00  00  00  00  00 | 00  00  00  00  00  00  00  00 
-40-  00  00  00  00  00  00  00  00 | 00  00  00  00  00  00  00  00 
-50-  00  00  00  00  00  00  00  00 | 00  00  00  00  00  00  00  00 
-60-  00  00  00  00  00  00  00  00 | 00  00  00  00  00  00  00  00 
-70-  00  00  00  00  00  00  00  00 | 00  00  00  00  00  00  00  00 
-80-  00  00  00  00  00  00  00  00 | 00  00  00  00  00  00  00  00 
-90-  00  00  00  00  00  00  00  00 | 00  00  00  00  00  00  00  00 
-A0-  00  00  00  00  00  00  00  00 | 00  00  00  00  00  00  00  00 
-B0-  00  00  00  00  00  00  00  00 | 00  00  00  00  00  00  00  00 
-C0-  00  00  00  00  00  00  00  00 | 00  00  00  00  00  00  00  00 
-D0-  00  00  00  00  00  00  00  00 | 00  00  00  00  00  00  00  00 
-E0-  00  00  00  00  00  00  00  00 | 00  00  00  00  00  00  00  00 
-F0-  00  00  00  00  00  00  00  00 | 00  00  00  00  00  00  00  00 



BANK 1624
------00--01--02--03--04--05--06--07-|-08--09--0A--0B--0C--0D--0E--0F-
----------------------------------------------------------------------
-00-  00  00  00  00  00  00  00  00 | 00  00  00  00  00  00  00  00 
-10-  00  00  00  00  00  00  00  00 | 00  00  00  00  00  00  00  00 
-20-  00  00  00  00  00  00  00  00 | 00  00  00  00  00  00  00  00 
-30-  00  00  00  00  00  00  00  00 | 00  00  00  00  00  00  00  00 
-40-  00  00  00  00  00  00  00  00 | 00  00  00  00  00  00  00  00 
-50-  00  00  00  00  00  00  00  00 | 00  00  00  00  00  00  00  00 
-60-  00  00  00  00  00  00  00  00 | 00  00  00  00  00  00  00  00 
-70-  00  00  00  00  00  00  00  00 | 00  00  00  00  00  00  00  00 
-80-  00  00  00  00  00  00  00  00 | 00  00  00  00  00  00  00  00 
-90-  00  00  00  00  00  00  00  00 | 00  00  00  00  00  00  00  00 
-A0-  00  00  00  00  00  00  00  00 | 00  00  00  00  00  00  00  00 
-B0-  00  00  00  00  00  00  00  00 | 00  00  00  00  00  00  00  00 
-C0-  00  00  00  00  00  00  00  00 | 00  00  00  00  00  00  00  00 
-D0-  00  00  00  00  00  00  00  00 | 00  00  00  00  00  00  00  00 
-E0-  00  00  00  00  00  00  00  00 | 00  00  00  00  00  00  00  00 
-F0-  00  00  00  00  00  00  00  00 | 00  00  00  00  00  00  00  00 



BANK 1625
------00--01--02--03--04--05--06--07-|-08--09--0A--0B--0C--0D--0E--0F-
----------------------------------------------------------------------
-00-  00  00  00  00  00  00  00  00 | 00  00  00  00  00  00  00  00 
-10-  00  00  00  00  00  00  00  00 | 00  00  00  00  00  00  00  00 
-20-  00  00  00  00  00  00  00  00 | 00  00  00  00  00  00  00  00 
-30-  00  00  00  00  00  00  00  00 | 00  00  00  00  00  00  00  00 
-40-  00  00  00  00  00  00  00  00 | 00  00  00  00  00  00  00  00 
-50-  00  00  00  00  00  00  00  00 | 00  00  00  00  00  00  00  00 
-60-  00  00  00  00  00  00  00  00 | 00  00  00  00  00  00  00  00 
-70-  00  00  00  00  00  00  00  00 | 00  00  00  00  00  00  00  00 
-80-  00  00  00  00  00  00  00  00 | 00  00  00  00  00  00  00  00 
-90-  00  00  00  00  00  00  00  00 | 00  00  00  00  00  00  00  00 
-A0-  00  00  00  00  00  00  00  00 | 00  00  00  00  00  00  00  00 
-B0-  00  00  00  00  00  00  00  00 | 00  00  00  00  00  00  00  00 
-C0-  00  00  00  00  00  00  00  00 | 00  00  00  00  00  00  00  00 
-D0-  00  00  00  00  00  00  00  00 | 00  00  00  00  00  00  00  00 
-E0-  00  00  00  00  00  00  00  00 | 00  00  00  00  00  00  00  00 
-F0-  00  00  00  00  00  00  00  00 | 00  00  00  00  00  00  00  00 



BANK 1626
------00--01--02--03--04--05--06--07-|-08--09--0A--0B--0C--0D--0E--0F-
----------------------------------------------------------------------
-00-  00  00  00  00  00  00  00  00 | 00  00  00  00  00  00  00  00 
-10-  00  00  00  00  00  00  00  00 | 00  00  00  00  00  00  00  00 
-20-  00  00  00  00  00  00  00  00 | 00  00  00  00  00  00  00  00 
-30-  00  00  00  00  00  00  00  00 | 00  00  00  00  00  00  00  00 
-40-  00  00  00  00  00  00  00  00 | 00  00  00  00  00  00  00  00 
-50-  00  00  00  00  00  00  00  00 | 00  00  00  00  00  00  00  00 
-60-  00  00  00  00  00  00  00  00 | 00  00  00  00  00  00  00  00 
-70-  00  00  00  00  00  00  00  00 | 00  00  00  00  00  00  00  00 
-80-  00  00  00  00  00  00  00  00 | 00  00  00  00  00  00  00  00 
-90-  00  00  00  00  00  00  00  00 | 00  00  00  00  00  00  00  00 
-A0-  00  00  00  00  00  00  00  00 | 00  00  00  00  00  00  00  00 
-B0-  00  00  00  00  00  00  00  00 | 00  00  00  00  00  00  00  00 
-C0-  00  00  00  00  00  00  00  00 | 00  00  00  00  00  00  00  00 
-D0-  00  00  00  00  00  00  00  00 | 00  00  00  00  00  00  00  00 
-E0-  00  00  00  00  00  00  00  00 | 00  00  00  00  00  00  00  00 
-F0-  00  00  00  00  00  00  00  00 | 00  00  00  00  00  00  00  00 



BANK 1627
------00--01--02--03--04--05--06--07-|-08--09--0A--0B--0C--0D--0E--0F-
----------------------------------------------------------------------
-00-  00  00  00  00  00  00  00  00 | 00  00  00  00  00  00  00  00 
-10-  00  00  00  00  00  00  00  00 | 00  00  00  00  00  00  00  00 
-20-  00  00  00  00  00  00  00  00 | 00  00  00  00  00  00  00  00 
-30-  00  00  00  00  00  00  00  00 | 00  00  00  00  00  00  00  00 
-40-  00  00  00  00  00  00  00  00 | 00  00  00  00  00  00  00  00 
-50-  00  00  00  00  00  00  00  00 | 00  00  00  00  00  00  00  00 
-60-  00  00  00  00  00  00  00  00 | 00  00  00  00  00  00  00  00 
-70-  00  00  00  00  00  00  00  00 | 00  00  00  00  00  00  00  00 
-80-  00  00  00  00  00  00  00  00 | 00  00  00  00  00  00  00  00 
-90-  00  00  00  00  00  00  00  00 | 00  00  00  00  00  00  00  00 
-A0-  00  00  00  00  00  00  00  00 | 00  00  00  00  00  00  00  00 
-B0-  00  00  00  00  00  00  00  00 | 00  00  00  00  00  00  00  00 
-C0-  00  00  00  00  00  00  00  00 | 00  00  00  00  00  00  00  00 
-D0-  00  00  00  00  00  00  00  00 | 00  00  00  00  00  00  00  00 
-E0-  00  00  00  00  00  00  00  00 | 00  00  00  00  00  00  00  00 
-F0-  00  00  00  00  00  00  00  00 | 00  00  00  00  00  00  00  00 



BANK 1628
------00--01--02--03--04--05--06--07-|-08--09--0A--0B--0C--0D--0E--0F-
----------------------------------------------------------------------
-00-  00  00  00  00  00  00  00  00 | 00  00  00  00  00  00  00  00 
-10-  00  00  00  00  00  00  00  00 | 00  00  00  00  00  00  00  00 
-20-  00  00  00  00  00  00  00  00 | 00  00  00  00  00  00  00  00 
-30-  00  00  00  00  00  00  00  00 | 00  00  00  00  00  00  00  00 
-40-  00  00  00  00  00  00  00  00 | 00  00  00  00  00  00  00  00 
-50-  00  00  00  00  00  00  00  00 | 00  00  00  00  00  00  00  00 
-60-  00  00  00  00  00  00  00  00 | 00  00  00  00  00  00  00  00 
-70-  00  00  00  00  00  00  00  00 | 00  00  00  00  00  00  00  00 
-80-  00  00  00  00  00  00  00  00 | 00  00  00  00  00  00  00  00 
-90-  00  00  00  00  00  00  00  00 | 00  00  00  00  00  00  00  00 
-A0-  00  00  00  00  00  00  00  00 | 00  00  00  00  00  00  00  00 
-B0-  00  00  00  00  00  00  00  00 | 00  00  00  00  00  00  00  00 
-C0-  00  00  00  00  00  00  00  00 | 00  00  00  00  00  00  00  00 
-D0-  00  00  00  00  00  00  00  00 | 00  00  00  00  00  00  00  00 
-E0-  00  00  00  00  00  00  00  00 | 00  00  00  00  00  00  00  00 
-F0-  00  00  00  00  00  00  00  00 | 00  00  00  00  00  00  00  00 



BANK 1629
------00--01--02--03--04--05--06--07-|-08--09--0A--0B--0C--0D--0E--0F-
----------------------------------------------------------------------
-00-  00  00  00  00  00  00  00  00 | 00  00  00  00  00  00  00  00 
-10-  00  00  00  00  00  00  00  00 | 00  00  00  00  00  00  00  00 
-20-  00  00  00  00  00  00  00  00 | 00  00  00  00  00  00  00  00 
-30-  00  00  00  00  00  00  00  00 | 00  00  00  00  00  00  00  00 
-40-  00  00  00  00  00  00  00  00 | 00  00  00  00  00  00  00  00 
-50-  00  00  00  00  00  00  00  00 | 00  00  00  00  00  00  00  00 
-60-  00  00  00  00  00  00  00  00 | 00  00  00  00  00  00  00  00 
-70-  00  00  00  00  00  00  00  00 | 00  00  00  00  00  00  00  00 
-80-  00  00  00  00  00  00  00  00 | 00  00  00  00  00  00  00  00 
-90-  00  00  00  00  00  00  00  00 | 00  00  00  00  00  00  00  00 
-A0-  00  00  00  00  00  00  00  00 | 00  00  00  00  00  00  00  00 
-B0-  00  00  00  00  00  00  00  00 | 00  00  00  00  00  00  00  00 
-C0-  00  00  00  00  00  00  00  00 | 00  00  00  00  00  00  00  00 
-D0-  00  00  00  00  00  00  00  00 | 00  00  00  00  00  00  00  00 
-E0-  00  00  00  00  00  00  00  00 | 00  00  00  00  00  00  00  00 
-F0-  00  00  00  00  00  00  00  00 | 00  00  00  00  00  00  00  00 



BANK 162A
------00--01--02--03--04--05--06--07-|-08--09--0A--0B--0C--0D--0E--0F-
----------------------------------------------------------------------
-00-  00  00  00  00  00  00  00  00 | 00  00  00  00  00  00  00  00 
-10-  00  00  00  00  00  00  00  00 | 00  00  00  00  00  00  00  00 
-20-  00  00  00  00  00  00  00  00 | 00  00  00  00  00  00  00  00 
-30-  00  00  00  00  00  00  00  00 | 00  00  00  00  00  00  00  00 
-40-  00  00  00  00  00  00  00  00 | 00  00  00  00  00  00  00  00 
-50-  00  00  00  00  00  00  00  00 | 00  00  00  00  00  00  00  00 
-60-  00  00  00  00  00  00  00  00 | 00  00  00  00  00  00  00  00 
-70-  00  00  00  00  00  00  00  00 | 00  00  00  00  00  00  00  00 
-80-  00  00  00  00  00  00  00  00 | 00  00  00  00  00  00  00  00 
-90-  00  00  00  00  00  00  00  00 | 00  00  00  00  00  00  00  00 
-A0-  00  00  00  00  00  00  00  00 | 00  00  00  00  00  00  00  00 
-B0-  00  00  00  00  00  00  00  00 | 00  00  00  00  00  00  00  00 
-C0-  00  00  00  00  00  00  00  00 | 00  00  00  00  00  00  00  00 
-D0-  00  00  00  00  00  00  00  00 | 00  00  00  00  00  00  00  00 
-E0-  00  00  00  00  00  00  00  00 | 00  00  00  00  00  00  00  00 
-F0-  00  00  00  00  00  00  00  00 | 00  00  00  00  00  00  00  00 



BANK 162B
------00--01--02--03--04--05--06--07-|-08--09--0A--0B--0C--0D--0E--0F-
----------------------------------------------------------------------
-00-  00  00  00  00  00  00  00  00 | 00  00  00  00  00  00  00  00 
-10-  00  00  00  00  00  00  00  00 | 00  00  00  00  00  00  00  00 
-20-  00  00  00  00  00  00  00  00 | 00  00  00  00  00  00  00  00 
-30-  00  00  00  00  00  00  00  00 | 00  00  00  00  00  00  00  00 
-40-  00  00  00  00  00  00  00  00 | 00  00  00  00  00  00  00  00 
-50-  00  00  00  00  00  00  00  00 | 00  00  00  00  00  00  00  00 
-60-  00  00  00  00  00  00  00  00 | 00  00  00  00  00  00  00  00 
-70-  00  00  00  00  00  00  00  00 | 00  00  00  00  00  00  00  00 
-80-  00  00  00  00  00  00  00  00 | 00  00  00  00  00  00  00  00 
-90-  00  00  00  00  00  00  00  00 | 00  00  00  00  00  00  00  00 
-A0-  00  00  00  00  00  00  00  00 | 00  00  00  00  00  00  00  00 
-B0-  00  00  00  00  00  00  00  00 | 00  00  00  00  00  00  00  00 
-C0-  00  00  00  00  00  00  00  00 | 00  00  00  00  00  00  00  00 
-D0-  00  00  00  00  00  00  00  00 | 00  00  00  00  00  00  00  00 
-E0-  00  00  00  00  00  00  00  00 | 00  00  00  00  00  00  00  00 
-F0-  00  00  00  00  00  00  00  00 | 00  00  00  00  00  00  00  00 



BANK 162C
------00--01--02--03--04--05--06--07-|-08--09--0A--0B--0C--0D--0E--0F-
----------------------------------------------------------------------
-00-  00  00  00  00  00  00  00  00 | 00  00  00  00  00  00  00  00 
-10-  00  00  00  00  00  00  00  00 | 00  00  00  00  00  00  00  00 
-20-  00  00  00  00  00  00  00  00 | 00  00  00  00  00  00  00  00 
-30-  00  00  00  00  00  00  00  00 | 00  00  00  00  00  00  00  00 
-40-  00  00  00  00  00  00  00  00 | 00  00  00  00  00  00  00  00 
-50-  00  00  00  00  00  00  00  00 | 00  00  00  00  00  00  00  00 
-60-  00  00  00  00  00  00  00  00 | 00  00  00  00  00  00  00  00 
-70-  00  00  00  00  00  00  00  00 | 00  00  00  00  00  00  00  00 
-80-  00  00  00  00  00  00  00  00 | 00  00  00  00  00  00  00  00 
-90-  00  00  00  00  00  00  00  00 | 00  00  00  00  00  00  00  00 
-A0-  00  00  00  00  00  00  00  00 | 00  00  00  00  00  00  00  00 
-B0-  00  00  00  00  00  00  00  00 | 00  00  00  00  00  00  00  00 
-C0-  00  00  00  00  00  00  00  00 | 00  00  00  00  00  00  00  00 
-D0-  00  00  00  00  00  00  00  00 | 00  00  00  00  00  00  00  00 
-E0-  00  00  00  00  00  00  00  00 | 00  00  00  00  00  00  00  00 
-F0-  00  00  00  00  00  00  00  00 | 00  00  00  00  00  00  00  00 



BANK 162D
------00--01--02--03--04--05--06--07-|-08--09--0A--0B--0C--0D--0E--0F-
----------------------------------------------------------------------
-00-  00  00  00  00  00  00  00  00 | 00  00  00  00  00  00  00  00 
-10-  00  00  00  00  00  00  00  00 | 00  00  00  00  00  00  00  00 
-20-  00  00  00  00  00  00  00  00 | 00  00  00  00  00  00  00  00 
-30-  00  00  00  00  00  00  00  00 | 00  00  00  00  00  00  00  00 
-40-  00  00  00  00  00  00  00  00 | 00  00  00  00  00  00  00  00 
-50-  00  00  00  00  00  00  00  00 | 00  00  00  00  00  00  00  00 
-60-  00  00  00  00  00  00  00  00 | 00  00  00  00  00  00  00  00 
-70-  00  00  00  00  00  00  00  00 | 00  00  00  00  00  00  00  00 
-80-  00  00  00  00  00  00  00  00 | 00  00  00  00  00  00  00  00 
-90-  00  00  00  00  00  00  00  00 | 00  00  00  00  00  00  00  00 
-A0-  00  00  00  00  00  00  00  00 | 00  00  00  00  00  00  00  00 
-B0-  00  00  00  00  00  00  00  00 | 00  00  00  00  00  00  00  00 
-C0-  00  00  00  00  00  00  00  00 | 00  00  00  00  00  00  00  00 
-D0-  00  00  00  00  00  00  00  00 | 00  00  00  00  00  00  00  00 
-E0-  00  00  00  00  00  00  00  00 | 00  00  00  00  00  00  00  00 
-F0-  00  00  00  00  00  00  00  00 | 00  00  00  00  00  00  00  00 



BANK 162E
------00--01--02--03--04--05--06--07-|-08--09--0A--0B--0C--0D--0E--0F-
----------------------------------------------------------------------
-00-  00  00  00  00  00  00  00  00 | 00  00  00  00  00  00  00  00 
-10-  00  00  00  00  00  00  00  00 | 00  00  00  00  00  00  00  00 
-20-  00  00  00  00  00  00  00  00 | 00  00  00  00  00  00  00  00 
-30-  00  00  00  00  00  00  00  00 | 00  00  00  00  00  00  00  00 
-40-  00  00  00  00  00  00  00  00 | 00  00  00  00  00  00  00  00 
-50-  00  00  00  00  00  00  00  00 | 00  00  00  00  00  00  00  00 
-60-  00  00  00  00  00  00  00  00 | 00  00  00  00  00  00  00  00 
-70-  00  00  00  00  00  00  00  00 | 00  00  00  00  00  00  00  00 
-80-  00  00  00  00  00  00  00  00 | 00  00  00  00  00  00  00  00 
-90-  00  00  00  00  00  00  00  00 | 00  00  00  00  00  00  00  00 
-A0-  00  00  00  00  00  00  00  00 | 00  00  00  00  00  00  00  00 
-B0-  00  00  00  00  00  00  00  00 | 00  00  00  00  00  00  00  00 
-C0-  00  00  00  00  00  00  00  00 | 00  00  00  00  00  00  00  00 
-D0-  00  00  00  00  00  00  00  00 | 00  00  00  00  00  00  00  00 
-E0-  00  00  00  00  00  00  00  00 | 00  00  00  00  00  00  00  00 
-F0-  00  00  00  00  00  00  00  00 | 00  00  00  00  00  00  00  00 



BANK 162F
------00--01--02--03--04--05--06--07-|-08--09--0A--0B--0C--0D--0E--0F-
----------------------------------------------------------------------
-00-  00  00  00  00  00  00  00  00 | 00  00  00  00  00  00  00  00 
-10-  00  00  00  00  00  00  00  00 | 00  00  00  00  00  00  00  00 
-20-  00  00  00  00  00  00  00  00 | 00  00  00  00  00  00  00  00 
-30-  00  00  00  00  00  00  00  00 | 00  00  00  00  00  00  00  00 
-40-  00  00  00  00  00  00  00  00 | 00  00  00  00  00  00  00  00 
-50-  00  00  00  00  00  00  00  00 | 00  00  00  00  00  00  00  00 
-60-  00  00  00  00  00  00  00  00 | 00  00  00  00  00  00  00  00 
-70-  00  00  00  00  00  00  00  00 | 00  00  00  00  00  00  00  00 
-80-  00  00  00  00  00  00  00  00 | 00  00  00  00  00  00  00  00 
-90-  00  00  00  00  00  00  00  00 | 00  00  00  00  00  00  00  00 
-A0-  00  00  00  00  00  00  00  00 | 00  00  00  00  00  00  00  00 
-B0-  00  00  00  00  00  00  00  00 | 00  00  00  00  00  00  00  00 
-C0-  00  00  00  00  00  00  00  00 | 00  00  00  00  00  00  00  00 
-D0-  00  00  00  00  00  00  00  00 | 00  00  00  00  00  00  00  00 
-E0-  00  00  00  00  00  00  00  00 | 00  00  00  00  00  00  00  00 
-F0-  00  00  00  00  00  00  00  00 | 00  00  00  00  00  00  00  00 



BANK 1630
------00--01--02--03--04--05--06--07-|-08--09--0A--0B--0C--0D--0E--0F-
----------------------------------------------------------------------
-00-  00  00  00  00  00  00  00  00 | 00  00  00  00  00  00  00  00 
-10-  00  00  00  00  00  00  00  00 | 00  00  00  00  00  00  00  00 
-20-  00  00  00  00  00  00  00  00 | 00  00  00  00  00  00  00  00 
-30-  00  00  00  00  00  00  00  00 | 00  00  00  00  00  00  00  00 
-40-  00  00  00  00  00  00  00  00 | 00  00  00  00  00  00  00  00 
-50-  00  00  00  00  00  00  00  00 | 00  00  00  00  00  00  00  00 
-60-  00  00  00  00  00  00  00  00 | 00  00  00  00  00  00  00  00 
-70-  00  00  00  00  00  00  00  00 | 00  00  00  00  00  00  00  00 
-80-  00  00  00  00  00  00  00  00 | 00  00  00  00  00  00  00  00 
-90-  00  00  00  00  00  00  00  00 | 00  00  00  00  00  00  00  00 
-A0-  00  00  00  00  00  00  00  00 | 00  00  00  00  00  00  00  00 
-B0-  00  00  00  00  00  00  00  00 | 00  00  00  00  00  00  00  00 
-C0-  00  00  00  00  00  00  00  00 | 00  00  00  00  00  00  00  00 
-D0-  00  00  00  00  00  00  00  00 | 00  00  00  00  00  00  00  00 
-E0-  00  00  00  00  00  00  00  00 | 00  00  00  00  00  00  00  00 
-F0-  00  00  00  00  00  00  00  00 | 00  00  00  00  00  00  00  00 



BANK 1631
------00--01--02--03--04--05--06--07-|-08--09--0A--0B--0C--0D--0E--0F-
----------------------------------------------------------------------
-00-  00  00  00  00  00  00  00  00 | 00  00  00  00  00  00  00  00 
-10-  00  00  00  00  00  00  00  00 | 00  00  00  00  00  00  00  00 
-20-  00  00  00  00  00  00  00  00 | 00  00  00  00  00  00  00  00 
-30-  00  00  00  00  00  00  00  00 | 00  00  00  00  00  00  00  00 
-40-  00  00  00  00  00  00  00  00 | 00  00  00  00  00  00  00  00 
-50-  00  00  00  00  00  00  00  00 | 00  00  00  00  00  00  00  00 
-60-  00  00  00  00  00  00  00  00 | 00  00  00  00  00  00  00  00 
-70-  00  00  00  00  00  00  00  00 | 00  00  00  00  00  00  00  00 
-80-  00  00  00  00  00  00  00  00 | 00  00  00  00  00  00  00  00 
-90-  00  00  00  00  00  00  00  00 | 00  00  00  00  00  00  00  00 
-A0-  00  00  00  00  00  00  00  00 | 00  00  00  00  00  00  00  00 
-B0-  00  00  00  00  00  00  00  00 | 00  00  00  00  00  00  00  00 
-C0-  00  00  00  00  00  00  00  00 | 00  00  00  00  00  00  00  00 
-D0-  00  00  00  00  00  00  00  00 | 00  00  00  00  00  00  00  00 
-E0-  00  00  00  00  00  00  00  00 | 00  00  00  00  00  00  00  00 
-F0-  00  00  00  00  00  00  00  00 | 00  00  00  00  00  00  00  00 



BANK 1632
------00--01--02--03--04--05--06--07-|-08--09--0A--0B--0C--0D--0E--0F-
----------------------------------------------------------------------
-00-  00  00  00  00  00  00  00  00 | 00  00  00  00  00  00  00  00 
-10-  00  00  00  00  00  00  00  00 | 00  00  00  00  00  00  00  00 
-20-  00  00  00  00  00  00  00  00 | 00  00  00  00  00  00  00  00 
-30-  00  00  00  00  00  00  00  00 | 00  00  00  00  00  00  00  00 
-40-  00  00  00  00  00  00  00  00 | 00  00  00  00  00  00  00  00 
-50-  00  00  00  00  00  00  00  00 | 00  00  00  00  00  00  00  00 
-60-  00  00  00  00  00  00  00  00 | 00  00  00  00  00  00  00  00 
-70-  00  00  00  00  00  00  00  00 | 00  00  00  00  00  00  00  00 
-80-  00  00  00  00  00  00  00  00 | 00  00  00  00  00  00  00  00 
-90-  00  00  00  00  00  00  00  00 | 00  00  00  00  00  00  00  00 
-A0-  00  00  00  00  00  00  00  00 | 00  00  00  00  00  00  00  00 
-B0-  00  00  00  00  00  00  00  00 | 00  00  00  00  00  00  00  00 
-C0-  00  00  00  00  00  00  00  00 | 00  00  00  00  00  00  00  00 
-D0-  00  00  00  00  00  00  00  00 | 00  00  00  00  00  00  00  00 
-E0-  00  00  00  00  00  00  00  00 | 00  00  00  00  00  00  00  00 
-F0-  00  00  00  00  00  00  00  00 | 00  00  00  00  00  00  00  00 



BANK 1633
------00--01--02--03--04--05--06--07-|-08--09--0A--0B--0C--0D--0E--0F-
----------------------------------------------------------------------
-00-  00  00  00  00  00  00  00  00 | 00  00  00  00  00  00  00  00 
-10-  00  00  00  00  00  00  00  00 | 00  00  00  00  00  00  00  00 
-20-  00  00  00  00  00  00  00  00 | 00  00  00  00  00  00  00  00 
-30-  00  00  00  00  00  00  00  00 | 00  00  00  00  00  00  00  00 
-40-  00  00  00  00  00  00  00  00 | 00  00  00  00  00  00  00  00 
-50-  00  00  00  00  00  00  00  00 | 00  00  00  00  00  00  00  00 
-60-  00  00  00  00  00  00  00  00 | 00  00  00  00  00  00  00  00 
-70-  00  00  00  00  00  00  00  00 | 00  00  00  00  00  00  00  00 
-80-  00  00  00  00  00  00  00  00 | 00  00  00  00  00  00  00  00 
-90-  00  00  00  00  00  00  00  00 | 00  00  00  00  00  00  00  00 
-A0-  00  00  00  00  00  00  00  00 | 00  00  00  00  00  00  00  00 
-B0-  00  00  00  00  00  00  00  00 | 00  00  00  00  00  00  00  00 
-C0-  00  00  00  00  00  00  00  00 | 00  00  00  00  00  00  00  00 
-D0-  00  00  00  00  00  00  00  00 | 00  00  00  00  00  00  00  00 
-E0-  00  00  00  00  00  00  00  00 | 00  00  00  00  00  00  00  00 
-F0-  00  00  00  00  00  00  00  00 | 00  00  00  00  00  00  00  00 



BANK 1634
------00--01--02--03--04--05--06--07-|-08--09--0A--0B--0C--0D--0E--0F-
----------------------------------------------------------------------
-00-  00  00  00  00  00  00  00  00 | 00  00  00  00  00  00  00  00 
-10-  00  00  00  00  00  00  00  00 | 00  00  00  00  00  00  00  00 
-20-  00  00  00  00  00  00  00  00 | 00  00  00  00  00  00  00  00 
-30-  00  00  00  00  00  00  00  00 | 00  00  00  00  00  00  00  00 
-40-  00  00  00  00  00  00  00  00 | 00  00  00  00  00  00  00  00 
-50-  00  00  00  00  00  00  00  00 | 00  00  00  00  00  00  00  00 
-60-  00  00  00  00  00  00  00  00 | 00  00  00  00  00  00  00  00 
-70-  00  00  00  00  00  00  00  00 | 00  00  00  00  00  00  00  00 
-80-  00  00  00  00  00  00  00  00 | 00  00  00  00  00  00  00  00 
-90-  00  00  00  00  00  00  00  00 | 00  00  00  00  00  00  00  00 
-A0-  00  00  00  00  00  00  00  00 | 00  00  00  00  00  00  00  00 
-B0-  00  00  00  00  00  00  00  00 | 00  00  00  00  00  00  00  00 
-C0-  00  00  00  00  00  00  00  00 | 00  00  00  00  00  00  00  00 
-D0-  00  00  00  00  00  00  00  00 | 00  00  00  00  00  00  00  00 
-E0-  00  00  00  00  00  00  00  00 | 00  00  00  00  00  00  00  00 
-F0-  00  00  00  00  00  00  00  00 | 00  00  00  00  00  00  00  00 



BANK 1635
------00--01--02--03--04--05--06--07-|-08--09--0A--0B--0C--0D--0E--0F-
----------------------------------------------------------------------
-00-  00  00  00  00  00  00  00  00 | 00  00  00  00  00  00  00  00 
-10-  00  00  00  00  00  00  00  00 | 00  00  00  00  00  00  00  00 
-20-  00  00  00  00  00  00  00  00 | 00  00  00  00  00  00  00  00 
-30-  00  00  00  00  00  00  00  00 | 00  00  00  00  00  00  00  00 
-40-  00  00  00  00  00  00  00  00 | 00  00  00  00  00  00  00  00 
-50-  00  00  00  00  00  00  00  00 | 00  00  00  00  00  00  00  00 
-60-  00  00  00  00  00  00  00  00 | 00  00  00  00  00  00  00  00 
-70-  00  00  00  00  00  00  00  00 | 00  00  00  00  00  00  00  00 
-80-  00  00  00  00  00  00  00  00 | 00  00  00  00  00  00  00  00 
-90-  00  00  00  00  00  00  00  00 | 00  00  00  00  00  00  00  00 
-A0-  00  00  00  00  00  00  00  00 | 00  00  00  00  00  00  00  00 
-B0-  00  00  00  00  00  00  00  00 | 00  00  00  00  00  00  00  00 
-C0-  00  00  00  00  00  00  00  00 | 00  00  00  00  00  00  00  00 
-D0-  00  00  00  00  00  00  00  00 | 00  00  00  00  00  00  00  00 
-E0-  00  00  00  00  00  00  00  00 | 00  00  00  00  00  00  00  00 
-F0-  00  00  00  00  00  00  00  00 | 00  00  00  00  00  00  00  00 



BANK 1636
------00--01--02--03--04--05--06--07-|-08--09--0A--0B--0C--0D--0E--0F-
----------------------------------------------------------------------
-00-  00  00  00  00  00  00  00  00 | 00  00  00  00  00  00  00  00 
-10-  00  00  00  00  00  00  00  00 | 00  00  00  00  00  00  00  00 
-20-  00  00  00  00  00  00  00  00 | 00  00  00  00  00  00  00  00 
-30-  00  00  00  00  00  00  00  00 | 00  00  00  00  00  00  00  00 
-40-  00  00  00  00  00  00  00  00 | 00  00  00  00  00  00  00  00 
-50-  00  00  00  00  00  00  00  00 | 00  00  00  00  00  00  00  00 
-60-  00  00  00  00  00  00  00  00 | 00  00  00  00  00  00  00  00 
-70-  00  00  00  00  00  00  00  00 | 00  00  00  00  00  00  00  00 
-80-  00  00  00  00  00  00  00  00 | 00  00  00  00  00  00  00  00 
-90-  00  00  00  00  00  00  00  00 | 00  00  00  00  00  00  00  00 
-A0-  00  00  00  00  00  00  00  00 | 00  00  00  00  00  00  00  00 
-B0-  00  00  00  00  00  00  00  00 | 00  00  00  00  00  00  00  00 
-C0-  00  00  00  00  00  00  00  00 | 00  00  00  00  00  00  00  00 
-D0-  00  00  00  00  00  00  00  00 | 00  00  00  00  00  00  00  00 
-E0-  00  00  00  00  00  00  00  00 | 00  00  00  00  00  00  00  00 
-F0-  00  00  00  00  00  00  00  00 | 00  00  00  00  00  00  00  00 



BANK 1637
------00--01--02--03--04--05--06--07-|-08--09--0A--0B--0C--0D--0E--0F-
----------------------------------------------------------------------
-00-  00  00  00  00  00  00  00  00 | 00  00  00  00  00  00  00  00 
-10-  00  00  00  00  00  00  00  00 | 00  00  00  00  00  00  00  00 
-20-  00  00  00  00  00  00  00  00 | 00  00  00  00  00  00  00  00 
-30-  00  00  00  00  00  00  00  00 | 00  00  00  00  00  00  00  00 
-40-  00  00  00  00  00  00  00  00 | 00  00  00  00  00  00  00  00 
-50-  00  00  00  00  00  00  00  00 | 00  00  00  00  00  00  00  00 
-60-  00  00  00  00  00  00  00  00 | 00  00  00  00  00  00  00  00 
-70-  00  00  00  00  00  00  00  00 | 00  00  00  00  00  00  00  00 
-80-  00  00  00  00  00  00  00  00 | 00  00  00  00  00  00  00  00 
-90-  00  00  00  00  00  00  00  00 | 00  00  00  00  00  00  00  00 
-A0-  00  00  00  00  00  00  00  00 | 00  00  00  00  00  00  00  00 
-B0-  00  00  00  00  00  00  00  00 | 00  00  00  00  00  00  00  00 
-C0-  00  00  00  00  00  00  00  00 | 00  00  00  00  00  00  00  00 
-D0-  00  00  00  00  00  00  00  00 | 00  00  00  00  00  00  00  00 
-E0-  00  00  00  00  00  00  00  00 | 00  00  00  00  00  00  00  00 
-F0-  00  00  00  00  00  00  00  00 | 00  00  00  00  00  00  00  00 



BANK 1638
------00--01--02--03--04--05--06--07-|-08--09--0A--0B--0C--0D--0E--0F-
----------------------------------------------------------------------
-00-  00  00  00  00  00  00  00  00 | 00  00  00  00  00  00  00  00 
-10-  00  00  00  00  00  00  00  00 | 00  00  00  00  00  00  00  00 
-20-  00  00  00  00  00  00  00  00 | 00  00  00  00  00  00  00  00 
-30-  00  00  00  00  00  00  00  00 | 00  00  00  00  00  00  00  00 
-40-  00  00  00  00  00  00  00  00 | 00  00  00  00  00  00  00  00 
-50-  00  00  00  00  00  00  00  00 | 00  00  00  00  00  00  00  00 
-60-  00  00  00  00  00  00  00  00 | 00  00  00  00  00  00  00  00 
-70-  00  00  00  00  00  00  00  00 | 00  00  00  00  00  00  00  00 
-80-  00  00  00  00  00  00  00  00 | 00  00  00  00  00  00  00  00 
-90-  00  00  00  00  00  00  00  00 | 00  00  00  00  00  00  00  00 
-A0-  00  00  00  00  00  00  00  00 | 00  00  00  00  00  00  00  00 
-B0-  00  00  00  00  00  00  00  00 | 00  00  00  00  00  00  00  00 
-C0-  00  00  00  00  00  00  00  00 | 00  00  00  00  00  00  00  00 
-D0-  00  00  00  00  00  00  00  00 | 00  00  00  00  00  00  00  00 
-E0-  00  00  00  00  00  00  00  00 | 00  00  00  00  00  00  00  00 
-F0-  00  00  00  00  00  00  00  00 | 00  00  00  00  00  00  00  00 



BANK 1639
------00--01--02--03--04--05--06--07-|-08--09--0A--0B--0C--0D--0E--0F-
----------------------------------------------------------------------
-00-  00  00  00  00  00  00  00  00 | 00  00  00  00  00  00  00  00 
-10-  00  00  00  00  00  00  00  00 | 00  00  00  00  00  00  00  00 
-20-  00  00  00  00  00  00  00  00 | 00  00  00  00  00  00  00  00 
-30-  00  00  00  00  00  00  00  00 | 00  00  00  00  00  00  00  00 
-40-  00  00  00  00  00  00  00  00 | 00  00  00  00  00  00  00  00 
-50-  00  00  00  00  00  00  00  00 | 00  00  00  00  00  00  00  00 
-60-  00  00  00  00  00  00  00  00 | 00  00  00  00  00  00  00  00 
-70-  00  00  00  00  00  00  00  00 | 00  00  00  00  00  00  00  00 
-80-  00  00  00  00  00  00  00  00 | 00  00  00  00  00  00  00  00 
-90-  00  00  00  00  00  00  00  00 | 00  00  00  00  00  00  00  00 
-A0-  00  00  00  00  00  00  00  00 | 00  00  00  00  00  00  00  00 
-B0-  00  00  00  00  00  00  00  00 | 00  00  00  00  00  00  00  00 
-C0-  00  00  00  00  00  00  00  00 | 00  00  00  00  00  00  00  00 
-D0-  00  00  00  00  00  00  00  00 | 00  00  00  00  00  00  00  00 
-E0-  00  00  00  00  00  00  00  00 | 00  00  00  00  00  00  00  00 
-F0-  00  00  00  00  00  00  00  00 | 00  00  00  00  00  00  00  00 



BANK 163A
------00--01--02--03--04--05--06--07-|-08--09--0A--0B--0C--0D--0E--0F-
----------------------------------------------------------------------
-00-  00  00  00  00  00  00  00  00 | 00  00  00  00  00  00  00  00 
-10-  00  00  00  00  00  00  00  00 | 00  00  00  00  00  00  00  00 
-20-  00  00  00  00  00  00  00  00 | 00  00  00  00  00  00  00  00 
-30-  00  00  00  00  00  00  00  00 | 00  00  00  00  00  00  00  00 
-40-  00  00  00  00  00  00  00  00 | 00  00  00  00  00  00  00  00 
-50-  00  00  00  00  00  00  00  00 | 00  00  00  00  00  00  00  00 
-60-  00  00  00  00  00  00  00  00 | 00  00  00  00  00  00  00  00 
-70-  00  00  00  00  00  00  00  00 | 00  00  00  00  00  00  00  00 
-80-  00  00  00  00  00  00  00  00 | 00  00  00  00  00  00  00  00 
-90-  00  00  00  00  00  00  00  00 | 00  00  00  00  00  00  00  00 
-A0-  00  00  00  00  00  00  00  00 | 00  00  00  00  00  00  00  00 
-B0-  00  00  00  00  00  00  00  00 | 00  00  00  00  00  00  00  00 
-C0-  00  00  00  00  00  00  00  00 | 00  00  00  00  00  00  00  00 
-D0-  00  00  00  00  00  00  00  00 | 00  00  00  00  00  00  00  00 
-E0-  00  00  00  00  00  00  00  00 | 00  00  00  00  00  00  00  00 
-F0-  00  00  00  00  00  00  00  00 | 00  00  00  00  00  00  00  00 



BANK 163B
------00--01--02--03--04--05--06--07-|-08--09--0A--0B--0C--0D--0E--0F-
----------------------------------------------------------------------
-00-  00  00  00  00  00  00  00  00 | 00  00  00  00  00  00  00  00 
-10-  00  00  00  00  00  00  00  00 | 00  00  00  00  00  00  00  00 
-20-  00  00  00  00  00  00  00  00 | 00  00  00  00  00  00  00  00 
-30-  00  00  00  00  00  00  00  00 | 00  00  00  00  00  00  00  00 
-40-  00  00  00  00  00  00  00  00 | 00  00  00  00  00  00  00  00 
-50-  00  00  00  00  00  00  00  00 | 00  00  00  00  00  00  00  00 
-60-  00  00  00  00  00  00  00  00 | 00  00  00  00  00  00  00  00 
-70-  00  00  00  00  00  00  00  00 | 00  00  00  00  00  00  00  00 
-80-  00  00  00  00  00  00  00  00 | 00  00  00  00  00  00  00  00 
-90-  00  00  00  00  00  00  00  00 | 00  00  00  00  00  00  00  00 
-A0-  00  00  00  00  00  00  00  00 | 00  00  00  00  00  00  00  00 
-B0-  00  00  00  00  00  00  00  00 | 00  00  00  00  00  00  00  00 
-C0-  00  00  00  00  00  00  00  00 | 00  00  00  00  00  00  00  00 
-D0-  00  00  00  00  00  00  00  00 | 00  00  00  00  00  00  00  00 
-E0-  00  00  00  00  00  00  00  00 | 00  00  00  00  00  00  00  00 
-F0-  00  00  00  00  00  00  00  00 | 00  00  00  00  00  00  00  00 



BANK 163C
------00--01--02--03--04--05--06--07-|-08--09--0A--0B--0C--0D--0E--0F-
----------------------------------------------------------------------
-00-  00  00  00  00  00  00  00  00 | 00  00  00  00  00  00  00  00 
-10-  00  00  00  00  00  00  00  00 | 00  00  00  00  00  00  00  00 
-20-  00  00  00  00  00  00  00  00 | 00  00  00  00  00  00  00  00 
-30-  00  00  00  00  00  00  00  00 | 00  00  00  00  00  00  00  00 
-40-  00  00  00  00  00  00  00  00 | 00  00  00  00  00  00  00  00 
-50-  00  00  00  00  00  00  00  00 | 00  00  00  00  00  00  00  00 
-60-  00  00  00  00  00  00  00  00 | 00  00  00  00  00  00  00  00 
-70-  00  00  00  00  00  00  00  00 | 00  00  00  00  00  00  00  00 
-80-  00  00  00  00  00  00  00  00 | 00  00  00  00  00  00  00  00 
-90-  00  00  00  00  00  00  00  00 | 00  00  00  00  00  00  00  00 
-A0-  00  00  00  00  00  00  00  00 | 00  00  00  00  00  00  00  00 
-B0-  00  00  00  00  00  00  00  00 | 00  00  00  00  00  00  00  00 
-C0-  00  00  00  00  00  00  00  00 | 00  00  00  00  00  00  00  00 
-D0-  00  00  00  00  00  00  00  00 | 00  00  00  00  00  00  00  00 
-E0-  00  00  00  00  00  00  00  00 | 00  00  00  00  00  00  00  00 
-F0-  00  00  00  00  00  00  00  00 | 00  00  00  00  00  00  00  00 



BANK 163D
------00--01--02--03--04--05--06--07-|-08--09--0A--0B--0C--0D--0E--0F-
----------------------------------------------------------------------
-00-  00  00  00  00  00  00  00  00 | 00  00  00  00  00  00  00  00 
-10-  00  00  00  00  00  00  00  00 | 00  00  00  00  00  00  00  00 
-20-  00  00  00  00  00  00  00  00 | 00  00  00  00  00  00  00  00 
-30-  00  00  00  00  00  00  00  00 | 00  00  00  00  00  00  00  00 
-40-  00  00  00  00  00  00  00  00 | 00  00  00  00  00  00  00  00 
-50-  00  00  00  00  00  00  00  00 | 00  00  00  00  00  00  00  00 
-60-  00  00  00  00  00  00  00  00 | 00  00  00  00  00  00  00  00 
-70-  00  00  00  00  00  00  00  00 | 00  00  00  00  00  00  00  00 
-80-  00  00  00  00  00  00  00  00 | 00  00  00  00  00  00  00  00 
-90-  00  00  00  00  00  00  00  00 | 00  00  00  00  00  00  00  00 
-A0-  00  00  00  00  00  00  00  00 | 00  00  00  00  00  00  00  00 
-B0-  00  00  00  00  00  00  00  00 | 00  00  00  00  00  00  00  00 
-C0-  00  00  00  00  00  00  00  00 | 00  00  00  00  00  00  00  00 
-D0-  00  00  00  00  00  00  00  00 | 00  00  00  00  00  00  00  00 
-E0-  00  00  00  00  00  00  00  00 | 00  00  00  00  00  00  00  00 
-F0-  00  00  00  00  00  00  00  00 | 00  00  00  00  00  00  00  00 



BANK 163E
------00--01--02--03--04--05--06--07-|-08--09--0A--0B--0C--0D--0E--0F-
----------------------------------------------------------------------
-00-  00  00  00  00  00  00  00  00 | 00  00  00  00  00  00  00  00 
-10-  00  00  00  00  00  00  00  00 | 00  00  00  00  00  00  00  00 
-20-  00  00  00  00  00  00  00  00 | 00  00  00  00  00  00  00  00 
-30-  00  00  00  00  00  00  00  00 | 00  00  00  00  00  00  00  00 
-40-  00  00  00  00  00  00  00  00 | 00  00  00  00  00  00  00  00 
-50-  00  00  00  00  00  00  00  00 | 00  00  00  00  00  00  00  00 
-60-  00  00  00  00  00  00  00  00 | 00  00  00  00  00  00  00  00 
-70-  00  00  00  00  00  00  00  00 | 00  00  00  00  00  00  00  00 
-80-  00  00  00  00  00  00  00  00 | 00  00  00  00  00  00  00  00 
-90-  00  00  00  00  00  00  00  00 | 00  00  00  00  00  00  00  00 
-A0-  00  00  00  00  00  00  00  00 | 00  00  00  00  00  00  00  00 
-B0-  00  00  00  00  00  00  00  00 | 00  00  00  00  00  00  00  00 
-C0-  00  00  00  00  00  00  00  00 | 00  00  00  00  00  00  00  00 
-D0-  00  00  00  00  00  00  00  00 | 00  00  00  00  00  00  00  00 
-E0-  00  00  00  00  00  00  00  00 | 00  00  00  00  00  00  00  00 
-F0-  00  00  00  00  00  00  00  00 | 00  00  00  00  00  00  00  00 



BANK 163F
------00--01--02--03--04--05--06--07-|-08--09--0A--0B--0C--0D--0E--0F-
----------------------------------------------------------------------
-00-  00  00  00  00  00  00  00  00 | 00  00  00  00  00  00  00  00 
-10-  00  00  00  00  00  00  00  00 | 00  00  00  00  00  00  00  00 
-20-  00  00  00  00  00  00  00  00 | 00  00  00  00  00  00  00  00 
-30-  00  00  00  00  00  00  00  00 | 00  00  00  00  00  00  00  00 
-40-  00  00  00  00  00  00  00  00 | 00  00  00  00  00  00  00  00 
-50-  00  00  00  00  00  00  00  00 | 00  00  00  00  00  00  00  00 
-60-  00  00  00  00  00  00  00  00 | 00  00  00  00  00  00  00  00 
-70-  00  00  00  00  00  00  00  00 | 00  00  00  00  00  00  00  00 
-80-  00  00  00  00  00  00  00  00 | 00  00  00  00  00  00  00  00 
-90-  00  00  00  00  00  00  00  00 | 00  00  00  00  00  00  00  00 
-A0-  00  00  00  00  00  00  00  00 | 00  00  00  00  00  00  00  00 
-B0-  00  00  00  00  00  00  00  00 | 00  00  00  00  00  00  00  00 
-C0-  00  00  00  00  00  00  00  00 | 00  00  00  00  00  00  00  00 
-D0-  00  00  00  00  00  00  00  00 | 00  00  00  00  00  00  00  00 
-E0-  00  00  00  00  00  00  00  00 | 00  00  00  00  00  00  00  00 
-F0-  00  00  00  00  00  00  00  00 | 00  00  00  00  00  00  00  00 



